ID	GeneID	geneSymbol	chr	strand	riExonStart_0base	riExonEnd	upstreamES	upstreamEE	downstreamES	downstreamEE	ID	IJC_SAMPLE_1	SJC_SAMPLE_1	IJC_SAMPLE_2	SJC_SAMPLE_2	IncFormLen	SkipFormLen	PValue	FDR	IncLevel1	IncLevel2	IncLevelDifference
2545	"ENSG00000102119.6"	"EMD"	chrX	+	153608301	153608727	153608301	153608379	153608593	153608727	2545	77,16	491,584	180,96	468,345	197	99	0.0	0.0	0.073,0.014	0.162,0.123	-0.099
5555	"ENSG00000104904.8"	"OAZ1"	chr19	+	2271383	2271953	2271383	2271529	2271780	2271953	5555	55,54	3109,3244	208,116	1938,1561	197	99	0.0	0.0	0.009,0.008	0.051,0.036	-0.035
7423	"ENSG00000198830.6"	"HMGN2"	chr1	+	26799973	26800626	26799973	26800223	26800575	26800626	7423	201,51	3259,2125	432,287	2746,2305	197	99	0.0	0.0	0.03,0.012	0.073,0.059	-0.045
2116	"ENSG00000108654.7"	"DDX5"	chr17	-	62498279	62498667	62498279	62498341	62498556	62498667	2116	57,85	939,788	156,110	494,460	197	99	3.33066907388e-16	3.17212922596e-13	0.03,0.051	0.137,0.107	-0.082
6708	"ENSG00000168488.14"	"ATXN2L"	chr16	+	28847253	28848558	28847253	28847443	28848048	28848558	6708	323,254	93,103	574,389	45,28	197	99	3.33066907388e-16	3.17212922596e-13	0.636,0.553	0.865,0.875	-0.275
2235	"ENSG00000158864.8"	"NDUFS2"	chr1	+	161183653	161184185	161183653	161183711	161183945	161184185	2235	0,0	111,128	42,22	148,121	197	99	2.05724326463e-13	1.63276540436e-10	0.0,0.0	0.125,0.084	-0.105
449	"ENSG00000071082.6"	"RPL31"	chr2	+	101618754	101619270	101618754	101618777	101619163	101619270	449	134,28	1757,1016	38,37	3035,2285	197	99	5.66102720256e-13	3.85111593408e-10	0.037,0.014	0.006,0.008	0.018
4346	"ENSG00000160633.8"	"SAFB"	chr19	+	5667363	5667897	5667363	5667461	5667830	5667897	4346	0,0	107,151	26,12	96,69	197	99	2.46946907367e-12	1.4699514661e-09	0.0,0.0	0.12,0.08	-0.1
6037	"ENSG00000123136.10"	"DDX39A"	chr19	-	14523362	14524036	14523362	14523490	14523824	14524036	6037	0,0	150,192	24,13	122,97	197	99	9.25115539729e-12	4.89488911132e-09	0.0,0.0	0.09,0.063	-0.076
6514	"ENSG00000117410.9"	"ATP6V0B"	chr1	+	44442697	44443967	44442697	44442888	44443652	44443967	6514	100,106	374,605	183,96	274,198	197	99	1.16833209773e-11	5.56359744939e-09	0.118,0.081	0.251,0.196	-0.124
4607	"ENSG00000175197.6"	"DDIT3"	chr12	-	57911051	57911536	57911051	57911221	57911488	57911536	4607	0,0	39,44	123,75	216,169	197	99	2.42607045564e-11	1.05026795543e-08	0.0,0.0	0.222,0.182	-0.202
66	"ENSG00000110321.11"	"EIF4G2"	chr11	-	10825833	10826562	10825833	10825965	10826459	10826562	66	7,12	871,1301	50,31	750,591	197	99	3.83651999059e-11	1.52245901627e-08	0.004,0.005	0.032,0.026	-0.024
1654	"ENSG00000100650.11"	"SRSF5"	chr14	+	70235514	70235968	70235514	70235613	70235898	70235968	1654	76,38	534,485	148,99	442,364	197	99	1.39617761796e-10	5.11430601287e-08	0.067,0.038	0.144,0.12	-0.08
2328	"ENSG00000134107.4"	"BHLHE40"	chr3	+	5021646	5022093	5021646	5021716	5021985	5022093	2328	14,0	321,160	61,29	316,218	197	99	5.92949134237e-10	2.0168741266e-07	0.021,0.0	0.088,0.063	-0.065
6276	"ENSG00000117616.13"	"C1orf63"	chr1	-	25570040	25571792	25570040	25570124	25571640	25571792	6276	200,233	20,0	215,150	64,45	197	99	8.98555785334e-10	2.85261509984e-07	0.834,1.0	0.628,0.626	0.29
7496	"ENSG00000076382.12"	"SPAG5"	chr17	-	26906158	26906503	26906158	26906270	26906382	26906503	7496	18,0	246,362	53,33	328,240	197	99	1.00444619289e-09	2.98948298159e-07	0.035,0.0	0.075,0.065	-0.053
64	"ENSG00000110321.11"	"EIF4G2"	chr11	-	10821098	10821895	10821098	10821303	10821636	10821895	64	3,114	919,1005	99,67	608,491	197	99	1.54001389419e-09	4.31385068478e-07	0.002,0.054	0.076,0.064	-0.042
5966	"ENSG00000158850.10"	"B4GALT3"	chr1	-	161143394	161143839	161143394	161143517	161143648	161143839	5966	3,4	111,204	28,18	124,102	197	99	3.23425852766e-09	8.55641061595e-07	0.013,0.01	0.102,0.081	-0.08
4414	"ENSG00000175061.13"	"C17orf76-AS1"	chr17	+	16342640	16343017	16342640	16342728	16342841	16343017	4414	41,4	146,380	87,69	244,193	197	99	6.81321887797e-09	1.7076078051e-06	0.124,0.005	0.152,0.152	-0.087
6719	"ENSG00000168003.12"	"SLC3A2"	chr11	+	62652648	62653080	62652648	62652829	62652936	62653080	6719	0,0	229,118	48,26	428,311	197	99	9.45771616578e-09	2.25188221907e-06	0.0,0.0	0.053,0.04	-0.046
4202	"ENSG00000101557.10"	"USP14"	chr18	+	209970	210493	209970	210031	210385	210493	4202	16,76	396,522	77,56	279,247	197	99	6.57154316519e-08	1.42244038876e-05	0.02,0.068	0.122,0.102	-0.068
5108	"ENSG00000234741.3"	"GAS5"	chr1	-	173834366	173834685	173834366	173834420	173834647	173834685	5108	181,367	280,516	846,575	623,446	197	99	6.42157608199e-08	1.42244038876e-05	0.245,0.263	0.406,0.393	-0.146
5931	"ENSG00000125733.13"	"TRIP10"	chr19	+	6743204	6743609	6743204	6743267	6743504	6743609	5931	0,0	83,111	18,11	101,71	197	99	8.15886593841e-08	1.68923998255e-05	0.0,0.0	0.082,0.072	-0.077
331	"ENSG00000198258.6"	"UBL5"	chr19	+	9939002	9939351	9939002	9939069	9939267	9939351	331	26,75	555,354	12,10	409,341	197	99	1.05356446789e-07	2.09044749837e-05	0.023,0.096	0.015,0.015	0.044
3982	"ENSG00000092199.13"	"HNRNPC"	chr14	-	21677294	21679725	21677294	21679465	21679564	21679725	3982	67,245	1291,721	56,50	1082,929	197	99	2.1860115329e-07	4.16391476787e-05	0.025,0.146	0.025,0.026	0.06
5046	"ENSG00000090316.11"	"MAEA"	chr4	+	1332209	1333924	1332209	1332405	1332861	1333924	5046	9,11	197,194	29,16	108,92	197	99	3.94850912744e-07	7.23184633264e-05	0.022,0.028	0.119,0.08	-0.075
756	"ENSG00000070761.3"	"C16orf80"	chr16	-	58148713	58149361	58148713	58148824	58149172	58149361	756	1,0	66,118	15,8	73,50	197	99	4.29592490025e-07	7.5767386574e-05	0.008,0.0	0.094,0.074	-0.08
5422	"ENSG00000096746.13"	"HNRNPH3"	chr10	+	70096955	70098444	70096955	70097090	70098259	70098444	5422	60,108	121,153	145,77	93,62	197	99	1.3124939201e-06	0.000223217715983	0.199,0.262	0.439,0.384	-0.181
4402	"ENSG00000113013.8"	"HSPA9"	chr5	-	137892462	137893185	137892462	137892555	137893090	137893185	4402	53,17	1398,1656	87,57	1403,1300	197	99	2.78033286005e-06	0.00045654983033	0.019,0.005	0.03,0.022	-0.014
4028	"ENSG00000103168.12"	"TAF1C"	chr16	-	84213775	84214792	84213775	84213950	84214648	84214792	4028	41,44	59,66	68,47	32,24	197	99	3.01551685167e-06	0.000478663041588	0.259,0.251	0.516,0.496	-0.251
4997	"ENSG00000099901.12"	"RANBP1"	chr22	+	20113825	20114704	20113825	20113891	20114474	20114704	4997	114,136	3042,2885	173,113	1881,1723	197	99	3.78849085103e-06	0.000581961078471	0.018,0.023	0.044,0.032	-0.018
3221	"ENSG00000172053.10"	"QARS"	chr3	-	49135424	49135913	49135424	49135550	49135624	49135913	3221	28,28	432,164	10,8	383,296	172	99	5.37072865248e-06	0.000799231557597	0.036,0.089	0.015,0.015	0.048
5101	"ENSG00000234741.3"	"GAS5"	chr1	-	173833394	173833842	173833394	173833442	173833812	173833842	5101	281,418	18,0	532,430	53,41	197	99	5.75744912457e-06	0.000830817355491	0.887,1.0	0.835,0.841	0.106
1973	"ENSG00000221968.4"	"FADS3"	chr11	-	61643830	61644435	61643830	61643927	61644337	61644435	1973	229,80	134,60	210,144	59,42	197	99	6.37940450621e-06	0.000893491889958	0.462,0.401	0.641,0.633	-0.206
4904	"ENSG00000110619.12"	"CARS"	chr11	-	3047905	3050314	3047905	3048027	3050225	3050314	4904	11,0	68,47	46,33	101,76	197	99	7.05131240997e-06	0.000959381419894	0.075,0.0	0.186,0.179	-0.145
6040	"ENSG00000123136.10"	"DDX39A"	chr19	-	14520553	14521146	14520553	14520685	14521027	14521146	6040	60,60	224,296	104,67	189,152	197	99	7.31608137594e-06	0.000967754986451	0.119,0.092	0.217,0.181	-0.094
786	"ENSG00000141504.7"	"SAT2"	chr17	-	7530460	7530732	7530460	7530544	7530680	7530732	786	0,0	19,23	10,4	11,6	197	99	7.77265014107e-06	0.00100036108032	0.0,0.0	0.314,0.251	-0.282
148	"ENSG00000198901.9"	"PRC1"	chr15	-	91524728	91525211	91524728	91524899	91524977	91525211	148	29,54	358,408	77,44	271,223	176	99	9.28358765984e-06	0.00116338011674	0.044,0.069	0.138,0.1	-0.063
4594	"ENSG00000103496.10"	"STX4"	chr16	+	31045546	31045857	31045546	31045646	31045782	31045857	4594	12,8	57,111	23,16	50,30	197	99	1.06392358593e-05	0.00129907797851	0.096,0.035	0.188,0.211	-0.134
75	"ENSG00000130600.11"	"H19"	chr11	-	2017105	2017421	2017105	2017228	2017308	2017421	75	3,5	16,3	2,2	122,113	178	99	1.18312956922e-05	0.00140851575216	0.094,0.481	0.009,0.01	0.278
2868	"ENSG00000147403.12"	"RPL10"	chrX	+	153627694	153627935	153627694	153627737	153627827	153627935	2868	48,58	4728,4432	56,64	1509,1940	188	99	1.31269934152e-05	0.00148835101531	0.005,0.007	0.019,0.017	-0.012
6513	"ENSG00000117410.9"	"ATP6V0B"	chr1	+	44441973	44442331	44441973	44442051	44442261	44442331	6513	0,35	347,577	33,16	260,189	197	99	1.30002424018e-05	0.00148835101531	0.0,0.03	0.06,0.041	-0.036
6706	"ENSG00000168488.14"	"ATXN2L"	chr16	+	28847253	28848558	28847253	28847806	28848048	28848558	6706	312,282	31,66	573,398	29,21	197	99	1.8256122822e-05	0.0019758103836	0.835,0.682	0.909,0.905	-0.149
7454	"ENSG00000169045.13"	"HNRNPH1"	chr5	-	179044799	179045061	179044799	179044933	179044989	179045061	7454	105,179	2074,1238	280,185	1580,1428	154	99	1.79162832967e-05	0.0019758103836	0.032,0.085	0.102,0.077	-0.031
830	"ENSG00000139613.7"	"SMARCC2"	chr12	-	56572187	56572631	56572187	56572318	56572593	56572631	830	69,31	525,470	90,63	427,317	197	99	2.03740360766e-05	0.00215602577326	0.062,0.032	0.096,0.091	-0.046
7493	"ENSG00000076382.12"	"SPAG5"	chr17	-	26905027	26905310	26905027	26905108	26905235	26905310	7493	37,7	236,278	63,35	275,182	197	99	2.26903677522e-05	0.00234894633122	0.073,0.012	0.103,0.088	-0.053
2494	"ENSG00000122566.16"	"HNRNPA2B1"	chr7	-	26231920	26232148	26231920	26231958	26232114	26232148	2494	45,172	985,186	34,30	780,680	197	99	2.55436762941e-05	0.00258806354282	0.022,0.317	0.021,0.022	0.148
2028	"ENSG00000129460.11"	"NGDN"	chr14	+	23946408	23946769	23946408	23946565	23946711	23946769	2028	14,8	127,204	24,16	100,73	197	99	2.71195184468e-05	0.00269048222591	0.052,0.019	0.108,0.099	-0.068
120	"ENSG00000101158.8"	"NELFCD"	chr20	+	57569696	57570188	57569696	57569879	57569980	57570188	120	479,675	0,9	370,279	15,10	197	99	3.34859714181e-05	0.0032542897121	1.0,0.974	0.925,0.933	0.058
2394	"ENSG00000144021.2"	"CIAO1"	chr2	+	96934194	96935093	96934194	96934396	96935005	96935093	2394	130,66	238,211	132,108	159,123	197	99	3.80676707864e-05	0.0036255649657	0.215,0.136	0.294,0.306	-0.124
5216	"ENSG00000172262.7"	"ZNF131"	chr5	+	43161350	43162033	43161350	43161708	43161810	43162033	5216	57,15	155,132	59,37	92,64	197	99	3.90653817601e-05	0.00364763427336	0.156,0.054	0.244,0.225	-0.13
4412	"ENSG00000175061.13"	"C17orf76-AS1"	chr17	+	16342640	16343567	16342640	16342728	16343498	16343567	4412	70,37	3175,251	88,69	4726,3711	197	99	4.07544195407e-05	0.00373216434332	0.011,0.069	0.009,0.009	0.031
3949	"ENSG00000143418.15"	"CERS2"	chr1	-	150939231	150939678	150939231	150939338	150939549	150939678	3949	1,28	672,1094	40,23	784,580	197	99	4.55417814308e-05	0.00409188609761	0.001,0.013	0.025,0.02	-0.015
67	"ENSG00000110321.11"	"EIF4G2"	chr11	-	10825026	10825597	10825026	10825137	10825445	10825597	67	12,41	761,866	42,28	509,409	197	99	4.96805758854e-05	0.00438109078456	0.008,0.023	0.04,0.033	-0.021
4297	"ENSG00000160201.7"	"U2AF1"	chr21	-	44513065	44514673	44513065	44513359	44514580	44514673	4297	13,13	287,213	39,20	211,180	197	99	5.45472548529e-05	0.00472280050199	0.022,0.03	0.085,0.053	-0.043
1109	"ENSG00000172432.14"	"GTPBP2"	chr6	-	43588226	43589904	43588226	43589527	43589739	43589904	1109	52,0	305,205	68,50	291,238	197	99	5.88662501746e-05	0.00500573363092	0.079,0.0	0.105,0.095	-0.061
6108	"ENSG00000178252.13"	"WDR6"	chr3	+	49049067	49051726	49049067	49051549	49051642	49051726	6108	7,11	42,62	22,15	30,24	191	99	6.47490887349e-05	0.00540938878168	0.08,0.084	0.275,0.245	-0.178
3422	"ENSG00000143621.12"	"ILF2"	chr1	-	153635494	153635752	153635494	153635609	153635690	153635752	3422	0,14	569,647	27,15	512,433	179	99	7.27805107523e-05	0.0059428901683	0.0,0.012	0.028,0.019	-0.018
7406	"ENSG00000132950.14"	"ZMYM5"	chr13	-	20425494	20426330	20425494	20425588	20425828	20426330	7406	4,0	29,27	11,6	15,9	197	99	7.36309365665e-05	0.0059428901683	0.065,0.0	0.269,0.251	-0.228
2673	"ENSG00000198563.9"	"DDX39B"	chr6	-	31500556	31503262	31500556	31500688	31503143	31503262	2673	597,286	470,536	574,440	258,248	197	99	8.57063728686e-05	0.00680222912667	0.39,0.211	0.528,0.471	-0.199
2867	"ENSG00000147403.12"	"RPL10"	chrX	+	153628143	153628967	153628143	153628282	153628804	153628967	2867	160,124	4862,3079	301,206	5004,3500	197	99	9.10640440556e-05	0.00710896684906	0.016,0.02	0.029,0.029	-0.011
4608	"ENSG00000175197.6"	"DDIT3"	chr12	-	57911051	57911536	57911051	57911207	57911488	57911536	4608	0,35	14,16	320,234	35,24	197	99	9.57545575057e-05	0.00732448110981	0.0,0.524	0.821,0.831	-0.564
536	"ENSG00000185813.6"	"PCYT2"	chr17	-	79865429	79865733	79865429	79865474	79865648	79865733	536	3,1	155,89	12,9	89,83	197	99	9.69009470638e-05	0.00732448110981	0.01,0.006	0.063,0.052	-0.049
6258	"ENSG00000265681.2"	"RPL17"	chr18	-	47017901	47018203	47017901	47017954	47018105	47018203	6258	616,659	221,249	689,545	453,289	197	99	0.000105911424889	0.00788047195815	0.583,0.571	0.433,0.487	0.117
243	"ENSG00000155363.14"	"MOV10"	chr1	+	113240908	113241411	113240908	113241100	113241336	113241411	243	103,38	137,59	106,73	72,48	197	99	0.000127411139799	0.00926179979816	0.274,0.245	0.425,0.433	-0.169
6247	"ENSG00000160679.8"	"CHTOP"	chr1	+	153609047	153610924	153609047	153609129	153610770	153610924	6247	45,50	165,231	66,46	125,98	197	99	0.000128365977883	0.00926179979816	0.121,0.098	0.21,0.191	-0.091
6702	"ENSG00000168488.14"	"ATXN2L"	chr16	+	28847253	28848558	28847253	28847443	28848071	28848558	6702	377,289	59,50	581,390	46,32	197	99	0.000133852381729	0.00951350808647	0.763,0.744	0.864,0.86	-0.108
5110	"ENSG00000234741.3"	"GAS5"	chr1	-	173833394	173834420	173833394	173833842	173834366	173834420	5110	145,194	717,1669	417,328	1889,1254	197	99	0.000145428737973	0.0101842889739	0.092,0.055	0.1,0.116	-0.035
2159	"ENSG00000204256.8"	"BRD2"	chr6	+	32944338	32945347	32944338	32944713	32945218	32945347	2159	111,134	394,510	64,46	439,308	197	99	0.00015258706198	0.0105307186833	0.124,0.117	0.068,0.07	0.051
1592	"ENSG00000114857.13"	"NKTR"	chr3	+	42661507	42663008	42661507	42661535	42662920	42663008	1592	71,119	12,7	52,41	21,16	197	99	0.000158787059714	0.0108020568337	0.748,0.895	0.554,0.563	0.263
3379	"ENSG00000013441.11"	"CLK1"	chr2	-	201721613	201722607	201721613	201721708	201722440	201722607	3379	14,0	83,69	27,16	78,51	197	99	0.000164165645294	0.0110106591956	0.078,0.0	0.148,0.136	-0.103
2307	"ENSG00000161981.6"	"SNRNP25"	chr16	+	105776	106613	105776	105882	106538	106613	2307	6,9	308,306	21,13	215,195	197	99	0.000180919252793	0.0118018833123	0.01,0.015	0.047,0.032	-0.027
4963	"ENSG00000185686.13"	"PRAME"	chr22	-	22899231	22900000	22899231	22899506	22899964	22900000	4963	972,620	25,6	987,816	52,32	197	99	0.000179283740117	0.0118018833123	0.951,0.981	0.905,0.928	0.049
1622	"ENSG00000100359.16"	"SGSM3"	chr22	+	40804936	40805376	40804936	40805022	40805253	40805376	1622	16,7	20,16	35,24	12,9	197	99	0.000188714335997	0.0121440225408	0.287,0.18	0.594,0.573	-0.35
800	"ENSG00000241370.1"	"RPP21"	chr6	+	30312935	30313175	30312935	30313005	30313074	30313175	800	62,100	168,254	37,25	187,146	167	99	0.000220430678945	0.0139958785751	0.18,0.189	0.105,0.092	0.086
5749	"ENSG00000011243.13"	"AKAP8L"	chr19	-	15514285	15514853	15514285	15514526	15514820	15514853	5749	8,0	191,337	19,10	252,176	197	99	0.000228185345513	0.0142976133596	0.021,0.0	0.037,0.028	-0.022
2452	"ENSG00000100983.5"	"GSS"	chr20	-	33530290	33530809	33530290	33530430	33530733	33530809	2452	63,41	289,267	89,66	247,192	197	99	0.00025002247279	0.0153904765428	0.099,0.072	0.153,0.147	-0.065
2635	"ENSG00000108465.10"	"CDK5RAP3"	chr17	+	46050884	46051397	46050884	46051016	46051296	46051397	2635	67,28	213,129	91,61	164,117	197	99	0.000252090963952	0.0153904765428	0.136,0.098	0.218,0.208	-0.096
344	"ENSG00000101843.14"	"PSMD10"	chrX	-	107331182	107331329	107331182	107331202	107331325	107331329	344	220,189	11,2	225,175	25,18	197	99	0.000256710810233	0.0154741377004	0.91,0.979	0.819,0.83	0.12
13	"ENSG00000145191.7"	"EIF2B5"	chr3	+	183860839	183861353	183860839	183860930	183861229	183861353	13	40,50	155,167	60,41	94,80	197	99	0.000262888618992	0.0156484450455	0.115,0.131	0.243,0.205	-0.101
3333	"ENSG00000143543.10"	"JTB"	chr1	-	153949168	153949489	153949168	153949251	153949451	153949489	3333	73,60	407,288	99,71	267,217	197	99	0.000267432276522	0.0157223765531	0.083,0.095	0.157,0.141	-0.06
5850	"ENSG00000171453.13"	"POLR1C"	chr6	+	43487443	43487923	43487443	43487576	43487803	43487923	5850	48,27	259,483	61,39	261,215	197	99	0.000280512426017	0.0162902460085	0.085,0.027	0.105,0.084	-0.038
4019	"ENSG00000161016.11"	"RPL8"	chr8	-	146016661	146016880	146016661	146016692	146016755	146016880	4019	5948,5261	342,300	3900,3397	354,284	161	99	0.000285560200832	0.0163835864622	0.914,0.915	0.871,0.88	0.039
307	"ENSG00000184661.9"	"CDCA2"	chr8	+	25317755	25318070	25317755	25317816	25317899	25318070	307	17,13	135,108	33,22	99,71	181	99	0.000312121325587	0.0176943065767	0.064,0.062	0.154,0.145	-0.086
994	"ENSG00000182199.6"	"SHMT2"	chr12	+	57627785	57628509	57627785	57627893	57628016	57628509	994	28,28	364,96	25,13	387,314	197	99	0.000317909559082	0.0178104155335	0.037,0.128	0.031,0.02	0.057
117	"ENSG00000101158.8"	"NELFCD"	chr20	+	57568678	57569294	57568678	57568819	57569164	57569294	117	99,85	448,515	131,92	375,302	197	99	0.00033520489267	0.0185609964988	0.1,0.077	0.149,0.133	-0.053
4966	"ENSG00000185686.13"	"PRAME"	chr22	-	22899231	22900000	22899231	22899350	22899964	22900000	4966	791,298	1213,1642	647,533	897,747	197	99	0.00035480976134	0.019420736592	0.247,0.084	0.266,0.264	-0.1
1282	"ENSG00000156261.8"	"CCT8"	chr21	-	30439036	30439392	30439036	30439098	30439211	30439392	1282	19,48	1117,643	16,10	912,791	197	99	0.000385312041388	0.0208506356942	0.008,0.036	0.009,0.006	0.014
3132	"ENSG00000172732.7"	"MUS81"	chr11	+	65632190	65632616	65632190	65632286	65632487	65632616	3132	44,40	76,73	58,33	43,28	197	99	0.000413887742014	0.0221453194098	0.225,0.216	0.404,0.372	-0.168
5722	"ENSG00000140553.12"	"UNC45A"	chr15	+	91492883	91493497	91492883	91492950	91493383	91493497	5722	9,4	32,41	26,14	35,24	197	99	0.000471052117386	0.0249238909221	0.124,0.047	0.272,0.227	-0.164
7340	"ENSG00000166508.13"	"MCM7"	chr7	-	99696645	99697026	99696645	99696826	99696901	99697026	7340	33,71	1641,2183	68,56	1344,1215	173	99	0.000516376946793	0.0270218353915	0.011,0.018	0.028,0.026	-0.013
115	"ENSG00000101158.8"	"NELFCD"	chr20	+	57563968	57564695	57563968	57564076	57564542	57564695	115	23,27	196,321	45,29	195,158	197	99	0.00052648312475	0.0272512243485	0.056,0.041	0.104,0.084	-0.045
3043	"ENSG00000106263.13"	"EIF3B"	chr7	+	2418323	2418877	2418323	2418401	2418768	2418877	3043	15,4	712,649	27,15	564,438	197	99	0.000540744976009	0.0276117046236	0.01,0.003	0.023,0.017	-0.013
5175	"ENSG00000079616.8"	"KIF22"	chr16	+	29809913	29810505	29809913	29810068	29810295	29810505	5175	34,27	518,657	56,32	464,375	197	99	0.000545044148387	0.0276117046236	0.032,0.02	0.057,0.041	-0.023
1559	"ENSG00000122952.12"	"ZWINT"	chr10	-	58119778	58120144	58119778	58119902	58120053	58120144	1559	67,84	208,345	95,71	190,149	197	99	0.000572003208229	0.0286724134483	0.139,0.109	0.201,0.193	-0.073
4942	"ENSG00000185088.8"	"RPS27L"	chr15	-	63446051	63447930	63446051	63446259	63447819	63447930	4942	3,0	171,182	11,6	149,109	197	99	0.000623624954548	0.0309343961829	0.009,0.0	0.036,0.027	-0.027
6193	"ENSG00000135597.14"	"REPS1"	chr6	-	139247537	139251235	139247537	139247618	139251113	139251235	6193	2,0	54,66	6,4	32,21	197	99	0.000656506018687	0.0319008332754	0.018,0.0	0.086,0.087	-0.077
7494	"ENSG00000076382.12"	"SPAG5"	chr17	-	26906768	26907138	26906768	26906855	26907026	26907138	7494	18,43	380,419	64,41	402,302	197	99	0.000650283994753	0.0319008332754	0.023,0.049	0.074,0.064	-0.033
1137	"ENSG00000149136.3"	"SSRP1"	chr11	-	57094176	57094988	57094176	57094363	57094899	57094988	1137	8,10	641,472	25,15	473,393	197	99	0.000669058547243	0.0321823919391	0.006,0.011	0.026,0.019	-0.014
593	"ENSG00000256269.2"	"HMBS"	chr11	+	118962834	118963233	118962834	118962873	118963113	118963233	593	36,21	156,125	61,45	141,114	197	99	0.000693557475684	0.0330272069921	0.104,0.078	0.179,0.166	-0.081
4267	"ENSG00000068308.9"	"OTUD5"	chrX	-	48791736	48792140	48791736	48791885	48791968	48792140	4267	18,22	23,34	32,24	15,11	181	99	0.000707606856252	0.033362612371	0.3,0.261	0.539,0.544	-0.261
1651	"ENSG00000088970.11"	"PLK1S1"	chr20	+	21224882	21227260	21224882	21224926	21227116	21227260	1651	6,7	13,29	16,9	10,7	197	99	0.000788588279874	0.0364588095996	0.188,0.108	0.446,0.393	-0.271
2629	"ENSG00000108465.10"	"CDK5RAP3"	chr17	+	46051765	46052703	46051765	46051814	46052524	46052703	2629	265,109	147,108	270,195	96,70	197	99	0.000782811032818	0.0364588095996	0.475,0.337	0.586,0.583	-0.178
4462	"ENSG00000166986.8"	"MARS"	chr12	+	57905790	57906136	57905790	57905886	57906085	57906136	4462	223,80	12,10	342,306	8,6	197	99	0.000804185669734	0.0365793335484	0.903,0.801	0.956,0.962	-0.107
4917	"ENSG00000179889.14"	"PDXDC1"	chr16	+	15125591	15126836	15125591	15125763	15126717	15126836	4917	4,15	61,129	23,14	76,51	197	99	0.000806558173578	0.0365793335484	0.032,0.055	0.132,0.121	-0.083
1431	"ENSG00000087274.12"	"ADD1"	chr4	+	2910241	2911158	2910241	2910331	2911065	2911158	1431	2,9	9,14	18,10	4,4	197	99	0.00086136517349	0.0386964241147	0.1,0.244	0.693,0.557	-0.453
6921	"ENSG00000067064.6"	"IDI1"	chr10	-	1089240	1090111	1089240	1089333	1089938	1090111	6921	9,19	203,501	30,20	266,255	197	99	0.000919575553666	0.0409254092202	0.022,0.019	0.054,0.038	-0.026
4356	"ENSG00000146083.7"	"RNF44"	chr5	-	175956731	175957207	175956731	175956819	175957082	175957207	4356	35,43	64,53	77,44	51,33	197	99	0.00100460832637	0.0442957856498	0.216,0.29	0.431,0.401	-0.163
4295	"ENSG00000160201.7"	"U2AF1"	chr21	-	44520562	44524512	44520562	44520629	44524424	44524512	4295	35,26	827,668	48,33	538,484	197	99	0.00103468919001	0.0452035772736	0.021,0.019	0.043,0.033	-0.018
4738	"ENSG00000077454.11"	"LRCH4"	chr7	-	100174316	100174628	100174316	100174400	100174524	100174628	4738	17,30	44,40	41,25	28,16	197	99	0.00108813727691	0.0471064519331	0.163,0.274	0.424,0.44	-0.213
5344	"ENSG00000105401.2"	"CDC37"	chr19	-	10505903	10506219	10505903	10506019	10506110	10506219	5344	247,160	603,580	219,171	404,341	189	99	0.00110989226614	0.0476153781203	0.177,0.126	0.221,0.208	-0.063
4562	"ENSG00000168283.9"	"BMI1"	chr10	+	22615359	22615915	22615359	22615490	22615818	22615915	4562	20,11	390,291	25,19	228,188	197	99	0.00124616108215	0.0529840988678	0.025,0.019	0.052,0.048	-0.028
3168	"ENSG00000171863.8"	"RPS7"	chr2	+	3622947	3623274	3622947	3623038	3623190	3623274	3168	7196,6775	63,41	4736,3768	66,44	197	99	0.00126787129151	0.0534301158422	0.983,0.988	0.973,0.977	0.011
6631	"ENSG00000131795.8"	"RBM8A"	chr1	+	145508015	145508611	145508015	145508284	145508474	145508611	6631	33,46	1571,1821	50,31	1012,879	197	99	0.0014348912746	0.0599381776285	0.01,0.013	0.024,0.017	-0.009
6867	"ENSG00000204628.7"	"GNB2L1"	chr5	-	180668491	180669345	180668491	180668639	180669169	180669345	6867	93,220	4,4	92,69	10,7	197	99	0.00146935969694	0.0608442684942	0.921,0.965	0.822,0.832	0.116
773	"ENSG00000100099.16"	"HPS4"	chr22	-	26861420	26862228	26861420	26861517	26862191	26862228	773	9,5	45,22	17,10	21,15	197	99	0.00152806397566	0.0627296607939	0.091,0.103	0.289,0.251	-0.173
7288	"ENSG00000111641.6"	"NOP2"	chr12	-	6669263	6669735	6669263	6669492	6669612	6669735	7288	27,11	82,62	24,17	36,27	197	99	0.00156442015406	0.0636732373815	0.142,0.082	0.251,0.24	-0.134
84	"ENSG00000100181.17"	"TPTEP1"	chr22	+	17094966	17096001	17094966	17095068	17095588	17096001	84	1403,1470	205,257	1602,1087	165,121	197	99	0.00163049325843	0.0658000753953	0.775,0.742	0.83,0.819	-0.066
3883	"ENSG00000147274.10"	"RBMX"	chrX	-	135954426	135957327	135954426	135954504	135957244	135957327	3883	114,118	66,49	83,70	83,60	197	99	0.00166241719089	0.0665246274203	0.465,0.548	0.334,0.37	0.155
2472	"ENSG00000147162.9"	"OGT"	chrX	+	70764416	70767873	70764416	70764485	70767756	70767873	2472	344,176	53,37	399,307	36,30	197	99	0.00178200922766	0.0707160661843	0.765,0.705	0.848,0.837	-0.108
3092	"ENSG00000135018.9"	"UBQLN1"	chr9	-	86281264	86284242	86281264	86281348	86284099	86284242	3092	5,3	405,443	14,7	276,215	197	99	0.00182736908582	0.0719167899725	0.006,0.003	0.025,0.016	-0.016
6340	"ENSG00000173812.6"	"EIF1"	chr17	+	39846029	39846441	39846029	39846193	39846339	39846441	6340	109,0	1149,1009	153,114	1949,1549	197	99	0.00187931435437	0.0733548766845	0.046,0.0	0.038,0.036	-0.014
6707	"ENSG00000168488.14"	"ATXN2L"	chr16	+	28847253	28847806	28847253	28847443	28847769	28847806	6707	170,144	14,32	222,157	10,8	197	99	0.00192792384129	0.0746404335953	0.859,0.693	0.918,0.908	-0.137
6048	"ENSG00000162032.11"	"SPSB3"	chr16	-	1827946	1828613	1827946	1828049	1828134	1828613	6048	4,1	44,41	15,9	53,29	183	99	0.00194638150904	0.0747473285972	0.047,0.013	0.133,0.144	-0.109
1234	"ENSG00000073060.11"	"SCARB1"	chr12	-	125267228	125271049	125267228	125267357	125270902	125271049	1234	83,39	84,62	94,64	56,42	197	99	0.0020306545889	0.0773598172187	0.332,0.24	0.458,0.434	-0.16
1273	"ENSG00000149600.7"	"COMMD7"	chr20	-	31290504	31291873	31290504	31291260	31291824	31291873	1273	1,15	82,88	24,12	81,54	197	99	0.00210691838636	0.0796281377448	0.006,0.079	0.13,0.1	-0.073
5011	"ENSG00000251022.2"	"THAP9-AS1"	chr4	-	83821229	83821719	83821229	83821376	83821486	83821719	5011	18,18	272,187	6,4	224,180	197	99	0.00215455807352	0.0807874452449	0.032,0.046	0.013,0.011	0.027
1128	"ENSG00000102103.11"	"PQBP1"	chrX	+	48759509	48760072	48759509	48759661	48760008	48760072	1128	502,256	4,18	472,382	3,3	197	99	0.00221108133647	0.0809936101867	0.984,0.877	0.988,0.985	-0.056
5527	"ENSG00000145916.14"	"RMND5B"	chr5	+	177570627	177571109	177570627	177570728	177570942	177571109	5527	2,2	64,41	9,7	39,34	197	99	0.00221084189715	0.0809936101867	0.015,0.024	0.104,0.094	-0.08
6404	"ENSG00000132424.10"	"PNISR"	chr6	-	99862447	99864304	99862447	99862566	99864224	99864304	6404	7,1	128,289	11,8	142,116	197	99	0.00220734309505	0.0809936101867	0.027,0.002	0.037,0.033	-0.021
1228	"ENSG00000103051.14"	"COG4"	chr16	-	70542308	70543291	70542308	70542367	70543133	70543291	1228	44,53	32,41	23,18	42,29	197	99	0.00235866151919	0.08574004698	0.409,0.394	0.216,0.238	0.174
5217	"ENSG00000134222.12"	"PSRC1"	chr1	-	109825139	109825353	109825139	109825197	109825301	109825353	5217	0,0	92,81	8,7	120,92	197	99	0.00240177921337	0.086646004652	0.0,0.0	0.032,0.037	-0.035
3174	"ENSG00000178950.12"	"GAK"	chr4	-	844723	845762	844723	844872	845537	845762	3174	53,22	85,106	60,39	71,47	197	99	0.00274706940326	0.098357477431	0.239,0.094	0.298,0.294	-0.13
2841	"ENSG00000100201.14"	"DDX17"	chr22	-	38883883	38888120	38883883	38884120	38888060	38888120	2841	663,220	303,279	579,432	186,135	197	99	0.0028464639705	0.100535247488	0.524,0.284	0.61,0.617	-0.209
4361	"ENSG00000178149.12"	"DALRD3"	chr3	-	49053405	49053773	49053405	49053493	49053590	49053773	4361	57,26	2,1	32,19	8,5	195	99	0.00285011726393	0.100535247488	0.935,0.93	0.67,0.659	0.268
1291	"ENSG00000163516.9"	"ANKZF1"	chr2	+	220097800	220098155	220097800	220097913	220098007	220098155	1291	24,27	58,52	46,24	42,27	192	99	0.00290031405933	0.101553643754	0.176,0.211	0.361,0.314	-0.144
1543	"ENSG00000161217.7"	"PCYT1A"	chr3	-	195974237	195975194	195974237	195974389	195975077	195975194	1543	3,5	90,91	10,5	49,38	197	99	0.00294906892394	0.101764247941	0.016,0.027	0.093,0.062	-0.056
3996	"ENSG00000111665.7"	"CDCA3"	chr12	-	6959630	6960173	6959630	6959760	6959996	6960173	3996	3,6	79,77	18,9	79,57	197	99	0.0029337222926	0.101764247941	0.019,0.038	0.103,0.074	-0.06
3103	"ENSG00000161960.10"	"EIF4A1"	chr17	+	7481144	7481562	7481144	7481234	7481482	7481562	3103	117,51	1643,2033	135,93	1713,1508	197	99	0.00298594232866	0.102295376756	0.035,0.012	0.038,0.03	-0.011
1784	"ENSG00000042429.6"	"MED17"	chr11	+	93526893	93527201	93526893	93527030	93527116	93527201	1784	5,7	90,169	13,9	86,66	184	99	0.00300874494326	0.102340310141	0.029,0.022	0.075,0.068	-0.046
4271	"ENSG00000133606.6"	"MKRN1"	chr7	-	140154894	140155700	140154894	140155033	140155589	140155700	4271	29,21	255,592	37,25	311,213	197	99	0.00309858221696	0.104648571044	0.054,0.018	0.056,0.056	-0.02
4549	"ENSG00000120699.8"	"EXOSC8"	chr13	+	37577070	37578698	37577070	37577144	37578652	37578698	4549	59,109	157,122	67,42	198,173	197	99	0.00314051904006	0.105317969498	0.159,0.31	0.145,0.109	0.107
4427	"ENSG00000255717.2"	"SNHG1"	chr11	-	62622359	62622688	62622359	62622410	62622604	62622688	4427	0,152	118,309	179,131	394,288	197	99	0.00318046314333	0.105911646773	0.0,0.198	0.186,0.186	-0.087
5702	"ENSG00000204536.9"	"CCHCR1"	chr6	-	31112463	31112850	31112463	31112565	31112661	31112850	5702	20,28	28,25	12,9	39,26	194	99	0.00354305805869	0.117166961635	0.267,0.364	0.136,0.15	0.172
5127	"ENSG00000165792.13"	"METTL17"	chr14	+	21461276	21462222	21461276	21461350	21462127	21462222	5127	5,68	44,76	66,44	47,37	197	99	0.00357532443452	0.117418585912	0.054,0.31	0.414,0.374	-0.212
7138	"ENSG00000168137.11"	"SETD5"	chr3	+	9516132	9516840	9516132	9516266	9516751	9516840	7138	38,50	151,239	63,40	147,111	197	99	0.00387092864063	0.126255905388	0.112,0.095	0.177,0.153	-0.061
6901	"ENSG00000100906.6"	"NFKBIA"	chr14	-	35871599	35872065	35871599	35871869	35871976	35872065	6901	0,0	47,37	6,2	35,23	197	99	0.00389820677322	0.126280684722	0.0,0.0	0.079,0.042	-0.06
1103	"ENSG00000128191.9"	"DGCR8"	chr22	+	20077191	20077781	20077191	20077334	20077498	20077781	1103	198,228	75,100	252,186	63,46	197	99	0.00393718330633	0.12668153314	0.57,0.534	0.668,0.67	-0.117
1176	"ENSG00000105373.14"	"GLTSCR2"	chr19	+	48259012	48259861	48259012	48259079	48259784	48259861	1176	16,36	253,107	23,17	325,233	197	99	0.00402630533874	0.128679637739	0.031,0.145	0.034,0.035	0.053
2985	"ENSG00000171720.5"	"HDAC3"	chr5	-	141007680	141008206	141007680	141007754	141008125	141008206	2985	11,9	213,337	24,15	249,199	197	99	0.00408890950978	0.129809247237	0.025,0.013	0.046,0.036	-0.022
6168	"ENSG00000149743.9"	"TRPT1"	chr11	-	63991756	63992189	63991756	63991813	63992014	63992189	6168	30,8	49,46	35,21	34,23	197	99	0.00419215257592	0.132205500441	0.235,0.08	0.341,0.315	-0.171
4281	"ENSG00000214517.4"	"PPME1"	chr11	+	73961998	73962760	73961998	73962063	73962692	73962760	4281	10,0	92,82	16,8	77,54	197	99	0.00428521103183	0.13334496895	0.052,0.0	0.095,0.069	-0.056
562	"ENSG00000213930.7"	"GALT"	chr9	+	34647653	34647958	34647653	34647702	34647828	34647958	562	20,6	35,10	25,17	16,9	197	99	0.00431229005005	0.13334496895	0.223,0.232	0.44,0.487	-0.236
5820	"ENSG00000092203.9"	"TOX4"	chr14	+	21955609	21957009	21955609	21955852	21956748	21957009	5820	3,3	54,89	10,6	52,39	197	99	0.00425680795606	0.13334496895	0.027,0.017	0.088,0.072	-0.058
65	"ENSG00000110321.11"	"EIF4G2"	chr11	-	10823207	10823756	10823207	10823321	10823595	10823756	65	16,25	915,1219	29,17	675,533	197	99	0.00457983439726	0.140704331611	0.009,0.01	0.021,0.016	-0.009
1108	"ENSG00000172432.14"	"GTPBP2"	chr6	-	43592624	43593297	43592624	43592799	43593099	43593297	1108	195,87	224,126	304,211	269,164	197	99	0.00484940751042	0.14803127285	0.304,0.258	0.362,0.393	-0.096
6592	"ENSG00000100417.7"	"PMM1"	chr22	-	41979962	41980376	41979962	41980062	41980284	41980376	6592	0,2	61,65	7,5	57,39	197	99	0.00495727263889	0.150360078385	0.0,0.015	0.058,0.061	-0.052
4147	"ENSG00000130714.11"	"POMT1"	chr9	+	134385289	134385802	134385289	134385383	134385646	134385802	4147	11,21	26,36	21,16	16,11	197	99	0.00507025571638	0.151852564286	0.175,0.227	0.397,0.422	-0.208
6278	"ENSG00000117616.13"	"C1orf63"	chr1	-	25568739	25569196	25568739	25568917	25569029	25569196	6278	517,340	27,35	409,316	16,9	197	99	0.00504416749865	0.151852564286	0.906,0.83	0.928,0.946	-0.069
1865	"ENSG00000166333.9"	"ILK"	chr11	+	6629923	6630387	6629923	6630198	6630301	6630387	1865	8,16	140,44	36,19	91,67	197	99	0.0054599667572	0.162502260611	0.028,0.155	0.166,0.125	-0.054
4257	"ENSG00000079134.7"	"THOC1"	chr18	-	225088	225403	225088	225139	225336	225403	4257	121,113	49,56	131,86	30,23	197	99	0.00564617925276	0.167000655911	0.554,0.503	0.687,0.653	-0.142
1902	"ENSG00000105699.12"	"LSR"	chr19	+	35757581	35757870	35757581	35757641	35757741	35757870	1902	67,127	26,38	94,69	15,10	197	99	0.00580340709557	0.169650708802	0.564,0.627	0.759,0.776	-0.172
4568	"ENSG00000161013.12"	"MGAT4B"	chr5	-	179226505	179227068	179226505	179226636	179226953	179227068	4568	38,21	114,24	20,12	99,63	197	99	0.00584265355806	0.169650708802	0.143,0.305	0.092,0.087	0.134
4724	"ENSG00000141456.10"	"PELP1"	chr17	-	4578568	4579179	4578568	4578657	4579091	4579179	4724	7,2	48,60	11,8	38,29	197	99	0.00582665984904	0.169650708802	0.068,0.016	0.127,0.122	-0.082
6102	"ENSG00000148334.10"	"PTGES2"	chr9	-	130884640	130885413	130884640	130884758	130885212	130885413	6102	36,26	131,128	48,33	107,78	197	99	0.00589166364141	0.170036983396	0.121,0.093	0.184,0.175	-0.072
6540	"ENSG00000113240.8"	"CLK4"	chr5	-	178044344	178045779	178044344	178044435	178045556	178045779	6540	25,22	25,23	14,8	34,24	197	99	0.0060534586814	0.173654037595	0.334,0.325	0.171,0.143	0.173
661	"ENSG00000141551.10"	"CSNK1D"	chr17	-	80203851	80206890	80203851	80203915	80206750	80206890	661	24,12	59,48	19,15	24,19	197	99	0.0061287746538	0.174761825757	0.17,0.112	0.285,0.284	-0.143
182	"ENSG00000115446.7"	"UNC50"	chr2	+	99225041	99226502	99225041	99225189	99226218	99226502	182	20,20	50,125	34,24	64,52	197	99	0.00624737080786	0.177083213018	0.167,0.074	0.211,0.188	-0.079
2283	"ENSG00000102901.8"	"CENPT"	chr16	-	67865914	67866448	67865914	67866011	67866130	67866448	2283	23,23	119,94	11,7	116,81	197	99	0.0065803839659	0.185418866542	0.089,0.109	0.045,0.042	0.056
865	"ENSG00000115875.14"	"SRSF7"	chr2	-	38975720	38976847	38975720	38975795	38976670	38976847	865	160,149	608,349	107,81	434,408	197	99	0.00666982774502	0.186833645422	0.117,0.177	0.11,0.091	0.046
6330	"ENSG00000075415.8"	"SLC25A3"	chr12	+	98987752	98989626	98987752	98987913	98989504	98989626	6330	17,23	428,470	35,23	391,296	197	99	0.00676059560304	0.188268750068	0.02,0.024	0.043,0.038	-0.018
2864	"ENSG00000120889.8"	"TNFRSF10B"	chr8	-	22885843	22886115	22885843	22885954	22886041	22886115	2864	22,104	15,50	86,55	22,13	185	99	0.00684920553974	0.189627423141	0.44,0.527	0.677,0.694	-0.202
2211	"ENSG00000127054.14"	"CPSF3L"	chr1	-	1247605	1248080	1247605	1247881	1247972	1248080	2211	0,0	75,91	5,2	62,46	189	99	0.00697678786087	0.192043143315	0.0,0.0	0.041,0.022	-0.032
3357	"ENSG00000013573.12"	"DDX11"	chr12	+	31242336	31243028	31242336	31242424	31242819	31243028	3357	23,19	34,73	33,23	33,26	197	99	0.007302858281	0.197592108717	0.254,0.116	0.334,0.308	-0.136
5841	"ENSG00000156976.10"	"EIF4A2"	chr3	+	186502352	186503840	186502352	186502485	186503671	186503840	5841	27,119	95,229	111,76	153,113	197	99	0.00730006347089	0.197592108717	0.125,0.207	0.267,0.253	-0.094
7576	"ENSG00000003756.12"	"RBM5"	chr3	+	50154506	50154812	50154506	50154604	50154682	50154812	7576	5,13	179,132	19,11	125,89	176	99	0.00729182484939	0.197592108717	0.015,0.052	0.079,0.065	-0.039
2125	"ENSG00000164548.6"	"TRA2A"	chr7	-	23561325	23562051	23561325	23561459	23561739	23562051	2125	113,59	14,19	92,66	6,3	197	99	0.00740627904827	0.199258196768	0.802,0.609	0.885,0.917	-0.196
7500	"ENSG00000168906.8"	"MAT2A"	chr2	+	85769277	85769870	85769277	85769496	85769687	85769870	7500	149,201	1115,1187	187,133	795,687	197	99	0.0076161136849	0.203752434649	0.063,0.078	0.106,0.089	-0.027
1050	"ENSG00000116691.6"	"MIIP"	chr1	+	12089279	12090181	12089279	12089951	12090084	12090181	1050	35,31	45,52	61,35	46,27	197	99	0.00768050664704	0.204327221526	0.281,0.231	0.4,0.394	-0.141
2550	"ENSG00000187514.10"	"PTMA"	chr2	+	232576057	232576693	232576057	232576129	232576599	232576693	2550	208,282	2807,3197	376,349	3365,3152	197	99	0.00779946139607	0.206339084267	0.036,0.042	0.053,0.053	-0.014
7457	"ENSG00000169045.13"	"HNRNPH1"	chr5	-	179043126	179044111	179043126	179043219	179043869	179044111	7457	97,161	1182,803	214,127	993,793	197	99	0.00790795252316	0.208053424946	0.04,0.092	0.098,0.074	-0.02
7326	"ENSG00000172932.10"	"ANKRD13D"	chr11	+	67066528	67067082	67066528	67066595	67067000	67067082	7326	13,12	77,64	19,13	47,31	197	99	0.00817476225449	0.2138913069	0.078,0.086	0.169,0.174	-0.089
5592	"ENSG00000060138.8"	"YBX3"	chr12	-	10862506	10865932	10862506	10862713	10865809	10865932	5592	18,17	101,42	12,7	104,78	197	99	0.00832148809223	0.216540580848	0.082,0.169	0.055,0.043	0.076
5376	"ENSG00000165795.16"	"NDRG2"	chr14	-	21486615	21486843	21486615	21486663	21486785	21486843	5376	2,2	19,16	2,2	2,2	197	99	0.00838500238524	0.217007507383	0.05,0.059	0.334,0.334	-0.28
4878	"ENSG00000140525.13"	"FANCI"	chr15	+	89824995	89826481	89824995	89825066	89826366	89826481	4878	34,36	73,57	60,44	59,47	197	99	0.0088527347175	0.22787417689	0.19,0.241	0.338,0.32	-0.114
2854	"ENSG00000130299.12"	"GTPBP3"	chr19	+	17449762	17450075	17449762	17449835	17449931	17450075	2854	32,8	53,41	37,25	39,28	194	99	0.00899868072021	0.230385578439	0.236,0.091	0.326,0.313	-0.156
3618	"ENSG00000164896.15"	"FASTK"	chr7	-	150774396	150774867	150774396	150774488	150774707	150774867	3618	40,35	97,93	49,34	71,47	197	99	0.00919645221015	0.234189868581	0.172,0.159	0.258,0.267	-0.097
5241	"ENSG00000112739.12"	"PRPF4B"	chr6	+	4056554	4057421	4056554	4056669	4057269	4057421	5241	65,45	89,109	94,58	79,73	197	99	0.00953793311781	0.240704105436	0.268,0.172	0.374,0.285	-0.11
6384	"ENSG00000147454.9"	"SLC25A37"	chr8	+	23423620	23425891	23423620	23424326	23425834	23425891	6384	1249,332	126,85	1087,629	93,54	197	99	0.00960390172885	0.240704105436	0.833,0.662	0.855,0.854	-0.107
7437	"ENSG00000100911.9"	"PSME2"	chr14	-	24613608	24614482	24613608	24614364	24614451	24614482	7437	9,20	143,108	4,3	113,83	185	99	0.00956697581474	0.240704105436	0.033,0.09	0.019,0.019	0.042
5096	"ENSG00000234741.3"	"GAS5"	chr1	-	173834994	173835344	173834994	173835032	173835314	173835344	5096	86,157	438,1073	180,140	1637,1134	197	99	0.00967610306305	0.241243993645	0.09,0.068	0.052,0.058	0.024
1161	"ENSG00000156983.11"	"BRPF1"	chr3	+	9787256	9787614	9787256	9787393	9787495	9787614	1161	39,39	17,35	20,14	33,23	197	99	0.00986871999134	0.244764815619	0.536,0.359	0.233,0.234	0.214
2112	"ENSG00000108654.7"	"DDX5"	chr17	-	62496666	62498187	62496666	62496891	62498127	62498187	2112	697,539	653,593	540,460	380,366	197	99	0.0101466412207	0.247786182015	0.349,0.314	0.417,0.387	-0.071
3101	"ENSG00000161960.10"	"EIF4A1"	chr17	+	7479841	7480483	7479841	7480010	7480373	7480483	3101	38,32	1619,2201	60,39	1667,1505	197	99	0.0101033496062	0.247786182015	0.012,0.007	0.018,0.013	-0.006
6539	"ENSG00000113240.8"	"CLK4"	chr5	-	178043882	178045779	178043882	178043949	178044344	178045779	6539	24,24	5,3	21,12	12,8	197	99	0.0100956881222	0.247786182015	0.707,0.801	0.468,0.43	0.305
3031	"ENSG00000129657.10"	"SEC14L1"	chr17	+	75084830	75085353	75084830	75085031	75085234	75085353	3031	19,17	90,55	24,17	48,31	197	99	0.0102481339858	0.248987826737	0.096,0.134	0.201,0.216	-0.094
6881	"ENSG00000215021.4"	"PHB2"	chr12	-	7076838	7077184	7076838	7076942	7077054	7077184	6881	70,125	1025,748	60,44	784,640	197	99	0.0109914083154	0.265690793898	0.033,0.077	0.037,0.033	0.02
7426	"ENSG00000198830.6"	"HMGN2"	chr1	+	26800193	26800626	26800193	26800308	26800575	26800626	7426	208,27	9,13	415,272	14,9	197	99	0.0110568138609	0.265921957604	0.921,0.511	0.937,0.938	-0.222
2101	"ENSG00000160714.5"	"UBE2Q1"	chr1	-	154524879	154525296	154524879	154524940	154525211	154525296	2101	2,2	178,128	8,4	116,93	197	99	0.0111282183518	0.26629435071	0.006,0.008	0.033,0.021	-0.02
7472	"ENSG00000174483.15"	"BBS1"	chr11	+	66283163	66283404	66283163	66283202	66283331	66283404	7472	1,0	38,30	4,2	20,12	197	99	0.0113896109012	0.271186635558	0.013,0.0	0.091,0.077	-0.077
1144	"ENSG00000110497.10"	"AMBRA1"	chr11	-	46563494	46564948	46563494	46564531	46564801	46564948	1144	14,8	17,28	18,12	12,8	197	99	0.0118964229283	0.281659333223	0.293,0.126	0.43,0.43	-0.221
7308	"ENSG00000143578.11"	"CREB3L4"	chr1	+	153941405	153941931	153941405	153941652	153941809	153941931	7308	2,0	31,11	7,4	18,12	197	99	0.0119477499603	0.281659333223	0.031,0.0	0.163,0.143	-0.138
4254	"ENSG00000148444.11"	"COMMD3"	chr10	+	22607200	22607642	22607200	22607235	22607581	22607642	4254	21,37	229,249	31,21	139,104	197	99	0.0121367612228	0.284705699226	0.044,0.069	0.101,0.092	-0.04
7267	"ENSG00000026652.9"	"AGPAT4"	chr6	-	161574377	161575342	161574377	161574531	161575180	161575342	7267	19,10	22,17	20,13	9,7	197	99	0.0123144321942	0.287457480925	0.303,0.228	0.528,0.483	-0.24
1968	"ENSG00000140416.15"	"TPM1"	chr15	+	63353396	63354476	63353396	63353472	63354413	63354476	1968	7,5	109,97	17,11	107,79	197	99	0.0125012054949	0.290200479194	0.031,0.025	0.074,0.065	-0.042
514	"ENSG00000103507.9"	"BCKDK"	chr16	+	31120993	31121445	31120993	31121104	31121397	31121445	514	0,6	108,87	9,5	74,54	197	99	0.0125538216535	0.290200479194	0.0,0.033	0.058,0.044	-0.035
1268	"ENSG00000162512.11"	"SDC3"	chr1	-	31349398	31351587	31349398	31350012	31351469	31351587	1268	5,3	53,40	9,5	31,18	197	99	0.0129015050251	0.294294313445	0.045,0.036	0.127,0.122	-0.084
5290	"ENSG00000142541.12"	"RPL13A"	chr19	+	49993106	49993554	49993106	49993347	49993488	49993554	5290	6,4	6,6	31,20	10,5	197	99	0.0129163190907	0.294294313445	0.334,0.251	0.609,0.668	-0.346
7285	"ENSG00000004534.10"	"RBM6"	chr3	+	50098894	50099541	50098894	50098980	50099394	50099541	7285	64,31	169,91	85,58	133,110	197	99	0.0127964822699	0.294294313445	0.16,0.146	0.243,0.209	-0.073
2865	"ENSG00000147403.12"	"RPL10"	chrX	+	153628804	153629254	153628804	153628967	153629057	153629254	2865	0,2295	5,1	959,1299	2,3	188	99	0.0132474376038	0.29897771502	0.0,0.999	0.996,0.996	-0.496
6306	"ENSG00000065029.10"	"ZNF76"	chr6	+	35253904	35254176	35253904	35253985	35254098	35254176	6306	6,0	48,51	8,5	35,23	197	99	0.0132172068627	0.29897771502	0.059,0.0	0.103,0.098	-0.071
1585	"ENSG00000186815.8"	"TPCN1"	chr12	+	113729678	113730878	113729678	113729763	113730738	113730878	1585	9,10	30,31	14,8	16,10	197	99	0.0134161614103	0.299942538196	0.131,0.139	0.305,0.287	-0.161
466	"ENSG00000137309.15"	"HMGA1"	chr6	+	34204649	34205094	34204649	34204740	34204980	34205094	466	22,38	184,227	18,14	241,173	197	99	0.0134114468972	0.299942538196	0.057,0.078	0.036,0.039	0.03
5716	"ENSG00000167645.12"	"YIF1B"	chr19	-	38798067	38798392	38798067	38798161	38798236	38798392	5716	38,59	441,322	77,42	339,252	173	99	0.0135380411743	0.301253047065	0.047,0.095	0.115,0.087	-0.03
3915	"ENSG00000100075.5"	"SLC25A1"	chr22	-	19164179	19164416	19164179	19164206	19164358	19164416	3915	16,23	1056,247	14,8	860,670	197	99	0.0136037830043	0.301307975193	0.008,0.045	0.008,0.006	0.019
2866	"ENSG00000147403.12"	"RPL10"	chrX	+	153628143	153628967	153628143	153628282	153628815	153628967	2866	6158,4190	15,9	6229,4485	43,35	197	99	0.0136798918884	0.301590949873	0.995,0.996	0.986,0.985	0.01
3046	"ENSG00000106263.13"	"EIF3B"	chr7	+	2405951	2406226	2405951	2406083	2406159	2406226	3046	10,31	518,391	34,22	375,314	174	99	0.0139461755442	0.304577017318	0.011,0.043	0.049,0.038	-0.017
5154	"ENSG00000186652.5"	"PRG2"	chr11	-	57156049	57156790	57156049	57156181	57156482	57156790	5154	4,28	130,140	5,3	133,69	197	99	0.0138853142618	0.304577017318	0.015,0.091	0.019,0.021	0.033
6259	"ENSG00000265681.2"	"RPL17"	chr18	-	47017901	47018203	47017901	47017954	47018115	47018203	6259	998,1088	23,38	1116,879	60,35	197	99	0.0140072168821	0.304577017318	0.956,0.935	0.903,0.927	0.03
1215	"ENSG00000137207.7"	"YIPF3"	chr6	-	43480806	43481189	43480806	43480938	43481096	43481189	1215	0,17	113,214	15,10	124,88	197	99	0.0143431627233	0.307667301299	0.0,0.038	0.057,0.054	-0.037
3354	"ENSG00000013573.12"	"DDX11"	chr12	+	31241977	31243028	31241977	31242085	31242336	31243028	3354	1,6	93,100	9,8	81,65	197	99	0.0143122885167	0.307667301299	0.005,0.029	0.053,0.058	-0.038
6482	"ENSG00000167748.6"	"KLK1"	chr19	-	51323154	51323699	51323154	51323291	51323409	51323699	6482	21,7	76,26	11,7	96,57	197	99	0.0142165665482	0.307667301299	0.122,0.119	0.054,0.058	0.065
7436	"ENSG00000100911.9"	"PSME2"	chr14	-	24614918	24615449	24614918	24614981	24615416	24615449	7436	64,56	268,369	77,51	253,187	197	99	0.0145736112931	0.311208685999	0.107,0.071	0.133,0.121	-0.038
4345	"ENSG00000138074.10"	"SLC5A6"	chr2	-	27425680	27426213	27425680	27425748	27426100	27426213	4345	26,31	76,81	27,18	36,29	197	99	0.0146843716955	0.311549395843	0.147,0.161	0.274,0.238	-0.102
5327	"ENSG00000144591.13"	"GMPPA"	chr2	+	220366197	220366759	220366197	220366301	220366572	220366759	5327	20,16	36,79	30,22	44,31	197	99	0.0147204145453	0.311549395843	0.218,0.092	0.255,0.263	-0.104
1306	"ENSG00000106397.7"	"PLOD3"	chr7	-	100856122	100856485	100856122	100856224	100856387	100856485	1306	16,10	75,43	6,4	74,51	197	99	0.0148894521803	0.313732616295	0.097,0.105	0.039,0.038	0.063
3447	"ENSG00000227057.3"	"WDR46"	chr6	-	33248204	33248764	33248204	33248299	33248450	33248764	3447	14,12	113,98	19,12	67,53	197	99	0.0150314892011	0.315330183153	0.059,0.058	0.125,0.102	-0.055
4388	"ENSG00000162298.12"	"SYVN1"	chr11	-	64898744	64899067	64898744	64898844	64898940	64899067	4388	6,6	126,158	16,10	143,102	194	99	0.0153690997443	0.317224611164	0.024,0.019	0.054,0.048	-0.03
555	"ENSG00000213930.7"	"GALT"	chr9	+	34647085	34647958	34647085	34647564	34647653	34647958	555	19,2	46,4	13,12	12,10	187	99	0.0153248185626	0.317224611164	0.179,0.209	0.364,0.388	-0.182
6723	"ENSG00000198930.8"	"CSAG1"	chrX	+	151908777	151909518	151908777	151908928	151909138	151909518	6723	139,72	189,266	144,91	186,118	197	99	0.0153882581224	0.317224611164	0.27,0.12	0.28,0.279	-0.085
74	"ENSG00000182768.7"	"NGRN"	chr15	+	90808890	90809630	90808890	90809002	90809519	90809630	74	12,399	4,5	106,158	0,0	197	99	0.0153658530584	0.317224611164	0.601,0.976	1.0,1.0	-0.212
4579	"ENSG00000008710.13"	"PKD1"	chr16	-	2141781	2142189	2141781	2141907	2142047	2142189	4579	3,3	54,86	9,6	61,40	197	99	0.0159130338082	0.326628737046	0.027,0.017	0.069,0.07	-0.048
1721	"ENSG00000006744.14"	"ELAC2"	chr17	-	12899256	12900002	12899256	12899295	12899863	12900002	1721	2,0	106,73	5,3	61,51	197	99	0.0162032096987	0.327127388273	0.009,0.0	0.04,0.029	-0.03
2872	"ENSG00000164828.13"	"SUN1"	chr7	+	892245	892589	892245	892304	892446	892589	2872	49,17	54,75	45,31	41,29	197	99	0.0163002257844	0.327127388273	0.313,0.102	0.355,0.349	-0.144
3692	"ENSG00000204843.8"	"DCTN1"	chr2	-	74592201	74592784	74592201	74592368	74592641	74592784	3692	9,17	265,141	22,12	147,112	197	99	0.0161193050442	0.327127388273	0.017,0.057	0.07,0.051	-0.023
5324	"ENSG00000144591.13"	"GMPPA"	chr2	+	220370179	220370483	220370179	220370277	220370436	220370483	5324	51,96	33,76	102,65	45,28	197	99	0.016130530979	0.327127388273	0.437,0.388	0.533,0.538	-0.123
6332	"ENSG00000157379.9"	"DHRS1"	chr14	-	24760344	24760831	24760344	24760425	24760761	24760831	6332	9,15	11,31	16,10	9,7	197	99	0.0163375762014	0.327127388273	0.291,0.196	0.472,0.418	-0.201
6382	"ENSG00000147454.9"	"SLC25A37"	chr8	+	23423620	23425891	23423620	23423849	23425834	23425891	6382	2296,964	50,21	2015,1174	24,16	197	99	0.0163494998759	0.327127388273	0.958,0.958	0.977,0.974	-0.018
168	"ENSG00000196547.10"	"MAN2A2"	chr15	+	91456502	91456868	91456502	91456604	91456707	91456868	168	455,274	6,25	390,236	6,4	197	99	0.0164847698111	0.327970081235	0.974,0.846	0.97,0.967	-0.058
4934	"ENSG00000076108.7"	"BAZ2A"	chr12	-	57008797	57009391	57008797	57008912	57009002	57009391	4934	381,266	18,27	299,223	10,7	188	99	0.016529361507	0.327970081235	0.918,0.838	0.94,0.944	-0.064
3157	"ENSG00000075624.9"	"ACTB"	chr7	-	5567911	5569031	5567911	5568350	5568791	5569031	3157	73,0	4169,5586	92,62	3208,2409	197	99	0.0169409017922	0.334740972342	0.009,0.0	0.014,0.013	-0.009
5132	"ENSG00000165792.13"	"METTL17"	chr14	+	21464059	21464451	21464059	21464110	21464367	21464451	5132	49,62	124,213	86,55	153,120	197	99	0.0171331150059	0.336429845117	0.166,0.128	0.22,0.187	-0.056
5237	"ENSG00000101365.16"	"IDH3B"	chr20	-	2640344	2640822	2640344	2640439	2640675	2640822	5237	35,36	100,127	51,31	84,71	197	99	0.0171676716429	0.336429845117	0.15,0.125	0.234,0.18	-0.07
501	"ENSG00000071894.10"	"CPSF1"	chr8	-	145620312	145620550	145620312	145620397	145620479	145620550	501	37,52	301,243	71,46	263,194	180	99	0.0172464617453	0.336588732914	0.063,0.105	0.129,0.115	-0.038
5912	"ENSG00000008128.18"	"CDK11A"	chr1	-	1635661	1636094	1635661	1635783	1635988	1636094	5912	23,39	49,51	15,12	52,39	197	99	0.0173215567581	0.336674503192	0.191,0.278	0.127,0.134	0.104
7224	"ENSG00000177138.11"	"FAM9B"	chrX	-	8998301	9000202	8998301	8998401	9000170	9000202	7224	6,3	5,5	3,2	18,11	197	99	0.018077618814	0.349941547936	0.376,0.232	0.077,0.084	0.223
5810	"ENSG00000161638.6"	"ITGA5"	chr12	-	54798213	54798678	54798213	54798259	54798486	54798678	5810	0,4	64,57	10,6	71,47	197	99	0.0181570250886	0.350055682073	0.0,0.034	0.066,0.06	-0.046
318	"ENSG00000160818.12"	"GPATCH4"	chr1	-	156565872	156566270	156565872	156565923	156566178	156566270	318	2,2	91,46	5,5	44,37	197	99	0.0185355176609	0.352518794976	0.011,0.021	0.054,0.064	-0.043
3404	"ENSG00000104327.3"	"CALB1"	chr8	-	91072856	91075381	91072856	91072928	91075327	91075381	3404	0,0	53,30	5,2	45,26	197	99	0.0185027107958	0.352518794976	0.0,0.0	0.053,0.037	-0.045
5511	"ENSG00000146414.11"	"SHPRH"	chr6	-	146275825	146276490	146275825	146275989	146276322	146276490	5511	84,38	13,18	69,53	5,5	197	99	0.018527192636	0.352518794976	0.765,0.515	0.874,0.842	-0.218
7393	"ENSG00000152332.11"	"UHMK1"	chr1	+	162469744	162470894	162469744	162470037	162470702	162470894	7393	3,6	52,99	2,1	138,103	197	99	0.0185808940653	0.352518794976	0.028,0.03	0.007,0.005	0.023
6722	"ENSG00000198930.8"	"CSAG1"	chrX	+	151908777	151909518	151908777	151908979	151909138	151909518	6722	34,24	76,50	43,26	50,33	197	99	0.0187755969411	0.353396808828	0.184,0.194	0.302,0.284	-0.104
7289	"ENSG00000111641.6"	"NOP2"	chr12	-	6669612	6669953	6669612	6669735	6669863	6669953	7289	5,0	108,79	5,4	49,41	197	99	0.018708366512	0.353396808828	0.023,0.0	0.049,0.047	-0.037
4413	"ENSG00000175061.13"	"C17orf76-AS1"	chr17	+	16342640	16343017	16342640	16342728	16342973	16343017	4413	238,499	129,83	393,302	251,200	197	99	0.0189989815371	0.356193504251	0.481,0.751	0.44,0.431	0.18
2346	"ENSG00000127824.9"	"TUBA4A"	chr2	-	220115915	220116435	220115915	220116045	220116286	220116435	2346	4,1	140,92	9,5	109,73	197	99	0.0196584786035	0.364175768733	0.014,0.005	0.04,0.033	-0.027
3679	"ENSG00000165280.11"	"VCP"	chr9	-	35060309	35060920	35060309	35060522	35060797	35060920	3679	1,5	227,279	8,6	196,148	197	99	0.0197556552832	0.364175768733	0.002,0.009	0.02,0.02	-0.015
426	"ENSG00000213593.5"	"TMX2"	chr11	+	57506135	57506511	57506135	57506242	57506445	57506511	426	18,38	383,539	38,26	340,301	197	99	0.0198071239189	0.364175768733	0.023,0.034	0.053,0.042	-0.019
4933	"ENSG00000076108.7"	"BAZ2A"	chr12	-	56998368	56999111	56998368	56998583	56998856	56999111	4933	43,22	83,84	42,31	61,46	197	99	0.0195771240633	0.364175768733	0.207,0.116	0.257,0.253	-0.093
5420	"ENSG00000237765.2"	"FAM200B"	chr4	+	15687858	15688771	15687858	15688085	15688623	15688771	5420	51,35	18,32	62,45	14,10	197	99	0.0197939741435	0.364175768733	0.587,0.355	0.69,0.693	-0.221
239	"ENSG00000170049.5"	"KCNAB3"	chr17	-	7827285	7827583	7827285	7827380	7827462	7827583	239	2,5	4,1	1,1	0,0	180	99	0.0201297291842	0.367271150863	0.216,0.733	1.0,1.0	-0.526
4884	"ENSG00000101782.10"	"RIOK3"	chr18	+	21056969	21057232	21056969	21057050	21057142	21057232	4884	87,43	168,77	62,37	163,125	190	99	0.0200986655139	0.367271150863	0.212,0.225	0.165,0.134	0.069
2172	"ENSG00000182087.8"	"TMEM259"	chr19	-	1011094	1011498	1011094	1011194	1011365	1011498	2172	139,104	374,441	148,111	361,261	197	99	0.0206654937157	0.374011245687	0.157,0.106	0.171,0.176	-0.042
3139	"ENSG00000172660.7"	"TAF15"	chr17	+	34147027	34147441	34147027	34147079	34147335	34147441	3139	2,11	2,26	10,7	5,4	197	99	0.0206190059713	0.374011245687	0.334,0.175	0.501,0.468	-0.23
3851	"ENSG00000126088.8"	"UROD"	chr1	+	45478814	45479026	45478814	45478887	45478963	45479026	3851	199,219	1447,875	110,113	835,817	174	99	0.0207347687655	0.374011245687	0.073,0.125	0.07,0.073	0.027
2613	"ENSG00000184575.7"	"XPOT"	chr12	+	64818817	64819237	64818817	64818918	64819117	64819237	2613	160,66	4,9	258,190	5,4	197	99	0.0209439204023	0.376358297946	0.953,0.787	0.963,0.96	-0.092
5714	"ENSG00000167645.12"	"YIF1B"	chr19	-	38799863	38800283	38799863	38799968	38800044	38800283	5714	38,19	945,706	43,32	782,571	174	99	0.0210240311225	0.376377579719	0.022,0.015	0.03,0.031	-0.012
5779	"ENSG00000229117.4"	"RPL41"	chr12	+	56510564	56510995	56510564	56510647	56510972	56510995	5779	131,220	74,51	219,148	147,109	197	99	0.0212121532957	0.378323123573	0.471,0.684	0.428,0.406	0.16
2587	"ENSG00000138750.10"	"NUP54"	chr4	-	77038816	77039347	77038816	77038927	77039227	77039347	2587	6,16	115,209	16,10	103,82	197	99	0.0213671910057	0.379666281974	0.026,0.037	0.072,0.058	-0.034
3129	"ENSG00000172732.7"	"MUS81"	chr11	+	65633281	65633910	65633281	65633365	65633456	65633910	3129	19,6	181,144	29,19	194,133	189	99	0.0216826076647	0.383838578808	0.052,0.021	0.073,0.07	-0.035
25	"ENSG00000213347.6"	"MXD3"	chr5	-	176728935	176729179	176728935	176728988	176729128	176729179	25	1,0	102,79	4,4	75,71	197	99	0.0221630286923	0.385183732236	0.005,0.0	0.026,0.028	-0.025
271	"ENSG00000149483.7"	"TMEM138"	chr11	+	61131723	61131990	61131723	61131787	61131904	61131990	271	107,105	3,9	81,58	12,8	197	99	0.021854190093	0.385183732236	0.947,0.854	0.772,0.785	0.122
4233	"ENSG00000158793.9"	"NIT1"	chr1	+	161088923	161089402	161088923	161089178	161089298	161089402	4233	14,8	71,37	13,10	29,21	197	99	0.0220322073017	0.385183732236	0.09,0.098	0.184,0.193	-0.095
4286	"ENSG00000104231.6"	"ZFAND1"	chr8	-	82626152	82627130	82626152	82626274	82627038	82627130	4286	13,31	125,82	24,18	204,161	197	99	0.0219981169148	0.385183732236	0.05,0.16	0.056,0.053	0.051
484	"ENSG00000160948.9"	"VPS28"	chr8	-	145651408	145651591	145651408	145651446	145651562	145651591	484	5,3	349,188	11,6	228,177	197	99	0.0221397424886	0.385183732236	0.007,0.008	0.024,0.017	-0.013
7128	"ENSG00000135506.11"	"OS9"	chr12	+	58112775	58114046	58112775	58112965	58113881	58114046	7128	26,20	151,11	18,12	127,80	197	99	0.022353829519	0.387087040616	0.08,0.477	0.066,0.07	0.21
1196	"ENSG00000117385.11"	"LEPRE1"	chr1	-	43220539	43220888	43220539	43220661	43220835	43220888	1196	77,22	75,106	58,45	56,40	197	99	0.0228867613282	0.387155869044	0.34,0.094	0.342,0.361	-0.135
1593	"ENSG00000114857.13"	"NKTR"	chr3	+	42661155	42663008	42661155	42661200	42662920	42663008	1593	68,113	10,0	55,43	9,8	197	99	0.0230265644082	0.387155869044	0.774,1.0	0.754,0.73	0.145
1595	"ENSG00000114857.13"	"NKTR"	chr3	+	42660511	42661200	42660511	42660619	42661155	42661200	1595	38,59	66,44	26,21	62,47	197	99	0.0237399230913	0.387155869044	0.224,0.403	0.174,0.183	0.135
1681	"ENSG00000156675.11"	"RAB11FIP1"	chr8	-	37727937	37730796	37727937	37728046	37728795	37730796	1681	1,0	29,23	7,4	32,20	197	99	0.0225283652427	0.387155869044	0.017,0.0	0.099,0.091	-0.086
1917	"ENSG00000156873.11"	"PHKG2"	chr16	+	30762426	30762924	30762426	30762602	30762869	30762924	1917	89,41	32,20	96,66	20,15	197	99	0.0237344933276	0.387155869044	0.583,0.507	0.707,0.689	-0.153
241	"ENSG00000155363.14"	"MOV10"	chr1	+	113240908	113242432	113240908	113241411	113242306	113242432	241	194,96	110,43	160,109	53,38	197	99	0.0229902433595	0.387155869044	0.47,0.529	0.603,0.59	-0.097
2639	"ENSG00000165782.6"	"TMEM55B"	chr14	-	20926016	20927455	20926016	20926861	20927364	20927455	2639	13,7	44,60	14,7	28,19	197	99	0.0236927802009	0.387155869044	0.129,0.055	0.201,0.156	-0.086
2980	"ENSG00000171720.5"	"HDAC3"	chr5	-	141009250	141009498	141009250	141009306	141009426	141009498	2980	1,1	57,24	4,4	26,25	197	99	0.0230289254452	0.387155869044	0.009,0.021	0.072,0.074	-0.058
3242	"ENSG00000123066.3"	"MED13L"	chr12	-	116412975	116413543	116412975	116413118	116413319	116413543	3242	7,4	125,55	12,7	76,46	197	99	0.0236291011668	0.387155869044	0.027,0.035	0.074,0.071	-0.041
4024	"ENSG00000197375.8"	"SLC22A5"	chr5	+	131714069	131719993	131714069	131714173	131719838	131719993	4024	7,1	15,20	8,7	10,8	197	99	0.0230602503218	0.387155869044	0.19,0.025	0.287,0.305	-0.189
4537	"ENSG00000117308.10"	"GALE"	chr1	-	24124606	24125220	24124606	24124715	24125104	24125220	4537	76,48	8,5	91,78	3,2	197	99	0.0235443787055	0.387155869044	0.827,0.828	0.938,0.951	-0.117
5232	"ENSG00000101365.16"	"IDH3B"	chr20	-	2641102	2641475	2641102	2641236	2641342	2641475	5232	27,16	447,689	31,20	419,357	197	99	0.0228598510902	0.387155869044	0.029,0.012	0.036,0.027	-0.011
564	"ENSG00000213930.7"	"GALT"	chr9	+	34648330	34648891	34648330	34648453	34648758	34648891	564	21,2	19,14	26,15	12,9	197	99	0.0232794229909	0.387155869044	0.357,0.067	0.521,0.456	-0.277
6116	"ENSG00000158552.8"	"ZFAND2B"	chr2	+	220072977	220073208	220072977	220073070	220073147	220073208	6116	5,7	53,37	16,11	48,33	175	99	0.0235372836474	0.387155869044	0.051,0.097	0.159,0.159	-0.085
6228	"ENSG00000198400.7"	"NTRK1"	chr1	+	156845311	156846002	156845311	156845458	156845871	156846002	6228	14,16	70,44	25,15	45,31	197	99	0.0230985620406	0.387155869044	0.091,0.155	0.218,0.196	-0.084
6610	"ENSG00000170037.9"	"CNTROB"	chr17	+	7851804	7852455	7851804	7851937	7852402	7852455	6610	17,7	30,30	26,14	27,17	197	99	0.0232519616944	0.387155869044	0.222,0.105	0.326,0.293	-0.146
7376	"ENSG00000104529.13"	"EEF1D"	chr8	-	144663223	144663498	144663223	144663324	144663398	144663498	7376	13,15	275,234	8,5	322,218	172	99	0.0233268123236	0.387155869044	0.026,0.036	0.014,0.013	0.018
3843	"ENSG00000104783.7"	"KCNN4"	chr19	-	44273114	44273712	44273114	44273184	44273593	44273712	3843	13,4	26,22	15,9	17,9	197	99	0.0239914500261	0.389922474486	0.201,0.084	0.307,0.334	-0.178
6685	"ENSG00000004059.6"	"ARF5"	chr7	+	127229538	127230191	127229538	127229648	127230119	127230191	6685	11,18	935,730	21,16	632,486	197	99	0.0241140673086	0.390012965571	0.006,0.012	0.016,0.016	-0.007
6920	"ENSG00000196730.8"	"DAPK1"	chr9	+	90254564	90254730	90254564	90254613	90254703	90254730	6920	4,2	28,41	5,4	16,13	188	99	0.0241608200007	0.390012965571	0.07,0.025	0.141,0.139	-0.093
78	"ENSG00000130600.11"	"H19"	chr11	-	2016405	2017228	2016405	2017018	2017105	2017228	78	10,0	4,4	132,125	21,18	185	99	0.0242721630631	0.390486623333	0.572,0.0	0.771,0.788	-0.494
4742	"ENSG00000184436.7"	"THAP7"	chr22	-	21354935	21355700	21354935	21355076	21355544	21355700	4742	89,160	436,488	75,57	388,321	197	99	0.0244923723435	0.392702616497	0.093,0.141	0.089,0.082	0.032
4605	"ENSG00000159352.11"	"PSMD4"	chr1	+	151238479	151238915	151238479	151238597	151238783	151238915	4605	0,3	19,24	5,4	14,11	197	99	0.02469476539	0.394619036199	0.0,0.059	0.152,0.155	-0.124
4523	"ENSG00000105221.12"	"AKT2"	chr19	-	40739576	40739858	40739576	40739654	40739782	40739858	4523	308,294	26,19	141,138	4,4	197	99	0.0249001870637	0.396570872232	0.856,0.886	0.947,0.945	-0.075
5849	"ENSG00000171453.13"	"POLR1C"	chr6	+	43487443	43488165	43487443	43487923	43488012	43488165	5849	15,10	240,333	17,10	172,143	187	99	0.0253007594081	0.401607387671	0.032,0.016	0.05,0.036	-0.019
2878	"ENSG00000143303.7"	"RRNAD1"	chr1	+	156701782	156702265	156701782	156701907	156702072	156702265	2878	32,11	36,30	24,18	18,12	197	99	0.0257454994057	0.407309196578	0.309,0.156	0.401,0.43	-0.183
51	"ENSG00000111674.4"	"ENO2"	chr12	+	7025834	7026271	7025834	7025893	7026201	7026271	51	96,22	128,69	105,52	112,58	197	99	0.0258978911912	0.408363436598	0.274,0.138	0.32,0.311	-0.109
4067	"ENSG00000100867.10"	"DHRS2"	chr14	+	24109002	24112428	24109002	24109104	24110874	24112428	4067	28,14	4,1	32,17	12,9	197	99	0.0262848025831	0.411737598358	0.779,0.876	0.573,0.487	0.297
5461	"ENSG00000196504.11"	"PRPF40A"	chr2	-	153515461	153515696	153515461	153515523	153515606	153515696	5461	2,4	221,164	2,2	34,39	181	99	0.0262505213233	0.411737598358	0.005,0.013	0.031,0.027	-0.02
3636	"ENSG00000184009.5"	"ACTG1"	chr17	-	79477952	79478652	79477952	79478134	79478213	79478652	3636	28,0	1236,1246	38,19	1225,839	177	99	0.0264800615288	0.413436239345	0.013,0.0	0.017,0.013	-0.009
3405	"ENSG00000140400.10"	"MAN2C1"	chr15	-	75651399	75651766	75651399	75651494	75651668	75651766	3405	57,59	25,18	79,47	14,9	197	99	0.0268832804053	0.418360069575	0.534,0.622	0.739,0.724	-0.153
1523	"ENSG00000182944.13"	"EWSR1"	chr22	+	29684594	29687588	29684594	29684775	29687553	29687588	1523	150,131	86,72	99,75	81,65	197	99	0.0273946503941	0.418654490868	0.467,0.478	0.381,0.367	0.099
1972	"ENSG00000221968.4"	"FADS3"	chr11	-	61643830	61645687	61643830	61644435	61645626	61645687	1972	194,93	3,10	202,137	3,1	197	99	0.0272441927067	0.418654490868	0.97,0.824	0.971,0.986	-0.081
2697	"ENSG00000011304.12"	"PTBP1"	chr19	+	804035	804438	804035	804208	804291	804438	2697	10,4	556,424	18,10	475,402	181	99	0.0273406312274	0.418654490868	0.01,0.005	0.02,0.013	-0.009
5156	"ENSG00000105483.12"	"CARD8"	chr19	-	48735709	48736046	48735709	48735750	48735970	48736046	5156	1,38	1,2	5,7	0,0	197	99	0.0273851372768	0.418654490868	0.334,0.905	1.0,1.0	-0.38
7408	"ENSG00000130332.10"	"LSM7"	chr19	-	2328410	2328586	2328410	2328476	2328559	2328586	7408	28,31	186,253	13,10	179,142	181	99	0.0274296936478	0.418654490868	0.076,0.063	0.038,0.037	0.032
809	"ENSG00000167962.8"	"ZNF598"	chr16	-	2052206	2052733	2052206	2052454	2052521	2052733	809	4,15	13,28	8,7	6,5	165	99	0.0271243919813	0.418654490868	0.156,0.243	0.444,0.457	-0.251
1316	"ENSG00000133316.11"	"WDR74"	chr11	-	62601089	62601409	62601089	62601146	62601263	62601409	1316	11,0	44,57	14,6	38,32	197	99	0.0275518967466	0.419176141557	0.112,0.0	0.156,0.086	-0.065
1959	"ENSG00000076924.7"	"XAB2"	chr19	-	7685160	7685555	7685160	7685332	7685432	7685555	1959	3,3	104,123	10,6	113,83	197	99	0.02805315787	0.425443113939	0.014,0.012	0.043,0.035	-0.026
861	"ENSG00000115548.12"	"KDM3A"	chr2	+	86709580	86711281	86709580	86709817	86711109	86711281	861	26,19	105,38	21,12	111,79	197	99	0.0283969803708	0.429290223891	0.111,0.201	0.087,0.071	0.077
1520	"ENSG00000182944.13"	"EWSR1"	chr22	+	29694722	29695270	29694722	29694885	29695184	29695270	1520	28,27	27,60	38,24	28,18	197	99	0.0285826764582	0.430730080044	0.343,0.184	0.405,0.401	-0.14
5429	"ENSG00000126249.3"	"PDCD2L"	chr19	+	34895553	34895895	34895553	34895720	34895834	34895895	5429	13,13	33,14	6,4	30,21	197	99	0.0288777670808	0.433804185611	0.165,0.318	0.091,0.087	0.152
2100	"ENSG00000160714.5"	"UBE2Q1"	chr1	-	154524226	154524423	154524226	154524295	154524396	154524423	2100	0,0	53,24	1,2	15,18	197	99	0.0289762642268	0.43391500078	0.0,0.0	0.032,0.053	-0.042
1344	"ENSG00000213619.5"	"NDUFS3"	chr11	+	47602076	47602536	47602076	47602174	47602386	47602536	1344	19,21	205,324	31,20	222,171	197	99	0.0294737276347	0.439980849519	0.045,0.032	0.066,0.056	-0.022
2877	"ENSG00000112282.13"	"MED23"	chr6	-	131913527	131914311	131913527	131913600	131914145	131914311	2877	10,8	56,93	11,9	43,32	197	99	0.0301502990933	0.446094701829	0.082,0.041	0.114,0.124	-0.057
442	"ENSG00000159459.7"	"UBR1"	chr15	-	43317571	43318861	43317571	43317627	43318758	43318861	442	4,0	88,184	7,5	130,84	197	99	0.0301468923534	0.446094701829	0.022,0.0	0.026,0.029	-0.017
5819	"ENSG00000092203.9"	"TOX4"	chr14	+	21955609	21957009	21955609	21955761	21956748	21957009	5819	88,112	2,0	60,42	3,3	197	99	0.0301769022373	0.446094701829	0.957,1.0	0.91,0.876	0.085
6989	"ENSG00000070814.13"	"TCOF1"	chr5	+	149771106	149771739	149771106	149771220	149771519	149771739	6989	9,0	122,169	10,6	113,86	197	99	0.0302579984651	0.446094701829	0.036,0.0	0.043,0.034	-0.021
1122	"ENSG00000165819.7"	"METTL3"	chr14	-	21971315	21971972	21971315	21971720	21971806	21971972	1122	0,0	93,66	3,2	55,48	184	99	0.0308011951727	0.451186145393	0.0,0.0	0.029,0.022	-0.026
1799	"ENSG00000099622.9"	"CIRBP"	chr19	+	1270926	1271466	1270926	1271035	1271327	1271466	1799	12,7	5,7	32,20	6,3	197	99	0.0308875857619	0.451186145393	0.547,0.334	0.728,0.77	-0.308
5865	"ENSG00000029364.7"	"SLC39A9"	chr14	+	69925079	69929098	69925079	69925446	69928413	69929098	5865	140,160	1,1	130,106	6,3	197	99	0.0308737430823	0.451186145393	0.986,0.988	0.916,0.947	0.055
4276	"ENSG00000197948.6"	"FCHSD1"	chr5	-	141025653	141026289	141025653	141025758	141026169	141026289	4276	26,19	31,30	28,16	16,13	197	99	0.0311310842159	0.451970192183	0.297,0.241	0.468,0.382	-0.156
5331	"ENSG00000144591.13"	"GMPPA"	chr2	+	220364842	220366759	220364842	220364940	220366197	220366759	5331	10,18	63,138	29,16	98,75	197	99	0.031084760896	0.451970192183	0.074,0.062	0.129,0.097	-0.045
1354	"ENSG00000171456.12"	"ASXL1"	chr20	+	31015930	31016225	31015930	31016051	31016127	31016225	1354	9,0	81,93	9,6	63,47	174	99	0.0312297298274	0.452024235374	0.059,0.0	0.075,0.068	-0.042
7044	"ENSG00000088038.13"	"CNOT3"	chr19	+	54657451	54659418	54657451	54657577	54659046	54659418	7044	22,27	100,134	36,16	87,58	197	99	0.0313375134014	0.452209814598	0.1,0.092	0.172,0.122	-0.051
5086	"ENSG00000260916.1"	"CCPG1"	chr15	-	55651736	55653142	55651736	55651888	55653037	55653142	5086	122,0	0,3	241,234	1,0	197	99	0.031907679993	0.45492326984	1.0,0.0	0.992,1.0	-0.496
5103	"ENSG00000234741.3"	"GAS5"	chr1	-	173833394	173833644	173833394	173833442	173833621	173833644	5103	196,215	856,1356	258,220	1179,776	197	99	0.0318371090094	0.45492326984	0.103,0.074	0.099,0.125	-0.024
5546	"ENSG00000082898.12"	"XPO1"	chr2	-	61711071	61713097	61711071	61711240	61712902	61713097	5546	5,0	802,958	29,16	870,681	197	99	0.0316347451271	0.45492326984	0.003,0.0	0.016,0.012	-0.013
6809	"ENSG00000141258.8"	"SGSM2"	chr17	+	2266131	2266428	2266131	2266199	2266282	2266428	6809	2,7	14,25	10,6	13,10	181	99	0.0317553969018	0.45492326984	0.072,0.133	0.296,0.247	-0.169
4697	"ENSG00000164611.8"	"PTTG1"	chr5	+	159849308	159849900	159849308	159849410	159849715	159849900	4697	15,8	1004,1743	49,27	1644,1087	197	99	0.0320691696434	0.455139426247	0.007,0.002	0.015,0.012	-0.009
5210	"ENSG00000204356.7"	"NELFE"	chr6	-	31921505	31921911	31921505	31921608	31921856	31921911	5210	26,30	22,250	46,33	315,239	197	99	0.0321139956361	0.455139426247	0.373,0.057	0.068,0.065	0.148
3977	"ENSG00000141994.11"	"DUS3L"	chr19	-	5786759	5787182	5786759	5786930	5787071	5787182	3977	11,19	13,10	28,17	7,5	197	99	0.0324217747017	0.456782518135	0.298,0.488	0.668,0.631	-0.256
7091	"ENSG00000223705.5"	"NSUN5P1"	chr7	+	75042066	75044301	75042066	75042210	75044162	75044301	7091	237,146	34,34	192,147	20,15	197	99	0.0323913118233	0.456782518135	0.778,0.683	0.828,0.831	-0.099
1407	"ENSG00000122545.13"	"SEPT7"	chr7	+	35937857	35942825	35937857	35937993	35942685	35942825	1407	7,10	426,498	15,9	345,289	197	99	0.0327795205037	0.460460403064	0.008,0.01	0.021,0.015	-0.009
2750	"ENSG00000046604.8"	"DSG2"	chr18	+	29102045	29102571	29102045	29102212	29102349	29102571	2750	0,14	2,4	1,2	0,0	197	99	0.0330207876315	0.46193816794	0.0,0.638	1.0,1.0	-0.681
7346	"ENSG00000204469.8"	"PRRC2A"	chr6	+	31605010	31605548	31605010	31605101	31605222	31605548	7346	42,77	199,252	39,18	200,138	197	99	0.0330787306316	0.46193816794	0.096,0.133	0.089,0.062	0.039
5380	"ENSG00000169733.7"	"RFNG"	chr17	-	80007552	80008431	80007552	80007882	80008277	80008431	5380	42,41	17,26	53,39	15,8	197	99	0.0334075458239	0.465165886589	0.554,0.442	0.64,0.71	-0.177
1435	"ENSG00000182004.8"	"SNRPE"	chr1	+	203830730	203831350	203830730	203830871	203831309	203831350	1435	23,42	28,11	19,12	31,25	197	99	0.0340401337749	0.472592177948	0.292,0.657	0.235,0.194	0.26
4175	"ENSG00000172936.8"	"MYD88"	chr3	+	38181878	38182339	38181878	38182040	38182247	38182339	4175	77,92	0,7	45,34	5,5	197	99	0.0347956297804	0.480280547867	1.0,0.869	0.819,0.774	0.138
6369	"ENSG00000092531.5"	"SNAP23"	chr15	+	42805152	42805645	42805152	42805194	42805596	42805645	6369	30,7	204,406	26,20	240,192	197	99	0.0347186299629	0.480280547867	0.069,0.009	0.052,0.05	-0.012
6984	"ENSG00000129933.16"	"MAU2"	chr19	+	19455657	19456178	19455657	19455735	19456112	19456178	6984	6,11	25,35	12,7	18,10	197	99	0.0350592052063	0.482520043909	0.108,0.136	0.251,0.26	-0.134
3230	"ENSG00000179532.8"	"DNHD1"	chr11	+	6518814	6520191	6518814	6518897	6519000	6520191	3230	35,18	3,3	17,10	6,5	197	99	0.0355726486991	0.488175657363	0.854,0.751	0.587,0.501	0.258
4409	"ENSG00000172354.5"	"GNB2"	chr7	+	100274315	100275038	100274315	100274422	100274974	100275038	4409	9,10	228,214	23,10	224,167	197	99	0.0360088858642	0.492742283004	0.019,0.023	0.049,0.029	-0.018
1241	"ENSG00000106327.8"	"TFR2"	chr7	-	100230851	100231094	100230851	100230963	100231038	100231094	1241	1,5	59,14	1,1	58,76	173	99	0.0366166164264	0.498672844624	0.01,0.17	0.01,0.007	0.082
5438	"ENSG00000162909.13"	"CAPN2"	chr1	+	223957542	223958227	223957542	223957611	223958148	223958227	5438	50,14	89,85	41,25	63,44	197	99	0.0367108407439	0.498672844624	0.22,0.076	0.246,0.222	-0.086
6626	"ENSG00000119185.8"	"ITGB1BP1"	chr2	-	9552397	9552846	9552397	9552534	9552706	9552846	6626	1,20	4,2	2,3	0,0	197	99	0.0367564402484	0.498672844624	0.112,0.834	1.0,1.0	-0.527
4386	"ENSG00000162298.12"	"SYVN1"	chr11	-	64899718	64900251	64899718	64899822	64900202	64900251	4386	10,61	66,149	55,31	98,71	197	99	0.0371514890454	0.502600542143	0.071,0.171	0.22,0.18	-0.079
7546	"ENSG00000111011.13"	"RSRC2"	chr12	-	123003385	123005975	123003385	123003576	123005931	123005975	7546	81,50	165,195	54,34	208,158	197	99	0.0376720727369	0.508199462813	0.198,0.114	0.115,0.098	0.049
5884	"ENSG00000162066.10"	"AMDHD2"	chr16	+	2578452	2578719	2578452	2578560	2578650	2578719	5884	19,14	1,3	10,8	5,5	188	99	0.0386108094977	0.518269371464	0.909,0.711	0.513,0.457	0.325
6303	"ENSG00000065029.10"	"ZNF76"	chr6	+	35262232	35262753	35262232	35262346	35262556	35262753	6303	34,14	9,3	39,22	3,1	197	99	0.0386362089185	0.518269371464	0.655,0.701	0.867,0.917	-0.214
3271	"ENSG00000125967.12"	"NECAB3"	chr20	-	32247690	32248201	32247690	32247809	32248064	32248201	3271	48,39	25,31	48,30	16,10	197	99	0.0388192231308	0.518822829752	0.491,0.387	0.601,0.601	-0.162
5800	"ENSG00000147813.11"	"NAPRT1"	chr8	-	144658247	144658742	144658247	144658332	144658601	144658742	5800	32,21	94,97	26,19	57,39	197	99	0.0388953696391	0.518822829752	0.146,0.098	0.186,0.197	-0.07
306	"ENSG00000011485.10"	"PPP5C"	chr19	+	46890622	46891705	46890622	46890710	46891664	46891705	306	1,1	188,208	6,3	148,106	197	99	0.0390947446119	0.520025625257	0.003,0.002	0.02,0.014	-0.015
242	"ENSG00000155363.14"	"MOV10"	chr1	+	113242515	113242962	113242515	113242604	113242840	113242962	242	69,51	146,71	39,24	103,73	197	99	0.0392902487063	0.521105682531	0.192,0.265	0.16,0.142	0.078
4466	"ENSG00000166986.8"	"MARS"	chr12	+	57883049	57883341	57883049	57883128	57883206	57883341	4466	18,0	416,190	22,16	354,318	176	99	0.0393948017033	0.521105682531	0.024,0.0	0.034,0.028	-0.019
2006	"ENSG00000185246.13"	"PRPF39"	chr14	+	45565305	45566208	45565305	45565431	45566089	45566208	2006	12,16	57,37	23,16	38,29	197	99	0.0396817826092	0.522185512821	0.096,0.179	0.233,0.217	-0.087
3047	"ENSG00000106263.13"	"EIF3B"	chr7	+	2419028	2420375	2419028	2419146	2419838	2420375	3047	67,68	96,57	48,36	86,66	197	99	0.0397474131377	0.522185512821	0.26,0.375	0.219,0.215	0.101
5490	"ENSG00000160781.11"	"PAQR6"	chr1	-	156215572	156216041	156215572	156215778	156215913	156216041	5490	7,0	1,1	2,1	0,0	197	99	0.0398054055342	0.522185512821	0.779,0.0	1.0,1.0	-0.611
5783	"ENSG00000166012.10"	"TAF1D"	chr11	-	93463842	93464382	93463842	93463878	93464315	93464382	5783	36,174	236,335	77,49	358,273	197	99	0.0400417043705	0.523842297287	0.071,0.207	0.098,0.083	0.048
1560	"ENSG00000122952.12"	"ZWINT"	chr10	-	58119447	58120144	58119447	58119614	58119778	58120144	1560	71,99	264,394	89,67	243,189	197	99	0.040563076087	0.529209228291	0.119,0.112	0.155,0.151	-0.038
4888	"ENSG00000119688.16"	"ABCD4"	chr14	-	74763035	74764772	74763035	74763152	74764632	74764772	4888	9,8	21,24	13,8	13,10	197	99	0.0412006457463	0.536058674983	0.177,0.143	0.334,0.287	-0.151
3060	"ENSG00000104886.5"	"PLEKHJ1"	chr19	-	2233152	2234060	2233152	2233904	2233996	2234060	3060	12,45	194,106	16,11	146,129	190	99	0.0414355264345	0.537645713572	0.031,0.181	0.054,0.043	0.057
2525	"ENSG00000119707.9"	"RBM25"	chr14	+	73577538	73578510	73577538	73577863	73578235	73578510	2525	51,116	134,121	42,25	105,82	197	99	0.0422000456293	0.544622645006	0.161,0.325	0.167,0.133	0.093
995	"ENSG00000182199.6"	"SHMT2"	chr12	+	57625993	57626358	57625993	57626075	57626235	57626358	995	22,25	471,269	24,15	555,439	197	99	0.0422019647222	0.544622645006	0.023,0.045	0.021,0.017	0.015
1634	"ENSG00000092841.14"	"MYL6"	chr12	+	56553370	56553932	56553370	56553406	56553758	56553932	1634	1170,879	43,42	987,719	30,16	197	99	0.0427011088967	0.54597253656	0.932,0.913	0.943,0.958	-0.028
3555	"ENSG00000055118.10"	"KCNH2"	chr7	-	150648008	150648923	150648008	150648208	150648535	150648923	3555	54,41	1134,1103	48,27	691,514	197	99	0.0426443115422	0.54597253656	0.023,0.018	0.034,0.026	-0.01
4745	"ENSG00000196628.9"	"TCF4"	chr18	-	52896077	52899902	52896077	52896307	52899739	52899902	4745	10,10	18,12	5,3	21,14	197	99	0.0427651734853	0.54597253656	0.218,0.295	0.107,0.097	0.154
5727	"ENSG00000140553.12"	"UNC45A"	chr15	+	91491371	91492024	91491371	91491513	91491883	91492024	5727	9,11	95,115	20,11	101,67	197	99	0.0425331679711	0.54597253656	0.045,0.046	0.091,0.076	-0.038
3517	"ENSG00000141562.13"	"NARF"	chr17	+	80441591	80442826	80441591	80441655	80442688	80442826	3517	167,149	404,475	232,140	472,308	197	99	0.0429155945685	0.546427971484	0.172,0.136	0.198,0.186	-0.038
2145	"ENSG00000177943.9"	"MAMDC4"	chr9	+	139750915	139751278	139750915	139751027	139751161	139751278	2145	10,12	37,23	15,12	21,13	197	99	0.0434972091153	0.546435719738	0.12,0.208	0.264,0.317	-0.127
251	"ENSG00000204463.8"	"BAG6"	chr6	-	31608250	31608481	31608250	31608305	31608421	31608481	251	4,11	116,101	5,5	162,180	197	99	0.0432154705305	0.546435719738	0.017,0.052	0.015,0.014	0.02
3877	"ENSG00000099783.7"	"HNRNPM"	chr19	+	8530207	8530399	8530207	8530246	8530363	8530399	3877	651,651	140,58	358,371	79,82	197	99	0.0434115513256	0.546435719738	0.7,0.849	0.695,0.695	0.08
5174	"ENSG00000099875.10"	"MKNK2"	chr19	-	2042605	2042869	2042605	2042661	2042764	2042869	5174	15,9	218,374	22,15	298,202	197	99	0.0434478466223	0.546435719738	0.033,0.012	0.036,0.036	-0.013
682	"ENSG00000125651.9"	"GTF2F1"	chr19	-	6381369	6381626	6381369	6381489	6381564	6381626	682	6,18	239,321	5,2	242,185	173	99	0.0436046983411	0.546435719738	0.014,0.031	0.012,0.006	0.013
988	"ENSG00000211450.5"	"C11orf31"	chr11	+	57509153	57509398	57509153	57509189	57509280	57509398	988	11,7	68,82	2,1	44,60	189	99	0.0431647458212	0.546435719738	0.078,0.043	0.023,0.009	0.044
3249	"ENSG00000064607.12"	"SUGP2"	chr19	-	19105174	19106089	19105174	19105295	19105952	19106089	3249	115,132	98,84	103,71	113,72	197	99	0.0437530683894	0.546855936143	0.371,0.441	0.314,0.331	0.084
2692	"ENSG00000239382.6"	"ALKBH6"	chr19	-	36503922	36504324	36503922	36503991	36504245	36504324	2692	17,12	86,74	23,18	69,57	197	99	0.0444138988248	0.550778609905	0.09,0.075	0.143,0.137	-0.058
441	"ENSG00000157600.7"	"TMEM164"	chrX	+	109246728	109247392	109246728	109246813	109247110	109247392	441	85,60	0,0	61,41	3,2	197	99	0.0443084153115	0.550778609905	1.0,1.0	0.911,0.912	0.089
5968	"ENSG00000158850.10"	"B4GALT3"	chr1	-	161146223	161146896	161146223	161146369	161146701	161146896	5968	18,38	5,10	21,12	13,8	197	99	0.0442716882167	0.550778609905	0.644,0.656	0.448,0.43	0.211
1957	"ENSG00000011295.11"	"TTC19"	chr17	+	15929853	15932100	15929853	15930016	15930687	15932100	1957	4,5	168,70	12,8	125,92	197	99	0.0451907405545	0.55541143451	0.012,0.035	0.046,0.042	-0.02
5215	"ENSG00000172262.7"	"ZNF131"	chr5	+	43161350	43162033	43161350	43161715	43161810	43162033	5215	29,6	26,13	35,23	20,11	193	99	0.0451275005959	0.55541143451	0.364,0.191	0.473,0.518	-0.218
5505	"ENSG00000147789.11"	"ZNF7"	chr8	+	146054427	146054989	146054427	146054475	146054829	146054989	5505	3,3	5,2	9,6	1,1	197	99	0.0452439692346	0.55541143451	0.232,0.43	0.819,0.751	-0.454
7456	"ENSG00000169045.13"	"HNRNPH1"	chr5	-	179043126	179044111	179043126	179043219	179044021	179044111	7456	169,229	35,52	288,184	37,31	197	99	0.0452540186035	0.55541143451	0.708,0.689	0.796,0.749	-0.074
5212	"ENSG00000127980.11"	"PEX1"	chr7	-	92130820	92131393	92130820	92130987	92131203	92131393	5212	4,0	22,22	4,3	11,9	197	99	0.0454786024329	0.556732917186	0.084,0.0	0.155,0.143	-0.107
2270	"ENSG00000111300.5"	"NAA25"	chr12	-	112477032	112478382	112477032	112477143	112478284	112478382	2270	31,18	67,66	42,28	63,52	197	99	0.0459733798342	0.55715866216	0.189,0.121	0.251,0.213	-0.077
2310	"ENSG00000130935.5"	"NOL11"	chr17	+	65734237	65735126	65734237	65734471	65735047	65735126	2310	10,8	297,333	14,11	245,205	197	99	0.0459813847604	0.55715866216	0.017,0.012	0.028,0.026	-0.012
3951	"ENSG00000143418.15"	"CERS2"	chr1	-	150939867	150940190	150939867	150939960	150940139	150940190	3951	23,21	198,253	35,21	201,154	197	99	0.0458420393681	0.55715866216	0.055,0.04	0.08,0.064	-0.025
4534	"ENSG00000172037.9"	"LAMB2"	chr3	-	49158546	49159025	49158546	49158795	49158865	49159025	4534	7,25	5,11	10,6	14,8	168	99	0.0458930846212	0.55715866216	0.452,0.573	0.296,0.307	0.211
4171	"ENSG00000143224.13"	"PPOX"	chr1	+	161136889	161137276	161136889	161137024	161137160	161137276	4171	87,18	45,15	102,60	33,22	197	99	0.0464618222074	0.558715144827	0.493,0.376	0.608,0.578	-0.158
4431	"ENSG00000159377.6"	"PSMB4"	chr1	+	151373714	151374106	151373714	151373831	151374017	151374106	4431	58,74	1172,937	75,45	754,609	197	99	0.0463179145397	0.558715144827	0.024,0.038	0.048,0.036	-0.011
887	"ENSG00000113108.13"	"APBB3"	chr5	-	139941171	139941434	139941171	139941286	139941428	139941434	887	45,27	2,1	23,15	4,3	197	99	0.0464277907765	0.558715144827	0.919,0.931	0.743,0.715	0.196
5885	"ENSG00000115355.11"	"CCDC88A"	chr2	-	55522732	55523192	55522732	55522863	55523085	55523192	5885	226,133	19,17	129,108	6,5	197	99	0.0468283976809	0.561704860847	0.857,0.797	0.915,0.916	-0.089
6291	"ENSG00000100823.7"	"APEX1"	chr14	+	20923384	20923862	20923384	20923548	20923736	20923862	6291	670,468	3,5	444,352	9,5	197	99	0.0471045873098	0.563598102435	0.991,0.979	0.961,0.973	0.018
4894	"ENSG00000143633.8"	"C1orf131"	chr1	-	231359508	231361269	231359508	231360160	231361216	231361269	4894	0,10	111,147	7,4	68,52	197	99	0.0484032547568	0.576327708795	0.0,0.033	0.049,0.037	-0.026
5538	"ENSG00000007202.10"	"KIAA0100"	chr17	-	26970181	26970677	26970181	26970329	26970627	26970677	5538	6,5	212,76	15,9	157,124	197	99	0.0484105593276	0.576327708795	0.014,0.032	0.046,0.035	-0.018
815	"ENSG00000182484.10"	"WASH6P"	chrX	+	155251987	155252499	155251987	155252204	155252363	155252499	815	20,6	39,29	18,10	22,14	197	99	0.0485463911792	0.576503528168	0.205,0.094	0.291,0.264	-0.128
2791	"ENSG00000181085.10"	"MAPK15"	chr8	+	144800216	144800472	144800216	144800246	144800381	144800472	2791	2,1	17,23	4,2	11,7	197	99	0.0493612125372	0.580493591495	0.056,0.021	0.155,0.126	-0.102
3513	"ENSG00000185163.5"	"DDX51"	chr12	-	132626042	132626501	132626042	132626151	132626394	132626501	3513	11,30	33,20	22,18	12,9	197	99	0.0491141843295	0.580493591495	0.143,0.43	0.48,0.501	-0.204
4836	"ENSG00000117335.14"	"CD46"	chr1	+	207932983	207934791	207932983	207933048	207934593	207934791	4836	8,250	2,2	146,156	0,0	197	99	0.0493650749159	0.580493591495	0.668,0.984	1.0,1.0	-0.174
5349	"ENSG00000177082.8"	"WDR73"	chr15	-	85188701	85189579	85188701	85189067	85189414	85189579	5349	8,5	23,19	10,7	12,10	197	99	0.0493699925568	0.580493591495	0.149,0.117	0.295,0.26	-0.144
4411	"ENSG00000175061.13"	"C17orf76-AS1"	chr17	+	16342350	16342728	16342350	16342374	16342640	16342728	4411	23,4	665,229	20,18	1320,966	197	99	0.0498332204811	0.584497034313	0.017,0.009	0.008,0.009	0.005
1955	"ENSG00000160055.15"	"TMEM234"	chr1	-	32680736	32681396	32680736	32680817	32681273	32681396	1955	4,1	11,1	5,3	2,1	197	99	0.0501879921481	0.586336639373	0.155,0.334	0.557,0.601	-0.334
2624	"ENSG00000237125.4"	"HAND2-AS1"	chr4	+	174457998	174463082	174457998	174458121	174460348	174463082	2624	0,16	1,1	2,2	0,0	197	99	0.0502363185351	0.586336639373	0.0,0.889	1.0,1.0	-0.555
4722	"ENSG00000132463.9"	"GRSF1"	chr4	-	71691012	71691962	71691012	71691148	71691840	71691962	4722	20,30	250,308	29,20	193,154	197	99	0.0504851283139	0.587799953621	0.039,0.047	0.07,0.061	-0.023
6996	"ENSG00000112651.7"	"MRPL2"	chr6	-	43023634	43023934	43023634	43023745	43023818	43023934	6996	11,19	350,472	18,14	282,230	171	99	0.0508709564874	0.590847548276	0.018,0.023	0.036,0.034	-0.015
2680	"ENSG00000175634.10"	"RPS6KB2"	chr11	+	67200596	67200918	67200596	67200687	67200810	67200918	2680	20,14	219,105	30,19	155,122	197	99	0.0512054102943	0.591845057819	0.044,0.063	0.089,0.073	-0.027
4999	"ENSG00000160688.14"	"FLAD1"	chr1	+	154965188	154965587	154965188	154965262	154965377	154965587	4999	2,2	117,103	4,3	66,48	197	99	0.05114234806	0.591845057819	0.009,0.01	0.03,0.03	-0.02
2689	"ENSG00000198000.7"	"NOL8"	chr9	-	95060538	95061236	95060538	95060618	95061165	95061236	2689	55,77	161,193	64,46	109,97	197	99	0.0514989075005	0.593796119897	0.147,0.167	0.228,0.192	-0.053
5405	"ENSG00000124784.4"	"RIOK1"	chr6	+	7402835	7403130	7402835	7402948	7403049	7403130	5405	5,15	141,249	15,9	135,114	197	99	0.0524289997655	0.603060137399	0.018,0.029	0.053,0.038	-0.022
6178	"ENSG00000137955.11"	"RABGGTB"	chr1	+	76255636	76255959	76255636	76255742	76255836	76255959	6178	156,158	45,36	187,155	70,58	192	99	0.0526488555097	0.604129758885	0.641,0.694	0.579,0.579	0.089
1441	"ENSG00000130822.11"	"PNCK"	chrX	-	152936739	152937127	152936739	152936815	152937003	152937127	1441	24,0	32,11	22,12	20,9	197	99	0.0531357407864	0.608250955829	0.274,0.0	0.356,0.401	-0.241
7184	"ENSG00000180979.5"	"LRRC57"	chr15	-	42839458	42840442	42839458	42839727	42840303	42840442	7184	6,1	90,65	6,4	49,34	197	99	0.0532898317502	0.608551987517	0.032,0.008	0.058,0.056	-0.037
1216	"ENSG00000137207.7"	"YIPF3"	chr6	-	43480806	43481189	43480806	43480836	43481096	43481189	1216	129,304	0,0	177,123	2,2	197	99	0.0539402163572	0.610383243915	1.0,1.0	0.978,0.969	0.026
142	"ENSG00000049656.9"	"CLPTM1L"	chr5	-	1321749	1321934	1321749	1321794	1321878	1321934	142	1,3	101,66	4,3	50,37	182	99	0.0542192591718	0.610383243915	0.005,0.024	0.042,0.042	-0.028
1764	"ENSG00000149636.11"	"DSN1"	chr20	-	35399275	35399876	35399275	35399596	35399827	35399876	1764	10,6	39,43	14,9	33,23	197	99	0.0539743394289	0.610383243915	0.114,0.066	0.176,0.164	-0.08
2321	"ENSG00000137409.14"	"MTCH1"	chr6	-	36938181	36938470	36938181	36938249	36938422	36938470	2321	13,0	106,135	11,7	89,68	197	99	0.0541209589182	0.610383243915	0.058,0.0	0.058,0.049	-0.025
6031	"ENSG00000188283.7"	"ZNF383"	chr19	+	37726450	37726976	37726450	37726577	37726880	37726976	6031	3,1	19,17	3,3	7,7	197	99	0.0538225934587	0.610383243915	0.074,0.029	0.177,0.177	-0.126
6894	"ENSG00000183963.14"	"SMTN"	chr22	+	31476435	31476740	31476435	31476555	31476661	31476740	6894	31,23	1,2	17,11	4,3	197	99	0.05402900986	0.610383243915	0.94,0.852	0.681,0.648	0.231
1110	"ENSG00000172432.14"	"GTPBP2"	chr6	-	43592624	43593297	43592624	43592768	43593099	43593297	1110	322,577	1,10	696,506	3,2	197	99	0.055415346536	0.620912659305	0.994,0.967	0.991,0.992	-0.011
6224	"ENSG00000196756.7"	"SNHG17"	chr20	-	37049652	37050888	37049652	37049745	37050738	37050888	6224	66,0	34,18	32,21	12,13	197	99	0.0552947621347	0.620912659305	0.494,0.0	0.573,0.448	-0.263
4677	"ENSG00000021776.6"	"AQR"	chr15	-	35166028	35167065	35166028	35166200	35166877	35167065	4677	1,6	133,110	7,5	91,70	197	99	0.0557828144113	0.623562822128	0.004,0.027	0.037,0.035	-0.021
3429	"ENSG00000186166.4"	"CCDC84"	chr11	+	118882648	118882964	118882648	118882713	118882858	118882964	3429	16,22	8,16	9,5	13,9	197	99	0.055944780306	0.623908767722	0.501,0.409	0.258,0.218	0.217
2458	"ENSG00000176986.10"	"SEC24C"	chr10	+	75530037	75530556	75530037	75530151	75530466	75530556	2458	178,205	0,0	199,137	3,2	197	99	0.0562609426959	0.625968712892	1.0,1.0	0.971,0.972	0.028
6333	"ENSG00000157379.9"	"DHRS1"	chr14	-	24761389	24761990	24761389	24761536	24761857	24761990	6333	16,9	28,38	13,8	15,11	197	99	0.0564699883115	0.626830033425	0.223,0.106	0.303,0.268	-0.121
7217	"ENSG00000168291.8"	"PDHB"	chr3	-	58415434	58415965	58415434	58415526	58415854	58415965	7217	0,0	87,59	4,2	78,61	197	99	0.0570596489095	0.631902437458	0.0,0.0	0.025,0.016	-0.021
3638	"ENSG00000184009.5"	"ACTG1"	chr17	-	79478213	79478829	79478213	79478652	79478788	79478829	3638	17,3	2,2	45,23	1,1	197	99	0.0576804321761	0.637295169426	0.81,0.43	0.958,0.92	-0.319
2851	"ENSG00000166987.10"	"MBD6"	chr12	+	57917811	57918199	57917811	57917875	57918062	57918199	2851	8,0	51,34	8,4	29,21	197	99	0.0585321587043	0.644238036739	0.073,0.0	0.122,0.087	-0.068
3709	"ENSG00000108883.8"	"EFTUD2"	chr17	-	42930884	42931724	42930884	42931003	42931636	42931724	3709	46,6	130,158	26,18	87,68	197	99	0.0587146803748	0.644238036739	0.151,0.019	0.131,0.117	-0.039
6866	"ENSG00000204628.7"	"GNB2L1"	chr5	-	180668491	180669345	180668491	180668639	180669122	180669345	6866	36,157	8,6	45,52	0,0	197	99	0.0586717035191	0.644238036739	0.693,0.929	1.0,1.0	-0.189
103	"ENSG00000145029.7"	"NICN1"	chr3	-	49462381	49462871	49462381	49462486	49462799	49462871	103	6,23	11,15	14,8	4,3	197	99	0.0593268277544	0.645459346491	0.215,0.435	0.638,0.573	-0.28
2580	"ENSG00000170889.9"	"RPS9"	chr19	+	54710143	54710592	54710143	54710330	54710420	54710592	2580	49,44	50,66	97,64	91,41	188	99	0.0590002714792	0.645459346491	0.34,0.26	0.36,0.451	-0.105
3903	"ENSG00000169727.8"	"GPS1"	chr17	+	80014161	80014426	80014161	80014267	80014345	80014426	3903	13,33	273,210	16,8	239,193	176	99	0.0592272117632	0.645459346491	0.026,0.081	0.036,0.023	0.024
5208	"ENSG00000204356.7"	"NELFE"	chr6	-	31922331	31922873	31922331	31922669	31922835	31922873	5208	8,4	0,78	5,3	99,75	197	99	0.059368163327	0.645459346491	1.0,0.025	0.025,0.02	0.49
6142	"ENSG00000156256.10"	"USP16"	chr21	+	30414792	30415920	30414792	30414849	30415743	30415920	6142	23,10	179,121	24,16	119,100	197	99	0.0597098584501	0.647695548837	0.061,0.04	0.092,0.074	-0.032
4786	"ENSG00000169714.12"	"CNBP"	chr3	-	128889921	128890381	128889921	128890126	128890288	128890381	4786	15,30	16,15	34,23	10,8	197	99	0.0602732376437	0.652320812862	0.32,0.501	0.631,0.591	-0.201
7344	"ENSG00000164039.10"	"BDH2"	chr4	-	104006505	104007697	104006505	104006619	104006855	104007697	7344	0,7	1,0	1,1	0,0	197	99	0.0607983206433	0.65651157121	0.0,1.0	1.0,1.0	-0.5
1872	"ENSG00000160741.12"	"CRTC2"	chr1	-	153927348	153927642	153927348	153927465	153927540	153927642	1872	6,1	36,48	8,4	33,21	173	99	0.0612078865119	0.659438813506	0.087,0.012	0.122,0.098	-0.061
4012	"ENSG00000068438.10"	"FTSJ1"	chrX	+	48336348	48336906	48336348	48336556	48336836	48336906	4012	19,42	136,127	17,9	112,82	197	99	0.0617766685635	0.664064324378	0.066,0.143	0.071,0.052	0.043
2360	"ENSG00000100038.15"	"TOP3B"	chr22	-	22311402	22313065	22311402	22311967	22312863	22313065	2360	127,21	50,30	92,81	29,27	197	99	0.0623622462307	0.668849136375	0.561,0.26	0.615,0.601	-0.197
6112	"ENSG00000267796.3"	"LIN37"	chr19	+	36245146	36245420	36245146	36245220	36245293	36245420	6112	0,0	18,14	3,2	13,9	171	99	0.0626649303985	0.669118435284	0.0,0.0	0.118,0.114	-0.116
6471	"ENSG00000196419.8"	"XRCC6"	chr22	+	42017353	42018090	42017353	42017414	42017993	42018090	6471	8,4	23,6	7,6	7,4	197	99	0.0626683792811	0.669118435284	0.149,0.251	0.334,0.43	-0.182
2590	"ENSG00000187994.9"	"RINL"	chr19	-	39366970	39367421	39366970	39367130	39367332	39367421	2590	4,4	18,22	6,5	12,8	197	99	0.0630446261968	0.671629776173	0.1,0.084	0.201,0.239	-0.128
6622	"ENSG00000241973.6"	"PI4KA"	chr22	-	21066980	21067678	21066980	21067085	21067568	21067678	6622	64,56	62,20	53,31	58,42	197	99	0.0633441864219	0.673314767279	0.342,0.585	0.315,0.271	0.17
3486	"ENSG00000116478.7"	"HDAC1"	chr1	+	32797276	32797843	32797276	32797407	32797690	32797843	3486	34,51	573,854	54,31	560,440	197	99	0.0640319594507	0.679000756264	0.029,0.029	0.046,0.034	-0.011
4373	"ENSG00000165516.6"	"KLHDC2"	chr14	+	50246312	50246524	50246312	50246393	50246465	50246524	4373	5,4	36,20	12,8	31,20	170	99	0.0643068754883	0.679000756264	0.075,0.104	0.184,0.189	-0.097
7522	"ENSG00000171552.8"	"BCL2L1"	chr20	-	30309457	30310400	30309457	30310133	30310219	30310400	7522	267,123	60,28	161,157	55,48	184	99	0.064214811796	0.679000756264	0.705,0.703	0.612,0.638	0.079
2178	"ENSG00000188002.6"	"RP11-43F13.1"	chr5	-	1599034	1599942	1599034	1599384	1599741	1599942	2178	12,5	30,27	9,8	15,11	197	99	0.0645958142075	0.680542626673	0.167,0.085	0.232,0.268	-0.124
2533	"ENSG00000071564.10"	"TCF3"	chr19	-	1615283	1615820	1615283	1615519	1615684	1615820	2533	12,32	80,123	15,10	111,90	197	99	0.0653442368417	0.682388718948	0.07,0.116	0.064,0.053	0.035
2569	"ENSG00000100802.10"	"C14orf93"	chr14	-	23467635	23468365	23467635	23467950	23468262	23468365	2569	39,24	4,4	62,45	2,2	197	99	0.0649763303322	0.682388718948	0.831,0.751	0.94,0.919	-0.139
4542	"ENSG00000197622.8"	"CDC42SE1"	chr1	-	151027491	151028469	151027491	151027602	151028152	151028469	4542	261,72	376,447	207,158	365,311	197	99	0.0653026383381	0.682388718948	0.259,0.075	0.222,0.203	-0.046
7269	"ENSG00000215041.5"	"NEURL4"	chr17	-	7224878	7225329	7224878	7225106	7225183	7225329	7269	12,5	40,38	10,7	22,15	175	99	0.0653363688061	0.682388718948	0.145,0.069	0.205,0.209	-0.1
4215	"ENSG00000158856.13"	"DMTN"	chr8	+	21926526	21927029	21926526	21926571	21926929	21927029	4215	12,0	69,34	14,7	55,30	197	99	0.065706267884	0.684667937995	0.08,0.0	0.113,0.105	-0.069
2064	"ENSG00000141499.12"	"WRAP53"	chr17	+	7591794	7592397	7591794	7591879	7591965	7592397	2064	31,40	77,98	22,16	91,60	184	99	0.0659105178692	0.685296694526	0.178,0.18	0.115,0.125	0.059
4859	"ENSG00000167996.11"	"FTH1"	chr11	-	61734783	61735103	61734783	61734843	61734929	61735103	4859	2239,2015	134,127	2107,1264	186,85	184	99	0.0663988903844	0.68555342638	0.9,0.895	0.859,0.889	0.023
5006	"ENSG00000130560.4"	"UBAC1"	chr9	-	138836873	138837519	138836873	138837096	138837450	138837519	5006	383,176	1,11	383,265	3,2	197	99	0.0664093145031	0.68555342638	0.995,0.889	0.985,0.985	-0.043
666	"ENSG00000163214.16"	"DHX57"	chr2	-	39081195	39082394	39081195	39081320	39082198	39082394	666	3,3	44,51	4,3	23,17	197	99	0.066294833409	0.68555342638	0.033,0.029	0.08,0.081	-0.05
6759	"ENSG00000183258.7"	"DDX41"	chr5	-	176943288	176943836	176943288	176943448	176943725	176943836	6759	20,13	102,131	11,7	134,100	197	99	0.0665110632061	0.68555342638	0.09,0.048	0.04,0.034	0.032
1797	"ENSG00000099622.9"	"CIRBP"	chr19	+	1271138	1271364	1271138	1271245	1271327	1271364	1797	15,13	459,676	17,14	380,365	180	99	0.0669892087812	0.68665295858	0.018,0.01	0.024,0.021	-0.009
5030	"ENSG00000214706.6"	"IFRD2"	chr3	-	50326877	50327193	50326877	50327059	50327142	50327193	5030	1,3	18,32	7,5	26,18	181	99	0.0669084687785	0.68665295858	0.029,0.049	0.128,0.132	-0.091
7260	"ENSG00000080189.10"	"SLC35C2"	chr20	-	44978166	44979529	44978166	44979163	44979399	44979529	7260	34,81	29,55	47,31	55,34	197	99	0.0670503203989	0.68665295858	0.371,0.425	0.3,0.314	0.091
457	"ENSG00000064545.10"	"TMEM161A"	chr19	-	19232116	19232477	19232116	19232230	19232333	19232477	457	17,5	52,51	15,12	39,28	197	99	0.0672037635415	0.68674747207	0.141,0.047	0.162,0.177	-0.075
4871	"ENSG00000114745.9"	"GORASP1"	chr3	-	39141795	39142368	39141795	39141994	39142237	39142368	4871	5,7	96,64	12,8	76,51	197	99	0.0683597906613	0.697064931754	0.026,0.052	0.074,0.073	-0.034
257	"ENSG00000141349.4"	"G6PC3"	chr17	+	42152336	42152819	42152336	42152455	42152643	42152819	257	5,0	0,1	1,1	0,0	197	99	0.0688578258474	0.700643091208	1.0,0.0	1.0,1.0	-0.5
4210	"ENSG00000121022.9"	"COPS5"	chr8	-	67971445	67974259	67971445	67971680	67974080	67974259	4210	1,3	11,9	6,5	8,6	197	99	0.0691196770514	0.701535571551	0.044,0.143	0.274,0.295	-0.191
6737	"ENSG00000182196.9"	"ARL6IP4"	chr12	+	123465675	123466426	123465675	123465813	123466141	123466426	6737	162,202	59,37	153,112	62,47	197	99	0.0692401761086	0.701535571551	0.58,0.733	0.554,0.545	0.107
4832	"ENSG00000131697.13"	"NPHP4"	chr1	-	5924397	5926518	5924397	5924573	5926432	5926518	4832	8,0	0,1	2,3	0,0	197	99	0.0695615186626	0.703295014589	1.0,0.0	1.0,1.0	-0.5
102	"ENSG00000241945.3"	"PWP2"	chr21	+	45544460	45546000	45544460	45544608	45545891	45546000	102	7,3	233,230	8,5	148,128	197	99	0.0699857239245	0.706084782476	0.015,0.007	0.026,0.019	-0.011
3749	"ENSG00000100395.10"	"L3MBTL2"	chr22	+	41623092	41623873	41623092	41623327	41623807	41623873	3749	8,5	34,45	8,6	22,17	197	99	0.0702115260495	0.706865300312	0.106,0.053	0.155,0.151	-0.073
1831	"ENSG00000197841.10"	"ZNF181"	chr19	+	35225479	35225951	35225479	35225709	35225874	35225951	1831	0,6	1,0	2,2	0,0	197	99	0.0718551715057	0.714351412756	0.0,1.0	1.0,1.0	-0.5
3392	"ENSG00000159840.11"	"ZYX"	chr7	+	143079340	143079778	143079340	143079540	143079685	143079778	3392	3,11	247,150	12,6	150,106	197	99	0.0716754962014	0.714351412756	0.006,0.036	0.039,0.028	-0.013
4287	"ENSG00000104231.6"	"ZFAND1"	chr8	-	82627038	82627349	82627038	82627130	82627221	82627349	4287	8,6	71,31	6,5	103,69	189	99	0.0715405365964	0.714351412756	0.056,0.092	0.03,0.037	0.04
4628	"ENSG00000132781.13"	"MUTYH"	chr1	-	45798434	45798996	45798434	45798506	45798589	45798996	4628	14,11	70,37	13,9	29,21	181	99	0.071166557691	0.714351412756	0.099,0.14	0.197,0.19	-0.074
6257	"ENSG00000196155.8"	"PLEKHG4"	chr16	+	67311412	67314709	67311412	67314446	67314613	67314709	6257	9,4	13,9	13,11	9,7	197	99	0.0717957168642	0.714351412756	0.258,0.183	0.421,0.441	-0.21
6710	"ENSG00000168488.14"	"ATXN2L"	chr16	+	28846598	28847079	28846598	28846720	28846875	28847079	6710	262,283	12,21	346,214	12,7	197	99	0.0714925310889	0.714351412756	0.916,0.871	0.935,0.939	-0.044
110	"ENSG00000100429.13"	"HDAC10"	chr22	-	50686653	50686901	50686653	50686721	50686794	50686901	110	4,5	32,27	8,6	23,15	171	99	0.0736245617809	0.715437909207	0.067,0.097	0.168,0.188	-0.096
1225	"ENSG00000103202.8"	"NME4"	chr16	+	450218	450416	450218	450294	450379	450416	1225	483,546	15,7	560,422	6,4	183	99	0.0750683648319	0.715437909207	0.946,0.977	0.981,0.983	-0.02
1420	"ENSG00000114388.8"	"NPRL2"	chr3	-	50387095	50387453	50387095	50387264	50387361	50387453	1420	2,1	31,13	5,3	18,12	195	99	0.0733789368288	0.715437909207	0.032,0.038	0.124,0.113	-0.083
1748	"ENSG00000123154.7"	"WDR83"	chr19	+	12780568	12780894	12780568	12780707	12780790	12780894	1748	12,7	7,5	4,2	8,5	181	99	0.07577330242	0.715437909207	0.484,0.434	0.215,0.18	0.261
2075	"ENSG00000159593.10"	"NAE1"	chr16	-	66839679	66839833	66839679	66839729	66839814	66839833	2075	15,16	235,209	1,1	7,7	183	99	0.0758706728579	0.715437909207	0.033,0.04	0.072,0.072	-0.035
221	"ENSG00000153914.11"	"SREK1"	chr5	+	65458241	65459750	65458241	65458311	65459619	65459750	221	191,137	15,39	181,163	19,9	197	99	0.0757480669897	0.715437909207	0.865,0.638	0.827,0.901	-0.112
2484	"ENSG00000256223.1"	"ZNF10"	chr12	+	133707196	133707600	133707196	133707340	133707422	133707600	2484	0,0	8,14	2,2	7,5	180	99	0.0741414808984	0.715437909207	0.0,0.0	0.136,0.18	-0.158
2632	"ENSG00000108465.10"	"CDK5RAP3"	chr17	+	46052879	46053379	46052879	46053019	46053234	46053379	2632	313,125	171,103	279,200	131,98	197	99	0.0742984292581	0.715437909207	0.479,0.379	0.517,0.506	-0.083
2885	"ENSG00000131748.11"	"STARD3"	chr17	+	37814225	37814775	37814225	37814279	37814657	37814775	2885	16,36	60,65	32,17	41,31	197	99	0.0730355586852	0.715437909207	0.118,0.218	0.282,0.216	-0.081
348	"ENSG00000104880.13"	"ARHGEF18"	chr19	+	7535011	7537363	7535011	7535201	7535422	7537363	348	21,41	2,0	23,13	3,3	197	99	0.0745844084663	0.715437909207	0.841,1.0	0.794,0.685	0.181
3676	"ENSG00000163472.14"	"TMEM79"	chr1	+	156254974	156256264	156254974	156255774	156256050	156256264	3676	14,6	8,2	4,3	7,5	197	99	0.0755670993877	0.715437909207	0.468,0.601	0.223,0.232	0.307
3793	"ENSG00000214941.3"	"ZSWIM7"	chr17	-	15881040	15881477	15881040	15881227	15881357	15881477	3793	23,7	3,1	13,11	6,5	197	99	0.0737931678488	0.715437909207	0.794,0.779	0.521,0.525	0.263
4034	"ENSG00000136878.8"	"USP20"	chr9	+	132642391	132644107	132642391	132642568	132642745	132644107	4034	120,122	114,62	102,78	102,91	197	99	0.0731726904561	0.715437909207	0.346,0.497	0.334,0.301	0.104
4048	"ENSG00000161204.7"	"ABCF3"	chr3	+	183904294	183904663	183904294	183904442	183904583	183904663	4048	1,5	119,117	6,5	96,72	197	99	0.075781739917	0.715437909207	0.004,0.021	0.03,0.034	-0.019
4448	"ENSG00000135837.11"	"CEP350"	chr1	+	180080131	180082515	180080131	180080330	180081571	180082515	4448	53,95	11,21	45,33	4,3	197	99	0.0729718466777	0.715437909207	0.708,0.695	0.85,0.847	-0.147
4457	"ENSG00000166986.8"	"MARS"	chr12	+	57909702	57910120	57909702	57909774	57909898	57910120	4457	48,11	3,0	60,60	0,0	197	99	0.0735741309775	0.715437909207	0.889,1.0	1.0,1.0	-0.055
503	"ENSG00000141959.12"	"PFKL"	chr21	+	45733795	45736222	45733795	45733904	45736126	45736222	503	15,8	145,110	18,11	109,75	197	99	0.0739463088875	0.715437909207	0.049,0.035	0.077,0.069	-0.031
5206	"ENSG00000204356.7"	"NELFE"	chr6	-	31924469	31924787	31924469	31924615	31924717	31924787	5206	6,0	0,224	1,1	284,218	197	99	0.0757877401293	0.715437909207	1.0,0.0	0.002,0.002	0.498
5663	"ENSG00000152556.11"	"PFKM"	chr12	+	48528725	48529166	48528725	48528821	48529073	48529166	5663	23,18	77,92	27,19	68,50	197	99	0.0752745755041	0.715437909207	0.131,0.09	0.166,0.16	-0.053
6140	"ENSG00000183735.5"	"TBK1"	chr12	+	64879234	64879797	64879234	64879293	64879705	64879797	6140	0,1	53,75	2,2	43,31	197	99	0.0742230591319	0.715437909207	0.0,0.007	0.023,0.031	-0.024
6488	"ENSG00000173486.8"	"FKBP2"	chr11	+	64010670	64010969	64010670	64010783	64010922	64010969	6488	13,20	387,353	25,15	314,244	197	99	0.0734171677849	0.715437909207	0.017,0.028	0.038,0.03	-0.012
6503	"ENSG00000156253.2"	"RWDD2B"	chr21	-	30380560	30380942	30380560	30380628	30380715	30380942	6503	2,3	39,19	4,3	15,12	185	99	0.074902570096	0.715437909207	0.027,0.078	0.125,0.118	-0.069
665	"ENSG00000122218.10"	"COPA"	chr1	-	160267132	160267372	160267132	160267228	160267345	160267372	665	4,0	0,125	1,2	87,187	197	99	0.0756396865439	0.715437909207	1.0,0.0	0.006,0.005	0.494
6711	"ENSG00000168488.14"	"ATXN2L"	chr16	+	28846598	28847079	28846598	28846720	28846866	28847079	6711	25,36	29,51	23,13	51,28	197	99	0.0748331061125	0.715437909207	0.302,0.262	0.185,0.189	0.095
7310	"ENSG00000178971.9"	"CTC1"	chr17	-	8133208	8133786	8133208	8133286	8133611	8133786	7310	15,15	38,22	21,13	21,15	197	99	0.0754696847678	0.715437909207	0.166,0.255	0.334,0.303	-0.108
927	"ENSG00000138002.10"	"IFT172"	chr2	-	27680707	27681090	27680707	27680843	27680992	27681090	927	15,5	17,9	25,15	14,10	197	99	0.0746825063211	0.715437909207	0.307,0.218	0.473,0.43	-0.189
1383	"ENSG00000104907.8"	"TRMT1"	chr19	-	13216080	13216420	13216080	13216210	13216300	13216420	1383	57,50	62,48	50,35	33,24	188	99	0.0766432069203	0.717429007105	0.326,0.354	0.444,0.434	-0.099
3222	"ENSG00000172053.10"	"QARS"	chr3	-	49135785	49136125	49135785	49135913	49136032	49136125	3222	18,3	224,130	20,13	185,137	197	99	0.0768971491098	0.717429007105	0.039,0.011	0.052,0.046	-0.024
4092	"ENSG00000130821.11"	"SLC6A8"	chrX	+	152958600	152958821	152958600	152958630	152958717	152958821	4092	6,7	657,620	3,3	87,109	185	99	0.0768671005746	0.717429007105	0.005,0.006	0.018,0.015	-0.011
4141	"ENSG00000129353.10"	"SLC44A2"	chr19	+	10745838	10746191	10745838	10745931	10746106	10746191	4141	5,3	76,96	10,7	94,63	197	99	0.0771364241154	0.717429007105	0.032,0.015	0.051,0.053	-0.028
4464	"ENSG00000166986.8"	"MARS"	chr12	+	57909898	57910120	57909898	57909941	57910027	57910120	4464	27,24	4,5	39,35	2,2	184	99	0.0763865400392	0.717429007105	0.784,0.721	0.913,0.904	-0.156
6799	"ENSG00000135124.10"	"P2RX4"	chr12	+	121659896	121660846	121659896	121659969	121660749	121660846	6799	3,1	23,28	4,3	19,8	197	99	0.0767174697838	0.717429007105	0.062,0.018	0.096,0.159	-0.087
6805	"ENSG00000141452.5"	"C18orf8"	chr18	+	21110192	21110576	21110192	21110261	21110350	21110576	6805	2,3	114,52	5,4	60,46	187	99	0.0770242036962	0.717429007105	0.009,0.03	0.042,0.044	-0.023
136	"ENSG00000185033.10"	"SEMA4B"	chr15	+	90768199	90768629	90768199	90768410	90768513	90768629	136	0,0	30,12	1,1	10,7	197	99	0.0781820469647	0.718864091197	0.0,0.0	0.048,0.067	-0.058
1422	"ENSG00000114388.8"	"NPRL2"	chr3	-	50386816	50387259	50386816	50386925	50387095	50387259	1422	19,8	26,42	21,14	25,19	197	99	0.0775673469293	0.718864091197	0.269,0.087	0.297,0.27	-0.105
2974	"ENSG00000187961.9"	"KLHL17"	chr1	+	897205	897858	897205	897427	897665	897858	2974	65,48	0,0	64,42	4,2	197	99	0.0786493472309	0.718864091197	1.0,1.0	0.889,0.913	0.099
3597	"ENSG00000167965.13"	"MLST8"	chr16	+	2256358	2256660	2256358	2256410	2256484	2256660	3597	42,44	14,10	47,32	6,4	172	99	0.0779995710373	0.718864091197	0.633,0.717	0.818,0.822	-0.145
428	"ENSG00000135164.14"	"DMTF1"	chr7	+	86792113	86792648	86792113	86792361	86792554	86792648	428	0,22	2,3	5,5	0,0	197	99	0.078366311688	0.718864091197	0.0,0.787	1.0,1.0	-0.607
4766	"ENSG00000094631.14"	"HDAC6"	chrX	+	48676447	48676819	48676447	48676516	48676626	48676819	4766	5,7	23,13	3,2	29,17	197	99	0.0777557363854	0.718864091197	0.098,0.213	0.049,0.056	0.103
502	"ENSG00000141959.12"	"PFKL"	chr21	+	45739233	45740030	45739233	45739298	45739966	45740030	502	18,14	156,117	24,13	113,80	197	99	0.0784113763967	0.718864091197	0.055,0.057	0.096,0.075	-0.029
5363	"ENSG00000038358.10"	"EDC4"	chr16	+	67915570	67916012	67915570	67915748	67915856	67916012	5363	40,83	49,113	42,30	84,55	197	99	0.0786262869656	0.718864091197	0.291,0.27	0.201,0.215	0.072
5914	"ENSG00000008128.18"	"CDK11A"	chr1	-	1634914	1635379	1634914	1635063	1635262	1635379	5914	53,51	132,61	39,24	101,74	197	99	0.0777794753968	0.718864091197	0.168,0.296	0.163,0.14	0.08
1600	"ENSG00000119723.11"	"COQ6"	chr14	+	74426117	74428078	74426117	74426225	74427875	74428078	1600	0,2	19,16	5,3	16,12	197	99	0.07954084866	0.725619772642	0.0,0.059	0.136,0.112	-0.095
447	"ENSG00000006712.10"	"PAF1"	chr19	-	39880708	39880929	39880708	39880801	39880899	39880929	447	6,9	153,167	3,1	148,110	196	99	0.0800711808985	0.729061115561	0.019,0.026	0.01,0.005	0.015
4021	"ENSG00000136699.15"	"SMPD4"	chr2	-	130911849	130912832	130911849	130912055	130912668	130912832	4021	12,20	118,171	23,13	118,82	197	99	0.0807661867202	0.733985841911	0.049,0.056	0.089,0.074	-0.029
3257	"ENSG00000134905.12"	"CARS2"	chr13	-	111294661	111296529	111294661	111294868	111296411	111296529	3257	10,7	9,13	12,8	6,4	197	99	0.0810467434368	0.735132556659	0.358,0.213	0.501,0.501	-0.216
3418	"ENSG00000164050.8"	"PLXNB1"	chr3	-	48454477	48455227	48454477	48454578	48455078	48455227	3418	5,3	13,7	8,5	6,5	197	99	0.0812189395338	0.735293897452	0.162,0.177	0.401,0.334	-0.198
6818	"ENSG00000110651.7"	"CD81"	chr11	+	2415077	2415422	2415077	2415134	2415324	2415422	6818	0,4	1,0	3,1	0,0	197	99	0.0819710955442	0.740695174538	0.0,1.0	1.0,1.0	-0.5
2547	"ENSG00000102119.6"	"EMD"	chrX	+	153609112	153609315	153609112	153609162	153609268	153609315	2547	153,144	0,0	70,68	1,1	197	99	0.0823204538021	0.74120883218	1.0,1.0	0.972,0.972	0.028
2651	"ENSG00000131652.9"	"THOC6"	chr16	+	3075924	3076289	3075924	3075989	3076063	3076289	2651	9,2	35,46	14,10	49,33	172	99	0.082339242382	0.74120883218	0.129,0.024	0.141,0.149	-0.068
6158	"ENSG00000128694.7"	"OSGEPL1"	chr2	-	190618641	190619071	190618641	190618790	190618866	190619071	6158	1,2	35,40	3,2	21,14	174	99	0.0828013826917	0.742561552501	0.016,0.028	0.075,0.075	-0.053
6676	"ENSG00000090520.6"	"DNAJB11"	chr3	+	186295456	186295849	186295456	186295589	186295773	186295849	6676	0,28	1,0	10,10	0,0	197	99	0.0827677345538	0.742561552501	0.0,1.0	1.0,1.0	-0.5
4333	"ENSG00000184205.10"	"TSPYL2"	chrX	+	53113713	53114048	53113713	53113804	53113936	53114048	4333	8,23	46,45	27,13	41,26	197	99	0.0832310345268	0.745011628603	0.08,0.204	0.249,0.201	-0.083
2839	"ENSG00000108443.9"	"RPS6KB1"	chr17	+	58013575	58013902	58013575	58013638	58013824	58013902	2839	1,1	28,32	2,2	15,12	197	99	0.0838243574302	0.748914803157	0.018,0.015	0.063,0.077	-0.054
5751	"ENSG00000011243.13"	"AKAP8L"	chr19	-	15514285	15514526	15514285	15514366	15514463	15514526	5751	259,431	0,3	310,232	5,3	195	99	0.0842550673086	0.751353240681	1.0,0.986	0.969,0.975	0.021
5498	"ENSG00000165671.14"	"NSD1"	chr5	+	176562087	176563031	176562087	176562201	176562941	176563031	5498	3,7	42,33	6,4	19,14	197	99	0.0844447594335	0.751637279294	0.035,0.096	0.137,0.126	-0.066
2414	"ENSG00000089916.13"	"GPATCH2L"	chr14	+	76621086	76621321	76621086	76621099	76621222	76621321	2414	36,56	1,3	13,15	2,2	197	99	0.0857283768047	0.752059931289	0.948,0.904	0.766,0.79	0.148
2779	"ENSG00000090863.7"	"GLG1"	chr16	-	74496385	74497377	74496385	74496528	74497253	74497377	2779	1,9	90,59	10,8	72,53	197	99	0.0850772503675	0.752059931289	0.006,0.071	0.065,0.071	-0.03
2834	"ENSG00000143499.9"	"SMYD2"	chr1	+	214504292	214507651	214504292	214504413	214505360	214507651	2834	19,39	121,13	16,11	74,59	197	99	0.0855735780359	0.752059931289	0.073,0.601	0.098,0.086	0.245
327	"ENSG00000196683.6"	"TOMM7"	chr7	-	22857618	22857954	22857618	22857667	22857811	22857954	327	0,2	1,0	1,1	0,0	197	99	0.0857863108746	0.752059931289	0.0,1.0	1.0,1.0	-0.5
4853	"ENSG00000137221.10"	"TJAP1"	chr6	+	43470325	43471246	43470325	43470355	43471138	43471246	4853	2,0	0,1	1,1	0,0	197	99	0.0857863108746	0.752059931289	1.0,0.0	1.0,1.0	-0.5
5053	"ENSG00000185000.5"	"DGAT1"	chr8	-	145541757	145542025	145541757	145541832	145541923	145542025	5053	9,22	174,179	24,18	163,137	189	99	0.0856891643253	0.752059931289	0.026,0.06	0.072,0.064	-0.025
5757	"ENSG00000162191.9"	"UBXN1"	chr11	-	62444989	62445304	62444989	62445106	62445252	62445304	5757	45,34	401,347	59,37	369,283	197	99	0.0859136082783	0.752059931289	0.053,0.047	0.074,0.062	-0.018
721	"ENSG00000147180.12"	"ZNF711"	chrX	+	84501935	84502657	84501935	84502078	84502552	84502657	721	0,5	1,0	2,4	0,0	197	99	0.085642291904	0.752059931289	0.0,1.0	1.0,1.0	-0.5
7555	"ENSG00000165810.12"	"BTNL9"	chr5	+	180480468	180481259	180480468	180480501	180481238	180481259	7555	37,30	21,42	24,15	9,8	197	99	0.0850032635633	0.752059931289	0.47,0.264	0.573,0.485	-0.162
1290	"ENSG00000163516.9"	"ANKZF1"	chr2	+	220098854	220100034	220098854	220099010	220099547	220100034	1290	90,54	56,85	163,103	90,69	197	99	0.0877260779313	0.754660410066	0.447,0.242	0.476,0.429	-0.108
1804	"ENSG00000137074.14"	"APTX"	chr9	-	32987541	32988132	32987541	32987729	32988089	32988132	1804	148,125	8,4	126,114	2,1	197	99	0.0869022555804	0.754660410066	0.903,0.94	0.969,0.983	-0.054
1929	"ENSG00000082269.12"	"FAM135A"	chr6	+	71234045	71236401	71234045	71234201	71234633	71236401	1929	0,17	2,0	6,8	0,0	197	99	0.0864188122808	0.754660410066	0.0,1.0	1.0,1.0	-0.5
215	"ENSG00000167508.6"	"MVD"	chr16	-	88723843	88724437	88723843	88723990	88724322	88724437	215	4,16	80,85	24,18	122,78	197	99	0.0875990584351	0.754660410066	0.025,0.086	0.09,0.104	-0.042
2166	"ENSG00000078061.8"	"ARAF"	chrX	+	47426087	47426310	47426087	47426179	47426282	47426310	2166	2,1	0,48	0,0	31,33	197	99	0.0868151527455	0.754660410066	1.0,0.01	0.0,0.0	0.505
2678	"ENSG00000175634.10"	"RPS6KB2"	chr11	+	67196997	67200128	67196997	67197066	67200070	67200128	2678	2,6	1,3	10,8	1,0	197	99	0.0874035475154	0.754660410066	0.501,0.501	0.834,1.0	-0.416
5139	"ENSG00000077152.5"	"UBE2T"	chr1	-	202302137	202302463	202302137	202302221	202302364	202302463	5139	25,46	343,487	51,35	421,299	197	99	0.087804164337	0.754660410066	0.035,0.045	0.057,0.056	-0.017
6987	"ENSG00000120784.11"	"ZFP30"	chr19	-	38123388	38127206	38123388	38123821	38124545	38127206	6987	0,4	2,1	2,2	0,0	197	99	0.0869627338895	0.754660410066	0.0,0.668	1.0,1.0	-0.666
7055	"ENSG00000111364.11"	"DDX55"	chr12	+	124090477	124090706	124090477	124090528	124090619	124090706	7055	1,1	47,50	3,3	37,28	189	99	0.0874619559589	0.754660410066	0.011,0.01	0.041,0.053	-0.037
7385	"ENSG00000184445.7"	"KNTC1"	chr12	+	123078459	123078932	123078459	123078505	123078822	123078932	7385	54,42	0,0	68,50	5,3	197	99	0.0879539117149	0.754660410066	1.0,1.0	0.872,0.893	0.117
770	"ENSG00000175455.10"	"CCDC14"	chr3	-	123675201	123675642	123675201	123675274	123675586	123675642	770	67,40	60,51	50,37	33,27	197	99	0.0873809597076	0.754660410066	0.359,0.283	0.432,0.408	-0.099
1810	"ENSG00000108039.13"	"XPNPEP1"	chr10	-	111635285	111637625	111635285	111635357	111637547	111637625	1810	9,9	33,55	12,8	30,21	197	99	0.0884229132879	0.755960346637	0.121,0.076	0.167,0.161	-0.066
4399	"ENSG00000184281.10"	"TSSC4"	chr11	+	2423840	2425106	2423840	2423882	2424074	2425106	4399	79,90	2,1	49,32	3,2	197	99	0.0882818680137	0.755960346637	0.952,0.978	0.891,0.889	0.075
1116	"ENSG00000094880.6"	"CDC23"	chr5	-	137527550	137528077	137527550	137527626	137527957	137528077	1116	6,0	90,196	4,4	85,63	197	99	0.0889797419054	0.756807709937	0.032,0.0	0.023,0.031	-0.011
2460	"ENSG00000166946.9"	"CCNDBP1"	chr15	+	43478017	43478431	43478017	43478077	43478351	43478431	2460	28,3	74,72	20,13	58,37	197	99	0.0891088197392	0.756807709937	0.16,0.021	0.148,0.15	-0.058
3678	"ENSG00000165280.11"	"VCP"	chr9	-	35061999	35062347	35061999	35062135	35062213	35062347	3678	6,10	623,770	14,10	538,425	176	99	0.0891184418427	0.756807709937	0.005,0.007	0.014,0.013	-0.007
5616	"ENSG00000221914.4"	"PPP2R2A"	chr8	+	26220199	26221406	26220199	26220364	26221236	26221406	5616	3,4	152,193	6,3	109,80	197	99	0.089157733153	0.756807709937	0.01,0.01	0.027,0.018	-0.012
2224	"ENSG00000160753.11"	"RUSC1"	chr1	+	155294892	155295281	155294892	155294969	155295106	155295281	2224	2,6	14,38	7,5	20,12	197	99	0.0895081140207	0.757082840083	0.067,0.074	0.15,0.173	-0.091
6458	"ENSG00000173821.15"	"RNF213"	chr17	+	78362411	78363167	78362411	78362489	78362972	78363167	6458	28,0	51,17	18,10	26,14	197	99	0.0893493011857	0.757082840083	0.216,0.0	0.258,0.264	-0.153
6975	"ENSG00000198805.7"	"PNP"	chr14	+	20942630	20943107	20942630	20942734	20942931	20943107	6975	31,14	123,244	29,19	133,113	197	99	0.09008615006	0.760621004585	0.112,0.028	0.099,0.078	-0.018
5623	"ENSG00000136448.7"	"NMT1"	chr17	+	43181076	43181690	43181076	43181244	43181488	43181690	5623	0,34	2,1	8,8	0,0	197	99	0.0912434064201	0.769028498004	0.0,0.945	1.0,1.0	-0.528
3224	"ENSG00000172053.10"	"QARS"	chr3	-	49140777	49141139	49140777	49140842	49141063	49141139	3224	92,41	383,243	55,44	369,272	197	99	0.0915297518517	0.770078936957	0.108,0.078	0.07,0.075	0.02
382	"ENSG00000140650.7"	"PMM2"	chr16	+	8895937	8896246	8895937	8896002	8896146	8896246	382	1,0	0,1	1,1	0,0	197	99	0.0930840011398	0.778872193065	1.0,0.0	1.0,1.0	-0.5
4701	"ENSG00000168010.6"	"ATG16L2"	chr11	+	72537562	72538338	72537562	72537634	72538232	72538338	4701	0,1	1,0	1,1	0,0	197	99	0.0930840011398	0.778872193065	0.0,1.0	1.0,1.0	-0.5
4835	"ENSG00000117335.14"	"CD46"	chr1	+	207932983	207934791	207932983	207933069	207934593	207934791	4835	52,75	278,295	69,48	220,174	197	99	0.0927782770955	0.778872193065	0.086,0.113	0.136,0.122	-0.029
5105	"ENSG00000234741.3"	"GAS5"	chr1	-	173835665	173835934	173835665	173835719	173835898	173835934	5105	0,237	1,0	145,226	0,0	197	99	0.0932291369272	0.778872193065	0.0,1.0	1.0,1.0	-0.5
4239	"ENSG00000133858.11"	"ZFC3H1"	chr12	-	72050122	72051081	72050122	72050343	72050664	72051081	4239	0,4	2,0	1,1	0,0	197	99	0.0934044789728	0.778935769467	0.0,1.0	1.0,1.0	-0.5
5181	"ENSG00000198198.9"	"SZT2"	chr1	+	43893200	43893789	43893200	43893405	43893673	43893789	5181	8,0	35,14	10,7	26,18	197	99	0.0935638933505	0.778935769467	0.103,0.0	0.162,0.163	-0.111
5424	"ENSG00000130589.12"	"HELZ2"	chr20	-	62202037	62204574	62202037	62202221	62203460	62204574	5424	0,1	6,5	1,1	1,1	197	99	0.0942288598158	0.781738380562	0.0,0.091	0.334,0.334	-0.289
5926	"ENSG00000105655.14"	"ISYNA1"	chr19	-	18546203	18546451	18546203	18546293	18546372	18546451	5926	3,9	171,106	4,4	166,240	177	99	0.0940853664081	0.781738380562	0.01,0.045	0.013,0.009	0.017
5381	"ENSG00000169733.7"	"RFNG"	chr17	-	80007552	80007882	80007552	80007718	80007793	80007882	5381	4,7	21,27	11,7	22,14	173	99	0.094950042965	0.78635148626	0.098,0.129	0.222,0.222	-0.108
1242	"ENSG00000106327.8"	"TFR2"	chr7	-	100224886	100225284	100224886	100225114	100225199	100225284	1242	33,104	30,94	86,67	109,83	183	99	0.0953232643239	0.786706039359	0.373,0.374	0.299,0.304	0.072
3227	"ENSG00000172053.10"	"QARS"	chr3	-	49135624	49135913	49135624	49135691	49135785	49135913	3227	25,22	358,187	21,12	331,252	192	99	0.095208080586	0.786706039359	0.035,0.057	0.032,0.024	0.018
1521	"ENSG00000182944.13"	"EWSR1"	chr22	+	29668211	29668420	29668211	29668241	29668374	29668420	1521	43,361	3,6	73,102	4,5	197	99	0.0956539931087	0.787464857277	0.878,0.968	0.902,0.911	0.016
2361	"ENSG00000100038.15"	"TOP3B"	chr22	-	22313503	22314108	22313503	22313604	22314022	22314108	2361	116,65	7,5	141,105	4,3	197	99	0.0960354423646	0.787464857277	0.893,0.867	0.947,0.946	-0.066
4504	"ENSG00000188827.6"	"SLX4"	chr16	-	3650979	3652308	3650979	3651192	3652118	3652308	4504	9,0	18,5	8,4	7,4	197	99	0.0961835225699	0.787464857277	0.201,0.0	0.365,0.334	-0.249
5240	"ENSG00000112739.12"	"PRPF4B"	chr6	+	4061888	4062533	4061888	4061934	4062446	4062533	5240	204,115	47,60	167,130	38,25	197	99	0.0958761489429	0.787464857277	0.686,0.491	0.688,0.723	-0.117
6022	"ENSG00000163702.14"	"IL17RC"	chr3	+	9965564	9965975	9965564	9965704	9965915	9965975	6022	19,3	13,11	31,15	15,8	197	99	0.0962420300158	0.787464857277	0.423,0.121	0.509,0.485	-0.225
1088	"ENSG00000167103.7"	"PIP5KL1"	chr9	-	130689431	130689610	130689431	130689487	130689575	130689610	1088	0,2	1,0	0,0	1,1	186	99	0.0969289075731	0.791724627552	0.0,1.0	0.0,0.0	0.5
1842	"ENSG00000123349.9"	"PFDN5"	chr12	+	53689622	53690251	53689622	53689725	53690213	53690251	1842	41,33	3,0	43,28	5,5	197	99	0.0971634519852	0.792281435537	0.873,1.0	0.812,0.738	0.161
2216	"ENSG00000127054.14"	"CPSF3L"	chr1	-	1248414	1248972	1248414	1248504	1248888	1248972	2216	0,15	186,173	12,7	143,105	197	99	0.0989830409589	0.795119046095	0.0,0.042	0.04,0.032	-0.015
2457	"ENSG00000176986.10"	"SEC24C"	chr10	+	75530037	75530556	75530037	75530229	75530466	75530556	2457	68,25	205,244	62,43	223,147	197	99	0.0985410681156	0.795119046095	0.143,0.049	0.123,0.128	-0.029
3588	"ENSG00000102225.11"	"CDK16"	chrX	+	47086392	47086622	47086392	47086498	47086579	47086622	3588	4,2	156,158	6,4	125,91	179	99	0.099515109507	0.795119046095	0.014,0.007	0.026,0.024	-0.015
3690	"ENSG00000163050.12"	"ADCK3"	chr1	+	227169727	227170464	227169727	227169850	227170378	227170464	3690	8,3	79,79	11,6	75,46	197	99	0.0992622086054	0.795119046095	0.048,0.019	0.069,0.062	-0.032
4106	"ENSG00000132522.11"	"GPS2"	chr17	-	7216886	7217307	7216886	7217040	7217224	7217307	4106	57,101	103,55	35,26	68,44	197	99	0.0990010177773	0.795119046095	0.218,0.48	0.206,0.229	0.131
4498	"ENSG00000101574.10"	"METTL4"	chr18	-	2552693	2555037	2552693	2552763	2554667	2555037	4498	2,4	54,56	5,3	35,24	197	99	0.0988055421733	0.795119046095	0.018,0.035	0.067,0.059	-0.036
4909	"ENSG00000108107.8"	"RPL28"	chr19	+	55897937	55899416	55897937	55898042	55899297	55899416	4909	4209,4011	91,58	4540,3013	114,63	197	99	0.0979954391209	0.795119046095	0.959,0.972	0.952,0.96	0.01
5068	"ENSG00000104731.9"	"KLHDC4"	chr16	-	87788799	87790083	87788799	87788898	87790004	87790083	5068	14,14	61,44	12,10	27,20	197	99	0.0983010831338	0.795119046095	0.103,0.138	0.183,0.201	-0.072
5792	"ENSG00000119650.8"	"IFT43"	chr14	+	76548637	76549035	76548637	76548710	76548959	76549035	5792	2,0	8,10	3,2	5,4	197	99	0.0990790740143	0.795119046095	0.112,0.0	0.232,0.201	-0.161
6005	"ENSG00000115307.12"	"AUP1"	chr2	-	74755877	74756409	74755877	74756062	74756258	74756409	6005	104,114	260,172	134,85	181,141	197	99	0.0984989000473	0.795119046095	0.167,0.25	0.271,0.233	-0.043
6668	"ENSG00000155975.5"	"VPS37A"	chr8	+	17137747	17137952	17137747	17137806	17137883	17137952	6668	0,1	38,48	2,1	22,19	175	99	0.097826670627	0.795119046095	0.0,0.012	0.049,0.029	-0.033
7250	"ENSG00000143793.8"	"C1orf35"	chr1	-	228290010	228290261	228290010	228290083	228290178	228290261	7250	0,4	10,21	4,3	10,7	193	99	0.0994251543546	0.795119046095	0.0,0.089	0.17,0.18	-0.131
276	"ENSG00000160447.6"	"PKN3"	chr9	+	131476919	131477144	131476919	131476943	131477076	131477144	276	1,15	41,106	2,3	60,63	197	99	0.100798000561	0.802675716842	0.012,0.066	0.016,0.023	0.019
87	"ENSG00000136450.8"	"SRSF1"	chr17	-	56082283	56083334	56082283	56082402	56083161	56083334	87	2342,94	10,0	1528,1364	13,11	197	99	0.100792058428	0.802675716842	0.992,1.0	0.983,0.984	0.012
7575	"ENSG00000003756.12"	"RBM5"	chr3	+	50137964	50140599	50137964	50138038	50140515	50140599	7575	20,21	17,22	35,22	17,14	197	99	0.101038440748	0.80324717002	0.372,0.324	0.509,0.441	-0.127
1199	"ENSG00000141698.12"	"NT5C3B"	chr17	-	39991839	39992209	39991839	39991934	39992110	39992209	1199	1,2	6,6	4,4	4,3	197	99	0.101606671649	0.804204043204	0.077,0.143	0.334,0.401	-0.258
1879	"ENSG00000168067.7"	"MAP4K2"	chr11	-	64564746	64565006	64564746	64564852	64564972	64565006	1879	0,6	32,29	8,5	33,19	197	99	0.101665441833	0.804204043204	0.0,0.094	0.109,0.117	-0.066
2645	"ENSG00000108671.5"	"PSMD11"	chr17	+	30807506	30808489	30807506	30807649	30808325	30808489	2645	178,693	1,1	313,205	3,2	197	99	0.101604524627	0.804204043204	0.989,0.997	0.981,0.981	0.012
4298	"ENSG00000177628.11"	"GBA"	chr1	-	155204985	155205635	155204985	155205102	155205471	155205635	4298	4,0	19,32	3,3	14,11	197	99	0.102091527271	0.80490041865	0.096,0.0	0.097,0.121	-0.061
836	"ENSG00000108559.7"	"NUP88"	chr17	-	5290705	5290990	5290705	5290786	5290924	5290990	836	1,2	169,142	3,4	114,92	197	99	0.101998500525	0.80490041865	0.003,0.007	0.013,0.021	-0.012
1106	"ENSG00000156313.8"	"RPGR"	chrX	-	38146346	38147294	38146346	38146498	38147113	38147294	1106	7,15	29,5	3,3	18,14	197	99	0.102642761279	0.805246835602	0.108,0.601	0.077,0.097	0.267
511	"ENSG00000103507.9"	"BCKDK"	chr16	+	31123189	31123888	31123189	31123348	31123441	31123888	511	28,43	18,21	20,13	20,12	191	99	0.102434461821	0.805246835602	0.446,0.515	0.341,0.36	0.13
5540	"ENSG00000007202.10"	"KIAA0100"	chr17	-	26970181	26970677	26970181	26970244	26970627	26970677	5540	139,63	20,9	122,97	10,8	197	99	0.102586379352	0.805246835602	0.777,0.779	0.86,0.859	-0.081
3200	"ENSG00000103423.9"	"DNAJA3"	chr16	+	4492268	4493165	4492268	4492421	4493017	4493165	3200	10,6	159,198	11,10	142,119	197	99	0.102972044879	0.806501443608	0.031,0.015	0.037,0.041	-0.016
4417	"ENSG00000175061.13"	"C17orf76-AS1"	chr17	+	16342640	16343567	16342640	16343017	16343498	16343567	4417	14,55	28,347	63,68	201,196	197	99	0.103442673312	0.808857159789	0.201,0.074	0.136,0.148	-0.005
2574	"ENSG00000130305.12"	"NSUN5"	chr7	-	72717226	72717737	72717226	72717526	72717596	72717737	2574	59,89	294,214	78,51	193,132	168	99	0.104094014918	0.808960911057	0.106,0.197	0.192,0.185	-0.037
4415	"ENSG00000175061.13"	"C17orf76-AS1"	chr17	+	16342640	16343567	16342640	16342728	16343424	16343567	4415	62,35	5,1	100,88	2,2	197	99	0.104170435327	0.808960911057	0.862,0.946	0.962,0.957	-0.056
5133	"ENSG00000129968.11"	"ABHD17A"	chr19	-	1877506	1880114	1877506	1877686	1879919	1880114	5133	6,12	22,29	12,6	16,10	197	99	0.104305333765	0.808960911057	0.121,0.172	0.274,0.232	-0.107
5257	"ENSG00000214078.7"	"CPNE1"	chr20	-	34213965	34214725	34213965	34214303	34214488	34214725	5257	34,13	78,70	25,15	47,34	197	99	0.103713823138	0.808960911057	0.18,0.085	0.211,0.181	-0.064
6124	"ENSG00000177595.13"	"PIDD"	chr11	-	802681	803647	802681	802891	803173	803647	6124	40,36	25,20	52,34	18,13	197	99	0.103954839095	0.808960911057	0.446,0.475	0.592,0.568	-0.119
1189	"ENSG00000182400.10"	"TRAPPC6B"	chr14	-	39627488	39628754	39627488	39627606	39628686	39628754	1189	3,9	61,77	8,6	50,32	197	99	0.104950317229	0.808991904125	0.024,0.055	0.074,0.086	-0.04
134	"ENSG00000079819.12"	"EPB41L2"	chr6	-	131190991	131191266	131190991	131191084	131191178	131191266	134	233,132	10,10	174,139	5,3	192	99	0.104546802292	0.808991904125	0.923,0.872	0.947,0.96	-0.056
274	"ENSG00000130244.8"	"FAM98C"	chr19	+	38896158	38897717	38896158	38896275	38897549	38897717	274	31,37	34,15	21,16	32,18	197	99	0.104829194924	0.808991904125	0.314,0.553	0.248,0.309	0.155
2771	"ENSG00000178761.10"	"FAM219B"	chr15	-	75192332	75194404	75192332	75192478	75194290	75194404	2771	39,42	4,3	57,43	1,1	197	99	0.10498886954	0.808991904125	0.831,0.876	0.966,0.956	-0.108
3899	"ENSG00000169727.8"	"GPS1"	chr17	+	80014504	80015346	80014504	80014642	80014715	80015346	3899	1,3	243,174	6,3	179,134	171	99	0.105544900649	0.811531888846	0.002,0.01	0.019,0.013	-0.01
5944	"ENSG00000007923.11"	"DNAJC11"	chr1	-	6697506	6698424	6697506	6697564	6698354	6698424	5944	14,18	184,198	15,12	107,97	197	99	0.105659338741	0.811531888846	0.037,0.044	0.066,0.059	-0.022
4569	"ENSG00000161013.12"	"MGAT4B"	chr5	-	179228333	179228694	179228333	179228467	179228553	179228694	4569	0,2	30,45	4,2	33,20	184	99	0.105885984495	0.811963056627	0.0,0.023	0.061,0.051	-0.044
1274	"ENSG00000158092.2"	"NCK1"	chr3	+	136664424	136665137	136664424	136664594	136664993	136665137	1274	117,56	12,6	97,70	4,4	197	99	0.106424125929	0.81346980365	0.831,0.824	0.924,0.898	-0.084
2158	"ENSG00000120314.14"	"WDR55"	chr5	+	140047818	140048087	140047818	140047919	140047999	140048087	2158	37,37	61,38	26,17	53,37	178	99	0.106398693412	0.81346980365	0.252,0.351	0.214,0.204	0.092
249	"ENSG00000131899.6"	"LLGL1"	chr17	+	18140148	18141087	18140148	18140253	18140794	18141087	249	5,1	17,19	6,3	12,8	197	99	0.107673807253	0.819077747826	0.129,0.026	0.201,0.159	-0.102
2524	"ENSG00000119707.9"	"RBM25"	chr14	+	73566374	73570186	73566374	73566458	73569899	73570186	2524	136,290	262,284	123,93	214,188	197	99	0.107413265097	0.819077747826	0.207,0.339	0.224,0.199	0.061
2959	"ENSG00000092010.10"	"PSME1"	chr14	+	24607257	24607472	24607257	24607326	24607404	24607472	2959	1,9	66,68	10,5	60,38	176	99	0.107653011966	0.819077747826	0.008,0.069	0.086,0.069	-0.039
1611	"ENSG00000129347.15"	"KRI1"	chr19	-	10668227	10668571	10668227	10668358	10668444	10668571	1611	16,21	46,60	19,15	35,25	184	99	0.10825013029	0.82214851745	0.158,0.158	0.226,0.244	-0.077
607	"ENSG00000115677.12"	"HDLBP"	chr2	-	242174535	242175009	242174535	242174670	242174904	242175009	607	0,3	197,221	10,5	288,224	197	99	0.108657884415	0.823931282777	0.0,0.007	0.017,0.011	-0.011
3694	"ENSG00000204843.8"	"DCTN1"	chr2	-	74593585	74594059	74593585	74593747	74593909	74594059	3694	3,6	84,57	9,4	57,39	197	99	0.10894879779	0.824823807752	0.018,0.05	0.074,0.049	-0.027
616	"ENSG00000129219.9"	"PLD2"	chr17	+	4711278	4711711	4711278	4711409	4711568	4711711	616	0,0	2,15	2,1	5,3	197	99	0.109265959952	0.825540266426	0.0,0.0	0.167,0.143	-0.155
6896	"ENSG00000100949.10"	"RABGGTA"	chr14	-	24735635	24736095	24735635	24735723	24735981	24736095	6896	4,4	10,22	14,6	20,13	197	99	0.109390152901	0.825540266426	0.167,0.084	0.26,0.188	-0.099
1271	"ENSG00000154832.10"	"CXXC1"	chr18	-	47812118	47812627	47812118	47812298	47812391	47812627	1271	12,2	21,30	14,8	22,16	191	99	0.111153797213	0.82841304037	0.229,0.033	0.248,0.206	-0.096
2368	"ENSG00000166471.6"	"TMEM41B"	chr11	-	9302200	9305140	9302200	9302588	9304917	9305140	2368	158,176	12,2	201,136	16,10	197	99	0.111066855968	0.82841304037	0.869,0.978	0.863,0.872	0.056
433	"ENSG00000203995.5"	"ZYG11A"	chr1	+	53343444	53343641	53343444	53343515	53343596	53343641	433	0,5	15,24	3,3	10,7	179	99	0.11120540344	0.82841304037	0.0,0.103	0.142,0.192	-0.115
4860	"ENSG00000167996.11"	"FTH1"	chr11	-	61732458	61732987	61732458	61732577	61732840	61732987	4860	21855,16672	1093,797	19525,15209	1211,821	197	99	0.110753008184	0.82841304037	0.909,0.913	0.89,0.903	0.014
4918	"ENSG00000179889.14"	"PDXDC1"	chr16	+	15125591	15126836	15125591	15125714	15126717	15126836	4918	1,98	1,0	36,40	0,0	197	99	0.11111617083	0.82841304037	0.334,1.0	1.0,1.0	-0.333
4953	"ENSG00000089053.8"	"ANAPC5"	chr12	-	121783641	121784808	121783641	121783834	121784698	121784808	4953	15,52	360,146	21,15	228,175	197	99	0.110385498234	0.82841304037	0.021,0.152	0.044,0.041	0.044
5323	"ENSG00000135454.9"	"B4GALNT1"	chr12	-	58024982	58025147	58024982	58025037	58025121	58025147	5323	39,56	0,4	30,19	3,3	182	99	0.111287834709	0.82841304037	1.0,0.884	0.845,0.775	0.132
5489	"ENSG00000213918.6"	"DNASE1"	chr16	+	3706999	3707342	3706999	3707112	3707187	3707342	5489	29,15	2,0	9,6	2,1	173	99	0.111336485896	0.82841304037	0.892,1.0	0.72,0.774	0.199
6691	"ENSG00000196365.7"	"LONP1"	chr19	-	5696259	5696768	5696259	5696382	5696680	5696768	6691	18,5	391,294	23,14	356,330	197	99	0.11070369888	0.82841304037	0.023,0.008	0.031,0.021	-0.011
1001	"ENSG00000180900.12"	"SCRIB"	chr8	-	144874654	144875037	144874654	144874805	144874877	144875037	1001	1,1	47,54	3,3	41,32	170	99	0.112197692048	0.829057342004	0.012,0.011	0.041,0.052	-0.035
3509	"ENSG00000185163.5"	"DDX51"	chr12	-	132626042	132626735	132626042	132626501	132626663	132626735	3509	6,12	19,21	13,7	13,9	197	99	0.112287790051	0.829057342004	0.137,0.223	0.334,0.281	-0.128
4664	"ENSG00000123815.7"	"ADCK4"	chr19	-	41211000	41211352	41211000	41211086	41211229	41211352	4664	52,22	11,6	26,17	12,7	197	99	0.112293571103	0.829057342004	0.704,0.648	0.521,0.55	0.14
5190	"ENSG00000198755.6"	"RPL10A"	chr6	+	35436723	35437306	35436723	35436804	35437157	35437306	5190	203,269	4460,3008	302,202	3571,2830	197	99	0.112172765515	0.829057342004	0.022,0.043	0.041,0.035	-0.006
6575	"ENSG00000131470.10"	"PSMC3IP"	chr17	-	40725495	40726228	40725495	40725641	40726213	40726228	6575	83,183	9,16	86,67	13,11	197	99	0.111928473605	0.829057342004	0.823,0.852	0.769,0.754	0.076
999	"ENSG00000182199.6"	"SHMT2"	chr12	+	57625993	57626358	57625993	57626075	57626265	57626358	999	417,120	2,2	437,371	0,0	197	99	0.113118556302	0.833855363948	0.991,0.968	1.0,1.0	-0.02
2634	"ENSG00000108465.10"	"CDK5RAP3"	chr17	+	46048487	46048773	46048487	46048518	46048727	46048773	2634	26,12	129,69	27,18	90,64	197	99	0.114265591518	0.83841717536	0.092,0.08	0.131,0.124	-0.042
4449	"ENSG00000125875.9"	"TBC1D20"	chr20	-	422231	422687	422231	422333	422500	422687	4449	20,21	79,96	31,21	89,58	197	99	0.114090296063	0.83841717536	0.113,0.099	0.149,0.154	-0.045
6736	"ENSG00000182196.9"	"ARL6IP4"	chr12	+	123465675	123466426	123465675	123465846	123466117	123466426	6736	34,32	34,40	27,20	20,13	197	99	0.114210672976	0.83841717536	0.334,0.287	0.404,0.436	-0.11
5829	"ENSG00000122965.6"	"RBM19"	chr12	-	114259861	114261126	114259861	114260451	114261013	114261126	5829	46,37	6,6	23,20	7,6	197	99	0.114465142172	0.838589241574	0.794,0.756	0.623,0.626	0.15
2948	"ENSG00000108788.7"	"MLX"	chr17	+	40721524	40722201	40721524	40721624	40721999	40722201	2948	5,11	162,163	13,8	138,104	197	99	0.114996479812	0.841187767841	0.015,0.033	0.045,0.037	-0.017
4548	"ENSG00000120699.8"	"EXOSC8"	chr13	+	37580042	37580290	37580042	37580162	37580251	37580290	4548	0,4	26,0	2,3	82,94	187	99	0.115467303717	0.843098224298	0.0,1.0	0.013,0.017	0.485
4767	"ENSG00000094631.14"	"HDAC6"	chrX	+	48664037	48664871	48664037	48664078	48664774	48664871	4767	28,17	44,23	29,16	25,16	197	99	0.115611747263	0.843098224298	0.242,0.271	0.368,0.334	-0.094
172	"ENSG00000196547.10"	"MAN2A2"	chr15	+	91461423	91461985	91461423	91461618	91461874	91461985	172	37,11	259,239	39,15	242,146	197	99	0.116186968074	0.844705865601	0.067,0.023	0.075,0.049	-0.017
2665	"ENSG00000144381.12"	"HSPD1"	chr2	-	198354920	198355296	198354920	198355020	198355250	198355296	2665	31,0	0,1	15,15	0,0	197	99	0.116128630529	0.844705865601	1.0,0.0	1.0,1.0	-0.5
2633	"ENSG00000108465.10"	"CDK5RAP3"	chr17	+	46050884	46051397	46050884	46051062	46051296	46051397	2633	63,23	1,4	87,60	1,1	197	99	0.11707015482	0.849829386056	0.969,0.743	0.978,0.968	-0.117
6204	"ENSG00000073605.14"	"GSDMB"	chr17	-	38062363	38063240	38062363	38062524	38063213	38063240	6204	12,6	12,3	6,5	14,8	197	99	0.117310800848	0.850280112082	0.334,0.501	0.177,0.239	0.209
1822	"ENSG00000103266.6"	"STUB1"	chr16	+	731792	732076	731792	731880	732019	732076	1822	53,21	175,176	39,27	128,98	197	99	0.117668325863	0.850283107374	0.132,0.057	0.133,0.122	-0.033
5696	"ENSG00000129084.13"	"PSMA1"	chr11	-	14535362	14536037	14535362	14535433	14535948	14536037	5696	68,88	735,725	67,51	800,632	197	99	0.117493270493	0.850283107374	0.044,0.057	0.04,0.039	0.011
2788	"ENSG00000203896.5"	"LIME1"	chr20	+	62369360	62369852	62369360	62369413	62369535	62369852	2788	1,1	12,20	2,1	7,5	197	99	0.118695116912	0.856403252629	0.04,0.025	0.126,0.091	-0.076
2722	"ENSG00000136718.5"	"IMP4"	chr2	+	131103351	131103685	131103351	131103506	131103590	131103685	2722	21,16	413,421	24,16	338,268	182	99	0.119675679499	0.862049152212	0.027,0.02	0.037,0.031	-0.011
4712	"ENSG00000141279.11"	"NPEPPS"	chr17	+	45656755	45660215	45656755	45656877	45660107	45660215	4712	0,1	29,38	2,1	20,14	197	99	0.119839676347	0.862049152212	0.0,0.013	0.048,0.035	-0.035
2330	"ENSG00000150991.10"	"UBC"	chr12	-	125396193	125398320	125396193	125397780	125398008	125398320	2330	4382,4476	137,144	2947,2165	119,82	197	99	0.121066595455	0.863484357779	0.941,0.94	0.926,0.93	0.012
2650	"ENSG00000059804.11"	"SLC2A3"	chr12	-	8082279	8083238	8082279	8082467	8083075	8083238	2650	22,6	123,60	13,11	137,119	197	99	0.120907726551	0.863484357779	0.082,0.048	0.046,0.044	0.02
292	"ENSG00000162413.12"	"KLHL21"	chr1	-	6650783	6655617	6650783	6653718	6655544	6655617	292	33,47	132,161	38,21	92,62	197	99	0.121020323268	0.863484357779	0.112,0.128	0.172,0.145	-0.038
3605	"ENSG00000137497.13"	"NUMA1"	chr11	-	71718234	71719891	71718234	71718481	71719733	71719891	3605	36,46	85,108	52,33	85,58	197	99	0.120822678011	0.863484357779	0.175,0.176	0.235,0.222	-0.053
3614	"ENSG00000169689.10"	"STRA13"	chr17	-	79977168	79977785	79977168	79977257	79977733	79977785	3614	15,3	109,75	4,3	84,76	197	99	0.121127163166	0.863484357779	0.065,0.02	0.023,0.019	0.022
925	"ENSG00000138002.10"	"IFT172"	chr2	-	27699507	27700187	27699507	27699593	27700083	27700187	925	2,1	56,24	3,3	27,23	197	99	0.121055728762	0.863484357779	0.018,0.021	0.053,0.062	-0.038
2314	"ENSG00000130935.5"	"NOL11"	chr17	+	65733623	65734088	65733623	65733808	65733962	65734088	2314	10,1	132,196	7,7	121,95	197	99	0.122143664092	0.869061380432	0.037,0.003	0.028,0.036	-0.012
2714	"ENSG00000005961.13"	"ITGA2B"	chr17	-	42457967	42458429	42457967	42458013	42458246	42458429	2714	15,0	23,7	17,9	16,9	197	99	0.122274490737	0.869061380432	0.247,0.0	0.348,0.334	-0.217
1503	"ENSG00000148399.7"	"DPH7"	chr9	-	140470160	140470619	140470160	140470344	140470531	140470619	1503	75,24	0,1	54,38	4,2	197	99	0.126077178475	0.871106687471	1.0,0.923	0.872,0.905	0.073
2431	"ENSG00000167799.5"	"NUDT8"	chr11	-	67396389	67397392	67396389	67396522	67397188	67397392	2431	1,1	14,12	3,2	10,5	197	99	0.124465208657	0.871106687471	0.035,0.04	0.131,0.167	-0.112
2446	"ENSG00000099840.9"	"IZUMO4"	chr19	+	2097927	2098333	2097927	2098126	2098285	2098333	2446	10,1	7,9	8,4	4,2	197	99	0.124211191897	0.871106687471	0.418,0.053	0.501,0.501	-0.266
3725	"ENSG00000172613.3"	"RAD9A"	chr11	+	67163382	67163646	67163382	67163492	67163581	67163646	3725	2,1	84,48	4,3	59,38	187	99	0.124855526783	0.871106687471	0.012,0.011	0.035,0.04	-0.026
3826	"ENSG00000185627.13"	"PSMD13"	chr11	+	243995	244216	243995	244075	244160	244216	3826	1,1	123,93	0,1	19,15	183	99	0.123640855201	0.871106687471	0.004,0.006	0.0,0.035	-0.013
3828	"ENSG00000241343.5"	"RPL36A"	chrX	+	100646101	100646552	100646101	100646333	100646446	100646552	3828	79,53	50,61	24,26	13,13	197	99	0.124503294085	0.871106687471	0.443,0.304	0.481,0.501	-0.117
4105	"ENSG00000132522.11"	"GPS2"	chr17	-	7217806	7218438	7217806	7217916	7218277	7218438	4105	32,26	177,172	27,20	110,88	197	99	0.125038965891	0.871106687471	0.083,0.071	0.11,0.103	-0.029
4205	"ENSG00000104679.6"	"R3HCC1"	chr8	+	23147378	23147982	23147378	23147732	23147847	23147982	4205	285,257	0,0	198,153	2,1	197	99	0.126567862201	0.871106687471	1.0,1.0	0.98,0.987	0.016
446	"ENSG00000006712.10"	"PAF1"	chr19	-	39880119	39880401	39880119	39880186	39880279	39880401	446	0,5	167,153	5,3	116,87	191	99	0.124433232756	0.871106687471	0.0,0.017	0.022,0.018	-0.011
4475	"ENSG00000198276.9"	"UCKL1"	chr20	-	62572302	62572561	62572302	62572396	62572488	62572561	4475	53,37	1,1	33,23	3,2	190	99	0.126838212913	0.871106687471	0.965,0.951	0.851,0.857	0.104
4486	"ENSG00000167110.12"	"GOLGA2"	chr9	-	131024841	131025371	131024841	131024983	131025312	131025371	4486	28,14	84,162	22,14	188,126	197	99	0.123545717676	0.871106687471	0.143,0.042	0.056,0.053	0.038
4721	"ENSG00000104774.8"	"MAN2B1"	chr19	-	12766507	12767501	12766507	12766693	12767384	12767501	4721	21,19	26,7	17,13	31,16	197	99	0.126262949525	0.871106687471	0.289,0.577	0.216,0.29	0.18
4726	"ENSG00000173020.6"	"ADRBK1"	chr11	+	67049741	67050013	67049741	67049836	67049905	67050013	4726	30,52	74,139	28,16	98,68	167	99	0.124909381153	0.871106687471	0.194,0.182	0.145,0.122	0.054
5002	"ENSG00000143258.11"	"USP21"	chr1	+	161134323	161134732	161134323	161134402	161134624	161134732	5002	39,52	61,57	45,33	41,29	197	99	0.123107499919	0.871106687471	0.243,0.314	0.355,0.364	-0.081
5018	"ENSG00000154743.13"	"TSEN2"	chr3	+	12571260	12573158	12571260	12571372	12573068	12573158	5018	17,18	54,32	8,6	37,27	197	99	0.126215166978	0.871106687471	0.137,0.22	0.098,0.1	0.079
6530	"ENSG00000184840.7"	"TMED9"	chr5	+	177020650	177021286	177020650	177020776	177021139	177021286	6530	5,0	349,637	11,8	391,300	197	99	0.123265780124	0.871106687471	0.007,0.0	0.014,0.013	-0.01
6567	"ENSG00000159348.8"	"CYB5R1"	chr1	-	202935014	202935728	202935014	202935121	202935655	202935728	6567	28,15	59,79	17,11	33,23	197	99	0.124408747941	0.871106687471	0.193,0.087	0.206,0.194	-0.06
6603	"ENSG00000106330.7"	"MOSPD3"	chr7	+	100210352	100210892	100210352	100210619	100210816	100210892	6603	0,1	18,37	5,3	38,24	197	99	0.125791901672	0.871106687471	0.0,0.013	0.062,0.059	-0.054
6806	"ENSG00000141452.5"	"C18orf8"	chr18	+	21110192	21110576	21110192	21110261	21110474	21110576	6806	73,76	0,2	65,46	3,3	197	99	0.125290869135	0.871106687471	1.0,0.95	0.916,0.885	0.074
6863	"ENSG00000204628.7"	"GNB2L1"	chr5	-	180668491	180669345	180668491	180668639	180669173	180669345	6863	108,233	7321,7674	105,79	5749,4538	197	99	0.12573619174	0.871106687471	0.007,0.015	0.009,0.009	0.002
7075	"ENSG00000143493.8"	"INTS7"	chr1	-	212208685	212208878	212208685	212208745	212208829	212208878	7075	93,104	1,0	24,25	1,0	182	99	0.126952549581	0.871106687471	0.981,1.0	0.929,1.0	0.026
7193	"ENSG00000145495.10"	"MARCH6"	chr5	+	10400895	10402251	10400895	10400954	10402170	10402251	7193	95,127	57,97	102,78	52,40	197	99	0.125740176382	0.871106687471	0.456,0.397	0.496,0.495	-0.069
7350	"ENSG00000138073.9"	"PREB"	chr2	-	27354539	27354950	27354539	27354699	27354877	27354950	7350	2,7	71,93	6,4	55,35	197	99	0.126616842889	0.871106687471	0.014,0.036	0.052,0.054	-0.028
7369	"ENSG00000167967.11"	"E4F1"	chr16	+	2279570	2282365	2279570	2279676	2282171	2282365	7369	33,9	27,19	30,17	18,12	197	99	0.124715732357	0.871106687471	0.381,0.192	0.456,0.416	-0.15
131	"ENSG00000167671.7"	"UBXN6"	chr19	-	4446045	4446410	4446045	4446194	4446279	4446410	131	9,4	20,33	4,2	37,24	183	99	0.128309908046	0.872700219443	0.196,0.062	0.055,0.043	0.08
1755	"ENSG00000187531.9"	"SIRT7"	chr17	-	79871649	79872043	79871649	79871756	79871962	79872043	1755	7,8	49,47	9,7	33,23	197	99	0.130036391356	0.872700219443	0.067,0.079	0.121,0.133	-0.054
222	"ENSG00000153914.11"	"SREK1"	chr5	+	65458241	65459750	65458241	65458420	65459619	65459750	222	18,10	71,41	21,15	47,43	197	99	0.130450970355	0.872700219443	0.113,0.109	0.183,0.149	-0.055
248	"ENSG00000157020.13"	"SEC13"	chr3	-	10362294	10362777	10362294	10362348	10362733	10362777	248	8,11	4,12	13,10	3,4	197	99	0.127604034284	0.872700219443	0.501,0.315	0.685,0.557	-0.213
2607	"ENSG00000147133.11"	"TAF1"	chrX	+	70640993	70641226	70640993	70641074	70641158	70641226	2607	11,8	5,1	13,8	11,7	182	99	0.128416499902	0.872700219443	0.545,0.813	0.391,0.383	0.292
2612	"ENSG00000184575.7"	"XPOT"	chr12	+	64818817	64819237	64818817	64818962	64819117	64819237	2612	116,75	102,31	174,114	150,119	197	99	0.129451814518	0.872700219443	0.364,0.549	0.368,0.325	0.11
2754	"ENSG00000150316.7"	"CWC15"	chr11	-	94704140	94704651	94704140	94704229	94704538	94704651	2754	7,22	375,324	19,11	259,210	197	99	0.128085181942	0.872700219443	0.009,0.033	0.036,0.026	-0.01
2932	"ENSG00000198721.8"	"ECI2"	chr6	-	4125483	4126471	4125483	4125604	4126368	4126471	2932	4,9	208,402	14,10	340,288	197	99	0.131033317283	0.872700219443	0.01,0.011	0.02,0.017	-0.008
2968	"ENSG00000070756.9"	"PABPC1"	chr8	-	101730000	101730508	101730000	101730116	101730314	101730508	2968	214,76	6068,4295	139,106	6129,5212	197	99	0.128594095051	0.872700219443	0.017,0.009	0.011,0.01	0.003
3827	"ENSG00000185627.13"	"PSMD13"	chr11	+	244040	244469	244040	244216	244425	244469	3827	29,42	841,739	44,29	629,567	197	99	0.130675605645	0.872700219443	0.017,0.028	0.034,0.025	-0.007
4208	"ENSG00000105258.4"	"POLR2I"	chr19	-	36605240	36605615	36605240	36605314	36605560	36605615	4208	10,15	359,212	6,5	262,204	197	99	0.130892786936	0.872700219443	0.014,0.034	0.011,0.012	0.013
4787	"ENSG00000169714.12"	"CNBP"	chr3	-	128889921	128890381	128889921	128890123	128890288	128890381	4787	34,42	286,288	43,31	237,175	197	99	0.129130897359	0.872700219443	0.056,0.068	0.084,0.082	-0.021
4815	"ENSG00000169696.11"	"ASPSCR1"	chr17	+	79974675	79974989	79974675	79974745	79974816	79974989	4815	2,5	17,37	8,4	24,16	169	99	0.128130697434	0.872700219443	0.064,0.073	0.163,0.128	-0.077
504	"ENSG00000141959.12"	"PFKL"	chr21	+	45739233	45741758	45739233	45740030	45741611	45741758	504	16,14	168,142	22,11	128,93	197	99	0.130239174476	0.872700219443	0.046,0.047	0.08,0.056	-0.022
5230	"ENSG00000092929.7"	"UNC13D"	chr17	-	73827178	73827342	73827178	73827250	73827323	73827342	5230	2,23	22,109	3,3	34,41	171	99	0.13080002015	0.872700219443	0.05,0.109	0.049,0.041	0.035
5302	"ENSG00000185513.10"	"L3MBTL1"	chr20	+	42169392	42170534	42169392	42169455	42169573	42170534	5302	18,16	1,0	10,6	2,1	197	99	0.130837053109	0.872700219443	0.9,1.0	0.715,0.751	0.217
6039	"ENSG00000123136.10"	"DDX39A"	chr19	-	14520553	14521146	14520553	14520793	14521027	14521146	6039	73,45	9,3	85,54	4,2	197	99	0.130587665215	0.872700219443	0.803,0.883	0.914,0.931	-0.08
6090	"ENSG00000064601.12"	"CTSA"	chr20	+	44520207	44520666	44520207	44520401	44520554	44520666	6090	1,8	21,33	7,3	18,10	197	99	0.129111124432	0.872700219443	0.023,0.109	0.163,0.131	-0.081
6548	"ENSG00000113810.11"	"SMC4"	chr3	+	160130113	160130637	160130113	160130241	160130317	160130637	6548	20,15	3,5	27,20	2,1	174	99	0.128974558861	0.872700219443	0.791,0.631	0.885,0.919	-0.191
744	"ENSG00000137145.16"	"DENND4C"	chr9	+	19336267	19336830	19336267	19336412	19336683	19336830	744	0,7	52,46	6,3	34,23	197	99	0.129846090297	0.872700219443	0.0,0.071	0.081,0.062	-0.036
863	"ENSG00000115548.12"	"KDM3A"	chr2	+	86705730	86707485	86705730	86705858	86707289	86707485	863	16,7	65,72	10,6	105,62	197	99	0.127543614417	0.872700219443	0.11,0.047	0.046,0.046	0.033
4470	"ENSG00000198276.9"	"UCKL1"	chr20	-	62577157	62577620	62577157	62577328	62577513	62577620	4470	75,77	158,132	78,46	98,80	197	99	0.131604581714	0.875280751567	0.193,0.227	0.286,0.224	-0.045
6497	"ENSG00000140497.12"	"SCAMP2"	chr15	-	75144409	75146460	75144409	75144527	75146361	75146460	6497	5,3	106,132	9,5	121,79	197	99	0.132033716987	0.87691012593	0.023,0.011	0.036,0.031	-0.017
7276	"ENSG00000068885.10"	"IFT80"	chr3	-	160101224	160102434	160101224	160101292	160102193	160102434	7276	7,1	0,1	3,2	0,1	197	99	0.132617135286	0.878763557826	1.0,0.334	1.0,0.501	-0.083
7553	"ENSG00000146556.10"	"WASH2P"	chr2	+	114353269	114353780	114353269	114353406	114353644	114353780	7553	41,41	22,12	35,18	23,14	197	99	0.132681855959	0.878763557826	0.484,0.632	0.433,0.393	0.145
2306	"ENSG00000161981.6"	"SNRNP25"	chr16	+	104959	105549	104959	105203	105458	105549	2306	28,10	3,3	41,25	2,1	197	99	0.1329752884	0.879255767413	0.824,0.626	0.912,0.926	-0.194
5112	"ENSG00000167526.9"	"RPL13"	chr16	+	89627634	89628159	89627634	89627864	89627985	89628159	5112	0,137	2,0	25,31	0,0	197	99	0.133125453235	0.879255767413	0.0,1.0	1.0,1.0	-0.5
1724	"ENSG00000110274.10"	"CEP164"	chr11	+	117265635	117265907	117265635	117265719	117265838	117265907	1724	0,0	29,35	1,1	19,17	197	99	0.134051556815	0.881703748001	0.0,0.0	0.026,0.029	-0.028
5178	"ENSG00000079616.8"	"KIF22"	chr16	+	29809913	29810505	29809913	29810156	29810295	29810505	5178	23,14	0,4	49,31	1,0	197	99	0.133721673938	0.881703748001	1.0,0.638	0.961,1.0	-0.161
7270	"ENSG00000215041.5"	"NEURL4"	chr17	-	7221383	7221675	7221383	7221491	7221587	7221675	7270	17,19	31,27	21,15	20,15	194	99	0.134043720619	0.881703748001	0.219,0.264	0.349,0.338	-0.102
3994	"ENSG00000142684.7"	"ZNF593"	chr1	+	26496908	26498551	26496908	26496971	26497065	26498551	3994	6,0	96,120	5,3	74,54	192	99	0.13489168974	0.884701629933	0.031,0.0	0.034,0.028	-0.015
482	"ENSG00000160948.9"	"VPS28"	chr8	-	145651065	145651591	145651065	145651155	145651408	145651591	482	35,6	289,172	28,16	199,148	197	99	0.135064696548	0.884701629933	0.057,0.017	0.066,0.052	-0.022
5387	"ENSG00000164068.11"	"RNF123"	chr3	+	49758232	49758538	49758232	49758327	49758452	49758538	5387	19,12	108,73	9,7	95,66	197	99	0.134843375742	0.884701629933	0.081,0.076	0.045,0.051	0.03
3914	"ENSG00000100075.5"	"SLC25A1"	chr22	-	19163933	19164155	19163933	19164007	19164090	19164155	3914	15,18	514,454	1,1	119,113	181	99	0.135356552471	0.885395470971	0.016,0.021	0.005,0.005	0.014
3306	"ENSG00000213782.3"	"DDX47"	chr12	+	12976136	12977611	12976136	12976950	12977473	12977611	3306	1,1	59,57	2,2	38,26	197	99	0.136240893563	0.886491518384	0.008,0.009	0.026,0.037	-0.023
5355	"ENSG00000115414.14"	"FN1"	chr2	-	216248742	216249699	216248742	216248907	216249582	216249699	5355	0,0	7,51	1,1	21,11	197	99	0.136268750831	0.886491518384	0.0,0.0	0.023,0.044	-0.034
5896	"ENSG00000143774.12"	"GUK1"	chr1	+	228333211	228333768	228333211	228333325	228333713	228333768	5896	88,116	16,11	127,73	9,6	197	99	0.136094749211	0.886491518384	0.734,0.841	0.876,0.859	-0.08
591	"ENSG00000256269.2"	"HMBS"	chr11	+	118962834	118963521	118962834	118962873	118963467	118963521	591	40,32	2,14	47,28	3,1	197	99	0.135768199701	0.886491518384	0.91,0.535	0.887,0.934	-0.188
1423	"ENSG00000114388.8"	"NPRL2"	chr3	-	50386816	50387259	50386816	50386921	50387095	50387259	1423	41,61	0,1	45,34	3,2	197	99	0.137573425269	0.888647983681	1.0,0.968	0.883,0.895	0.095
1732	"ENSG00000135476.7"	"ESPL1"	chr12	+	53682321	53683087	53682321	53682483	53682873	53683087	1732	3,17	49,32	7,4	56,39	197	99	0.137906522457	0.888647983681	0.03,0.211	0.059,0.049	0.067
2011	"ENSG00000148337.15"	"CIZ1"	chr9	-	130940987	130941694	130940987	130941183	130941351	130941694	2011	610,852	85,149	659,415	84,51	197	99	0.1378364358	0.888647983681	0.783,0.742	0.798,0.804	-0.039
2617	"ENSG00000137411.12"	"VARS2"	chr6	+	30891129	30892337	30891129	30891282	30892130	30892337	2617	12,6	45,31	5,4	48,30	197	99	0.137406870011	0.888647983681	0.118,0.089	0.05,0.063	0.047
3875	"ENSG00000183010.12"	"PYCR1"	chr17	-	79890259	79891252	79890259	79890839	79891182	79891252	3875	991,529	9,25	928,688	14,10	197	99	0.137534960136	0.888647983681	0.982,0.914	0.971,0.972	-0.024
4901	"ENSG00000110619.12"	"CARS"	chr11	-	3023199	3023830	3023199	3023404	3023770	3023830	4901	20,15	1,1	31,20	7,5	197	99	0.137660054173	0.888647983681	0.91,0.883	0.69,0.668	0.218
6246	"ENSG00000099331.9"	"MYO9B"	chr19	+	17313650	17314067	17313650	17313692	17313955	17314067	6246	19,20	33,37	23,13	24,16	197	99	0.137645567594	0.888647983681	0.224,0.214	0.325,0.29	-0.088
4154	"ENSG00000198912.6"	"C1orf174"	chr1	-	3807132	3809560	3807132	3807621	3809446	3809560	4154	71,52	69,127	95,59	94,67	197	99	0.139102570133	0.891529527555	0.341,0.171	0.337,0.307	-0.066
4316	"ENSG00000271147.3"	"RP4-769N13.6"	chrX	+	101854453	101854775	101854453	101854514	101854639	101854775	4316	0,48	1,0	20,21	0,0	197	99	0.138737123797	0.891529527555	0.0,1.0	1.0,1.0	-0.5
4881	"ENSG00000187741.10"	"FANCA"	chr16	-	89806148	89806507	89806148	89806208	89806301	89806507	4881	12,22	0,1	6,5	1,1	191	99	0.138957676737	0.891529527555	1.0,0.919	0.757,0.722	0.22
4990	"ENSG00000216490.3"	"IFI30"	chr19	+	18287949	18288574	18287949	18288102	18288520	18288574	4990	0,4	2,74	1,1	79,55	197	99	0.138768577926	0.891529527555	0.0,0.026	0.006,0.009	0.005
1395	"ENSG00000135974.5"	"C2orf49"	chr2	+	105959304	105959680	105959304	105959431	105959577	105959680	1395	265,171	4,10	188,146	2,2	197	99	0.139848693729	0.893905341661	0.971,0.896	0.979,0.973	-0.042
4606	"ENSG00000159352.11"	"PSMD4"	chr1	+	151237307	151237710	151237307	151237394	151237641	151237710	4606	16,5	707,1052	16,12	530,503	197	99	0.139683060369	0.893905341661	0.011,0.002	0.015,0.012	-0.007
6063	"ENSG00000102878.11"	"HSF4"	chr16	+	67202976	67203206	67202976	67203004	67203181	67203206	6063	2,0	14,5	1,1	2,3	197	99	0.140284236115	0.894288530629	0.067,0.0	0.201,0.143	-0.138
6995	"ENSG00000196642.11"	"RABL6"	chr9	+	139726172	139726822	139726172	139726313	139726713	139726822	6995	27,21	5,9	30,22	3,3	197	99	0.140238382836	0.894288530629	0.731,0.54	0.834,0.787	-0.175
655	"ENSG00000006015.13"	"C19orf60"	chr19	+	18701663	18703146	18701663	18701743	18702917	18703146	655	1,2	71,23	6,4	59,41	197	99	0.140802119839	0.896389966141	0.007,0.042	0.049,0.047	-0.024
2481	"ENSG00000125447.12"	"GGA3"	chr17	-	73237695	73238554	73237695	73237777	73238416	73238554	2481	31,18	168,173	32,20	146,109	197	99	0.1413083637	0.898411786301	0.085,0.05	0.099,0.084	-0.024
2133	"ENSG00000119777.14"	"TMEM214"	chr2	+	27260533	27260760	27260533	27260570	27260682	27260760	2133	30,26	34,23	3,3	1,1	197	99	0.142080524953	0.902116613102	0.307,0.362	0.601,0.601	-0.266
3784	"ENSG00000168404.8"	"MLKL"	chr16	-	74708857	74709302	74708857	74708998	74709252	74709302	3784	0,0	7,12	1,1	5,3	197	99	0.142426384368	0.90310844522	0.0,0.0	0.091,0.143	-0.117
1188	"ENSG00000182400.10"	"TRAPPC6B"	chr14	-	39627488	39628754	39627488	39627606	39628653	39628754	1188	0,7	5,1	3,2	3,3	197	99	0.14351205209	0.90800943415	0.0,0.779	0.334,0.251	0.097
2249	"ENSG00000154222.10"	"CC2D1B"	chr1	-	52821069	52821338	52821069	52821121	52821279	52821338	2249	7,3	79,100	8,5	70,51	197	99	0.143580660209	0.90800943415	0.043,0.015	0.054,0.047	-0.022
3007	"ENSG00000197958.8"	"RPL12"	chr9	-	130211888	130213684	130211888	130211987	130213559	130213684	3007	24,199	3,1	124,71	7,5	197	99	0.145909271508	0.917394781339	0.801,0.99	0.899,0.877	0.007
4957	"ENSG00000089053.8"	"ANAPC5"	chr12	-	121764898	121766300	121764898	121765034	121766118	121766300	4957	37,73	248,100	45,27	183,146	197	99	0.145847061947	0.917394781339	0.07,0.268	0.11,0.085	0.072
6001	"ENSG00000115307.12"	"AUP1"	chr2	-	74756258	74756626	74756258	74756409	74756488	74756626	6001	28,31	222,200	21,13	199,155	177	99	0.145738723833	0.917394781339	0.066,0.08	0.056,0.045	0.023
6690	"ENSG00000011332.15"	"DPF1"	chr19	-	38708099	38708516	38708099	38708231	38708437	38708516	6690	1,1	12,36	3,1	15,11	197	99	0.146027980734	0.917394781339	0.04,0.014	0.091,0.044	-0.041
7464	"ENSG00000086504.11"	"MRPL28"	chr16	-	418500	419220	418500	418635	419067	419220	7464	33,23	530,472	32,21	372,316	197	99	0.145864643185	0.917394781339	0.03,0.024	0.041,0.032	-0.01
2739	"ENSG00000177303.5"	"CASKIN2"	chr17	-	73499469	73499841	73499469	73499608	73499739	73499841	2739	0,0	4,15	1,0	3,3	197	99	0.146437580803	0.917424956298	0.0,0.0	0.143,0.0	-0.071
3013	"ENSG00000164941.9"	"INTS8"	chr8	+	95879367	95879565	95879367	95879424	95879503	95879565	3013	10,18	117,62	11,5	99,73	177	99	0.146610750051	0.917424956298	0.046,0.14	0.059,0.037	0.045
42	"ENSG00000130529.11"	"TRPM4"	chr19	+	49691897	49692348	49691897	49692027	49692202	49692348	42	2,1	58,15	3,2	25,16	197	99	0.14640486326	0.917424956298	0.017,0.032	0.057,0.059	-0.033
11	"ENSG00000145191.7"	"EIF2B5"	chr3	+	183860839	183861353	183860839	183860930	183861218	183861353	11	36,45	3,3	61,43	1,1	197	99	0.147059991187	0.919028448862	0.858,0.883	0.968,0.956	-0.091
2221	"ENSG00000160753.11"	"RUSC1"	chr1	+	155295654	155296923	155295654	155295701	155296370	155296923	2221	5,9	77,85	5,3	107,81	197	99	0.147280828272	0.919202233593	0.032,0.051	0.023,0.018	0.021
1185	"ENSG00000160961.7"	"ZNF333"	chr19	+	14827805	14828545	14827805	14827901	14828468	14828545	1185	2,0	21,15	2,1	8,7	197	99	0.147479219835	0.919235660804	0.046,0.0	0.112,0.067	-0.067
1149	"ENSG00000135451.8"	"TROAP"	chr12	+	49723927	49725190	49723927	49724356	49724996	49725190	1149	115,114	0,0	79,56	1,1	197	99	0.148594847841	0.922690975515	1.0,1.0	0.975,0.966	0.03
4632	"ENSG00000132781.13"	"MUTYH"	chr1	-	45798434	45798996	45798434	45798842	45798956	45798996	4632	4,9	60,32	8,7	34,22	197	99	0.148599989094	0.922690975515	0.032,0.124	0.106,0.138	-0.044
5676	"ENSG00000115459.13"	"ELMOD3"	chr2	+	85617260	85618871	85617260	85617388	85617882	85618871	5676	10,17	14,8	4,3	10,6	197	99	0.148614863129	0.922690975515	0.264,0.516	0.167,0.201	0.206
7475	"ENSG00000102030.11"	"NAA10"	chrX	-	153197523	153197884	153197523	153197568	153197768	153197884	7475	37,43	561,433	42,26	347,283	197	99	0.149173850989	0.924955570846	0.032,0.048	0.057,0.044	-0.011
1801	"ENSG00000099622.9"	"CIRBP"	chr19	+	1271979	1274439	1271979	1272050	1274305	1274439	1801	95,74	34,59	128,94	47,31	197	99	0.149789806107	0.925706188562	0.584,0.387	0.578,0.604	-0.105
1819	"ENSG00000162300.7"	"ZFPL1"	chr11	+	64851713	64852272	64851713	64851832	64852162	64852272	1819	75,89	6,3	103,65	2,1	197	99	0.151228833564	0.925706188562	0.863,0.937	0.963,0.97	-0.066
2068	"ENSG00000105698.11"	"USF2"	chr19	+	35760705	35761500	35760705	35760906	35761349	35761500	2068	4,5	28,47	6,3	23,14	197	99	0.149904655202	0.925706188562	0.067,0.051	0.116,0.097	-0.048
2209	"ENSG00000127054.14"	"CPSF3L"	chr1	-	1248414	1248972	1248414	1248477	1248888	1248972	2209	69,187	0,8	141,107	1,1	197	99	0.150523714685	0.925706188562	1.0,0.922	0.986,0.982	-0.023
2728	"ENSG00000136279.14"	"DBNL"	chr7	+	44097380	44097879	44097380	44097458	44097727	44097879	2728	4,1	47,28	3,3	21,17	197	99	0.150153804401	0.925706188562	0.041,0.018	0.067,0.081	-0.045
368	"ENSG00000213983.7"	"AP1G2"	chr14	-	24035024	24035369	24035024	24035101	24035272	24035369	368	43,30	19,17	56,34	17,11	197	99	0.150592488934	0.925706188562	0.532,0.47	0.623,0.608	-0.114
5773	"ENSG00000131584.14"	"ACAP3"	chr1	-	1235210	1235406	1235210	1235285	1235352	1235406	5773	0,4	34,9	6,4	18,14	165	99	0.150966193848	0.925706188562	0.0,0.211	0.167,0.146	-0.051
6578	"ENSG00000131470.10"	"PSMC3IP"	chr17	-	40725495	40726228	40725495	40725605	40726116	40726228	6578	115,310	0,1	137,113	2,1	197	99	0.151392648584	0.925706188562	1.0,0.994	0.972,0.983	0.019
6725	"ENSG00000112511.13"	"PHF1"	chr6	+	33382501	33382921	33382501	33382606	33382742	33382921	6725	64,54	11,8	61,32	16,9	197	99	0.151433246722	0.925706188562	0.745,0.772	0.657,0.641	0.109
7062	"ENSG00000124357.8"	"NAGK"	chr2	+	71295779	71297716	71295779	71295842	71297631	71297716	7062	9,11	9,19	4,4	18,8	197	99	0.1508973191	0.925706188562	0.334,0.225	0.1,0.201	0.129
7377	"ENSG00000104529.13"	"EEF1D"	chr8	-	144663223	144663498	144663223	144663324	144663455	144663498	7377	262,187	9,10	263,178	6,4	197	99	0.150638907084	0.925706188562	0.936,0.904	0.957,0.957	-0.037
5987	"ENSG00000102226.5"	"USP11"	chrX	+	47106470	47106818	47106470	47106620	47106702	47106818	5987	1,8	64,55	7,4	45,29	180	99	0.151905528542	0.927402726817	0.009,0.074	0.079,0.071	-0.034
4769	"ENSG00000094631.14"	"HDAC6"	chrX	+	48673368	48673897	48673368	48673458	48673790	48673897	4769	51,20	23,23	57,38	24,14	197	99	0.152296265822	0.928597718111	0.527,0.304	0.544,0.577	-0.145
6196	"ENSG00000123374.6"	"CDK2"	chr12	+	56360614	56361718	56360614	56360908	56361640	56361718	6196	78,40	117,137	40,31	126,95	197	99	0.152495304255	0.928622300335	0.251,0.128	0.138,0.141	0.05
1615	"ENSG00000187134.8"	"AKR1C1"	chr10	+	5009118	5010578	5009118	5009235	5010500	5010578	1615	1,1	173,85	4,3	134,92	197	99	0.153907198929	0.932718849678	0.003,0.006	0.015,0.016	-0.011
1789	"ENSG00000125450.6"	"NUP85"	chr17	+	73230731	73231296	73230731	73230883	73231194	73231296	1789	22,26	161,81	25,18	80,67	197	99	0.153619887236	0.932718849678	0.064,0.139	0.136,0.119	-0.026
497	"ENSG00000071894.10"	"CPSF1"	chr8	-	145625559	145625887	145625559	145625670	145625747	145625887	497	10,21	160,136	12,8	178,126	175	99	0.153951494298	0.932718849678	0.034,0.08	0.037,0.035	0.021
6738	"ENSG00000182196.9"	"ARL6IP4"	chr12	+	123465675	123466426	123465675	123465846	123466141	123466426	6738	87,95	68,89	63,45	72,52	197	99	0.153878535258	0.932718849678	0.391,0.349	0.305,0.303	0.066
3905	"ENSG00000105135.11"	"ILVBL"	chr19	-	15233503	15233841	15233503	15233615	15233702	15233841	3905	2,0	15,14	5,3	17,11	185	99	0.154511500779	0.933735744555	0.067,0.0	0.136,0.127	-0.098
5416	"ENSG00000106077.14"	"ABHD11"	chr7	-	73151550	73152065	73151550	73151721	73151891	73152065	5416	17,7	27,31	11,10	17,12	197	99	0.154333327132	0.933735744555	0.24,0.102	0.245,0.295	-0.099
1584	"ENSG00000186815.8"	"TPCN1"	chr12	+	113725967	113726652	113725967	113726039	113726562	113726652	1584	3,11	8,19	9,7	9,6	197	99	0.154958631613	0.935093065439	0.159,0.225	0.334,0.37	-0.16
2824	"ENSG00000072778.15"	"ACADVL"	chr17	+	7123440	7123995	7123440	7123516	7123782	7123995	2824	10,12	149,81	14,9	89,61	197	99	0.155325202596	0.935093065439	0.033,0.069	0.073,0.069	-0.02
6628	"ENSG00000131795.8"	"RBM8A"	chr1	+	145508015	145508284	145508015	145508075	145508206	145508284	6628	56,64	404,520	53,32	271,233	197	99	0.155198473339	0.935093065439	0.065,0.058	0.089,0.065	-0.015
2213	"ENSG00000127054.14"	"CPSF3L"	chr1	-	1255835	1256473	1255835	1255909	1256375	1256473	2213	50,46	246,244	66,43	245,181	197	99	0.155600147724	0.935565534674	0.093,0.087	0.119,0.107	-0.023
5888	"ENSG00000120318.11"	"ARAP3"	chr5	-	141041250	141041822	141041250	141041356	141041609	141041822	5888	22,34	7,14	19,14	14,8	197	99	0.155948523541	0.936477766838	0.612,0.55	0.405,0.468	0.144
2658	"ENSG00000137841.7"	"PLCB2"	chr15	-	40582777	40583038	40582777	40582873	40582961	40583038	2658	1,3	47,15	5,3	28,18	186	99	0.156833485728	0.940605867804	0.011,0.096	0.087,0.081	-0.03
1525	"ENSG00000095787.17"	"WAC"	chr10	+	28903495	28905291	28903495	28903614	28905101	28905291	1525	23,15	266,322	22,14	218,168	197	99	0.157781832741	0.940650305226	0.042,0.023	0.048,0.04	-0.011
2406	"ENSG00000125247.11"	"TMTC4"	chr13	-	101287058	101287449	101287058	101287190	101287277	101287449	2406	0,0	15,18	1,1	10,7	185	99	0.157142613956	0.940650305226	0.0,0.0	0.051,0.071	-0.061
3765	"ENSG00000138942.11"	"RNF185"	chr22	+	31600474	31602999	31600474	31600952	31601362	31602999	3765	94,95	0,0	62,49	1,1	197	99	0.157275410855	0.940650305226	1.0,1.0	0.969,0.961	0.035
4054	"ENSG00000161204.7"	"ABCF3"	chr3	+	183907175	183907545	183907175	183907231	183907344	183907545	4054	11,24	104,110	9,5	83,65	197	99	0.157872880053	0.940650305226	0.05,0.099	0.052,0.037	0.03
5054	"ENSG00000185000.5"	"DGAT1"	chr8	-	145541923	145542229	145541923	145542025	145542123	145542229	5054	8,6	137,208	13,6	166,106	196	99	0.158408377913	0.940650305226	0.029,0.014	0.038,0.028	-0.011
5790	"ENSG00000173757.5"	"STAT5B"	chr17	-	40362188	40362515	40362188	40362319	40362420	40362515	5790	12,11	205,118	9,8	215,175	197	99	0.157506922295	0.940650305226	0.029,0.045	0.021,0.022	0.015
6010	"ENSG00000197037.6"	"ZSCAN25"	chr7	+	99217183	99219197	99217183	99217620	99218995	99219197	6010	0,2	11,3	2,1	2,2	197	99	0.158332336773	0.940650305226	0.0,0.251	0.334,0.201	-0.142
6774	"ENSG00000168818.5"	"STX18"	chr4	-	4420694	4422671	4420694	4421856	4422590	4422671	6774	1,2	67,82	2,2	43,30	197	99	0.158421155983	0.940650305226	0.007,0.012	0.023,0.032	-0.018
5186	"ENSG00000143595.8"	"AQP10"	chr1	+	154296064	154297801	154296064	154296282	154296757	154297801	5186	34,20	3,0	16,12	3,2	197	99	0.158961764159	0.942684833033	0.851,1.0	0.728,0.751	0.186
1590	"ENSG00000155463.8"	"OXA1L"	chr14	+	23239401	23239834	23239401	23239487	23239669	23239834	1590	168,106	378,346	115,88	233,206	197	99	0.160184467097	0.943249882857	0.183,0.133	0.199,0.177	-0.03
1639	"ENSG00000176454.9"	"LPCAT4"	chr15	-	34651789	34652410	34651789	34651946	34652311	34652410	1639	38,9	12,16	53,30	16,10	197	99	0.160443596202	0.943249882857	0.614,0.22	0.625,0.601	-0.196
2576	"ENSG00000130305.12"	"NSUN5"	chr7	-	72721579	72722550	72721579	72721754	72722427	72722550	2576	10,12	79,109	13,9	66,52	197	99	0.159381374938	0.943249882857	0.06,0.052	0.09,0.08	-0.029
2730	"ENSG00000143624.9"	"INTS3"	chr1	+	153744815	153745187	153744815	153744916	153745114	153745187	2730	9,11	124,61	16,11	92,62	197	99	0.160124445042	0.943249882857	0.035,0.083	0.08,0.082	-0.022
2970	"ENSG00000070756.9"	"PABPC1"	chr8	-	101730000	101730508	101730000	101730116	101730410	101730508	2970	2372,1542	36,56	2511,1923	49,33	197	99	0.159736859775	0.943249882857	0.971,0.933	0.963,0.967	-0.013
6724	"ENSG00000112511.13"	"PHF1"	chr6	+	33382501	33382921	33382501	33382606	33382731	33382921	6724	30,23	36,36	31,15	27,14	197	99	0.159630495885	0.943249882857	0.295,0.243	0.366,0.35	-0.089
7451	"ENSG00000169045.13"	"HNRNPH1"	chr5	-	179043908	179044111	179043908	179043959	179044060	179044111	7451	543,1856	4,29	644,713	5,5	197	99	0.160420355014	0.943249882857	0.986,0.97	0.985,0.986	-0.008
3158	"ENSG00000075624.9"	"ACTB"	chr7	-	5568791	5569294	5568791	5569031	5569165	5569294	3158	20,35	1429,1866	32,23	1258,942	197	99	0.161702670501	0.947144055259	0.007,0.009	0.013,0.012	-0.005
3594	"ENSG00000167965.13"	"MLST8"	chr16	+	2256358	2256660	2256358	2256410	2256497	2256660	3594	66,51	262,135	56,39	237,175	185	99	0.161567367539	0.947144055259	0.119,0.168	0.112,0.107	0.034
5745	"ENSG00000106144.15"	"CASP2"	chr7	+	142997296	143001026	142997296	142997387	143000876	143001026	5745	7,7	30,72	9,6	33,28	197	99	0.161523199355	0.947144055259	0.105,0.047	0.121,0.097	-0.033
2052	"ENSG00000213780.6"	"GTF2H4"	chr6	+	30880886	30881164	30880886	30880934	30881065	30881164	2052	76,99	0,0	63,39	1,1	197	99	0.162011998606	0.947790095039	1.0,1.0	0.969,0.951	0.04
4073	"ENSG00000137504.9"	"CREBZF"	chr11	-	85371378	85372793	85371378	85371641	85372680	85372793	4073	269,110	0,0	233,172	2,2	197	99	0.16241342422	0.947809713402	1.0,1.0	0.983,0.977	0.02
55	"ENSG00000146830.9"	"GIGYF1"	chr7	-	100283596	100284056	100283596	100283702	100283802	100284056	55	21,26	120,79	31,21	88,66	197	99	0.162376082382	0.947809713402	0.081,0.142	0.15,0.138	-0.033
2180	"ENSG00000197386.6"	"HTT"	chr4	+	3189377	3190820	3189377	3189613	3190677	3190820	2180	4,0	50,42	4,3	37,26	197	99	0.162628311689	0.947902105585	0.039,0.0	0.052,0.055	-0.034
1239	"ENSG00000106327.8"	"TFR2"	chr7	-	100225695	100225929	100225695	100225748	100225846	100225929	1239	220,71	0,0	174,131	2,2	196	99	0.16301023402	0.948911864757	1.0,1.0	0.978,0.971	0.026
1341	"ENSG00000167380.12"	"ZNF226"	chr19	+	44669740	44669960	44669740	44669766	44669909	44669960	1341	8,2	5,1	13,9	2,2	197	99	0.164900996632	0.948911864757	0.446,0.501	0.766,0.693	-0.256
1388	"ENSG00000214655.6"	"ZSWIM8"	chr10	+	75553904	75554397	75553904	75554088	75554313	75554397	1388	25,30	10,9	32,19	5,4	197	99	0.163426845393	0.948911864757	0.557,0.626	0.763,0.705	-0.142
1857	"ENSG00000240303.3"	"ACAD11"	chr3	-	132297639	132298402	132297639	132297725	132298335	132298402	1857	14,21	6,0	8,7	5,3	197	99	0.164414715044	0.948911864757	0.54,1.0	0.446,0.54	0.277
1908	"ENSG00000092330.11"	"TINF2"	chr14	-	24708848	24709361	24708848	24709137	24709269	24709361	1908	73,49	8,8	60,41	3,3	197	99	0.163757188118	0.948911864757	0.821,0.755	0.91,0.873	-0.103
3130	"ENSG00000172732.7"	"MUS81"	chr11	+	65632190	65632616	65632190	65632286	65632585	65632616	3130	139,96	15,9	87,63	14,10	197	99	0.163986226234	0.948911864757	0.823,0.843	0.757,0.76	0.075
5423	"ENSG00000158828.5"	"PINK1"	chr1	+	20974997	20975724	20974997	20975125	20975487	20975724	5423	0,2	22,27	2,1	14,8	197	99	0.163282491709	0.948911864757	0.0,0.036	0.067,0.059	-0.045
5906	"ENSG00000223745.3"	"RP4-717I23.3"	chr1	-	93804494	93805093	93804494	93804685	93804913	93805093	5906	181,13	0,0	113,74	2,2	197	99	0.164692389795	0.948911864757	1.0,1.0	0.966,0.949	0.042
649	"ENSG00000140983.9"	"RHOT2"	chr16	+	721859	722181	721859	722002	722083	722181	649	36,52	214,115	39,19	163,130	179	99	0.164993495174	0.948911864757	0.085,0.2	0.117,0.075	0.047
6712	"ENSG00000114779.15"	"ABHD14B"	chr3	-	52005475	52005908	52005475	52005714	52005827	52005908	6712	53,22	15,3	51,41	6,5	197	99	0.164365618649	0.948911864757	0.64,0.787	0.81,0.805	-0.094
680	"ENSG00000089327.10"	"FXYD5"	chr19	+	35657044	35657210	35657044	35657074	35657153	35657210	680	2,4	312,273	2,2	89,73	177	99	0.164769568782	0.948911864757	0.004,0.008	0.012,0.015	-0.007
1676	"ENSG00000110492.11"	"MDK"	chr11	+	46403302	46403683	46403302	46403435	46403606	46403683	1676	13,13	8,8	21,15	7,4	197	99	0.165776225511	0.951976835656	0.45,0.45	0.601,0.653	-0.177
5049	"ENSG00000075089.5"	"ACTR6"	chr12	+	100603943	100604129	100603943	100603986	100604072	100604129	5049	3,0	98,245	4,3	132,125	184	99	0.16592624393	0.951976835656	0.016,0.0	0.016,0.013	-0.006
3482	"ENSG00000149499.7"	"EML3"	chr11	-	62370230	62370719	62370230	62370361	62370620	62370719	3482	43,23	26,12	31,21	28,18	197	99	0.167109930624	0.95718434359	0.454,0.491	0.357,0.37	0.109
4728	"ENSG00000173020.6"	"ADRBK1"	chr11	+	67051177	67051420	67051177	67051244	67051324	67051420	4728	6,18	54,106	6,4	76,49	178	99	0.167235903794	0.95718434359	0.058,0.086	0.042,0.043	0.029
3407	"ENSG00000140400.10"	"MAN2C1"	chr15	-	75648946	75649243	75648946	75649026	75649133	75649243	3407	33,32	32,44	41,23	33,18	197	99	0.167772797159	0.957742184789	0.341,0.268	0.384,0.391	-0.083
5725	"ENSG00000140553.12"	"UNC45A"	chr15	+	91479175	91479690	91479175	91479212	91479366	91479690	5725	20,16	4,1	10,6	4,2	197	99	0.167936733368	0.957742184789	0.715,0.889	0.557,0.601	0.223
5750	"ENSG00000011243.13"	"AKAP8L"	chr19	-	15514285	15514853	15514285	15514366	15514820	15514853	5750	120,206	0,8	178,126	1,1	197	99	0.167842161285	0.957742184789	1.0,0.928	0.989,0.984	-0.022
4572	"ENSG00000099949.14"	"LZTR1"	chr22	+	21350251	21351090	21350251	21350401	21350984	21351090	4572	26,40	252,118	16,9	118,87	197	99	0.168388972159	0.959172590217	0.049,0.146	0.064,0.049	0.041
4410	"ENSG00000175061.13"	"C17orf76-AS1"	chr17	+	16342640	16343567	16342640	16342728	16342894	16343567	4410	211,392	167,318	330,281	361,234	197	99	0.169157867001	0.96240115013	0.388,0.383	0.315,0.376	0.04
5144	"ENSG00000103363.10"	"TCEB2"	chr16	-	2821414	2822103	2821414	2821605	2821994	2822103	5144	79,172	4,10	59,43	6,4	197	99	0.169375173391	0.962487560487	0.908,0.896	0.832,0.844	0.064
2115	"ENSG00000108654.7"	"DDX5"	chr17	-	62499212	62499418	62499212	62499216	62499305	62499418	2115	1,32	109,983	18,23	434,512	187	99	0.169831055148	0.962780338827	0.005,0.017	0.021,0.023	-0.011
4169	"ENSG00000143224.13"	"PPOX"	chr1	+	161140696	161140971	161140696	161140739	161140823	161140971	4169	17,15	48,27	14,10	51,38	182	99	0.169657919162	0.962780338827	0.162,0.232	0.13,0.125	0.07
3150	"ENSG00000167792.7"	"NDUFV1"	chr11	+	67377851	67378678	67377851	67378041	67378465	67378678	3150	70,58	357,283	80,59	313,237	197	99	0.170945985637	0.96790124717	0.09,0.093	0.114,0.111	-0.021
3947	"ENSG00000166049.10"	"PASD1"	chrX	+	150840654	150842658	150840654	150841133	150842399	150842658	3947	0,0	25,20	3,2	28,22	197	99	0.171140875707	0.96790124717	0.0,0.0	0.051,0.044	-0.048
1884	"ENSG00000214279.8"	"RP11-108K14.4"	chr10	+	135278109	135278678	135278109	135278434	135278609	135278678	1884	17,1	3,0	26,16	1,0	197	99	0.171760556792	0.970143752417	0.74,1.0	0.929,1.0	-0.095
2579	"ENSG00000127603.19"	"MACF1"	chr1	+	39950272	39952659	39950272	39950402	39951209	39952659	2579	12,18	109,107	16,10	75,50	197	99	0.172148565895	0.970143752417	0.052,0.078	0.097,0.091	-0.029
6648	"ENSG00000030066.9"	"NUP160"	chr11	-	47833615	47833981	47833615	47833776	47833853	47833981	6648	0,4	180,259	5,2	150,126	175	99	0.171987500348	0.970143752417	0.0,0.009	0.019,0.009	-0.009
7539	"ENSG00000151632.12"	"AKR1C2"	chr10	-	5041391	5042858	5041391	5041469	5042741	5042858	7539	2,0	23,15	4,2	18,12	197	99	0.173537460828	0.97681487998	0.042,0.0	0.1,0.077	-0.067
4928	"ENSG00000089693.6"	"MLF2"	chr12	-	6859342	6859932	6859342	6859471	6859878	6859932	4928	22,59	399,250	27,17	267,213	197	99	0.174018409176	0.97836560153	0.027,0.106	0.048,0.039	0.023
1058	"ENSG00000100722.14"	"ZC3H14"	chr14	+	89075610	89076147	89075610	89075747	89076058	89076147	1058	115,140	37,50	105,76	48,34	197	99	0.17542002865	0.981491562912	0.61,0.585	0.524,0.529	0.071
1873	"ENSG00000147465.7"	"STAR"	chr8	-	38005717	38006272	38005717	38005845	38006158	38006272	1873	11,3	424,101	8,7	179,155	197	99	0.175604958337	0.981491562912	0.013,0.015	0.022,0.022	-0.008
3141	"ENSG00000172660.7"	"TAF15"	chr17	+	34171480	34172042	34171480	34171732	34171861	34172042	3141	936,556	9,6	690,575	4,2	197	99	0.174893919955	0.981491562912	0.981,0.979	0.989,0.993	-0.011
4456	"ENSG00000067596.6"	"DHX8"	chr17	+	41594534	41597635	41594534	41594690	41597497	41597635	4456	0,0	15,55	1,1	27,18	197	99	0.175508393536	0.981491562912	0.0,0.0	0.018,0.027	-0.022
4973	"ENSG00000126456.11"	"IRF3"	chr19	-	50167930	50169114	50167930	50168103	50168740	50169114	4973	76,29	3,3	73,57	1,1	197	99	0.175298542301	0.981491562912	0.927,0.829	0.973,0.966	-0.092
360	"ENSG00000213983.7"	"AP1G2"	chr14	-	24032924	24033430	24032924	24033065	24033254	24033430	360	36,26	17,20	40,25	15,9	197	99	0.176545073018	0.984435172965	0.516,0.395	0.573,0.583	-0.122
5986	"ENSG00000102226.5"	"USP11"	chrX	+	47106702	47107098	47106702	47106818	47107009	47107098	5986	4,6	63,62	6,4	40,28	197	99	0.176454451582	0.984435172965	0.031,0.046	0.07,0.067	-0.03
789	"ENSG00000141504.7"	"SAT2"	chr17	-	7530680	7531123	7530680	7530732	7530887	7531123	789	2,31	4,0	18,8	2,1	197	99	0.177080676686	0.986266879975	0.201,1.0	0.819,0.801	-0.21
1490	"ENSG00000112514.11"	"CUTA"	chr6	-	33384873	33385087	33384873	33384919	33385023	33385087	1490	15,10	4,3	18,15	2,1	197	99	0.178359684746	0.989748537736	0.653,0.626	0.819,0.883	-0.212
1527	"ENSG00000163703.13"	"CRELD1"	chr3	+	9984760	9985199	9984760	9984856	9985064	9985199	1527	67,85	62,43	121,66	59,32	197	99	0.178085138518	0.989748537736	0.352,0.498	0.508,0.509	-0.083
1547	"ENSG00000155666.7"	"KDM8"	chr16	+	27221413	27221942	27221413	27221688	27221902	27221942	1547	8,8	3,2	11,8	1,0	197	99	0.178766383285	0.989748537736	0.573,0.668	0.847,1.0	-0.303
3697	"ENSG00000107863.12"	"ARHGAP21"	chr10	-	24884816	24885811	24884816	24884972	24885668	24885811	3697	14,3	47,38	10,8	30,24	197	99	0.179159802309	0.989748537736	0.13,0.038	0.143,0.143	-0.059
3930	"ENSG00000150093.14"	"ITGB1"	chr10	-	33199150	33199383	33199150	33199195	33199298	33199383	3930	293,238	0,1	30,27	0,0	197	99	0.179160697087	0.989748537736	1.0,0.992	1.0,1.0	-0.004
4221	"ENSG00000161265.10"	"U2AF1L4"	chr19	-	36235223	36235639	36235223	36235322	36235526	36235639	4221	15,29	15,25	39,24	23,14	197	99	0.178639603613	0.989748537736	0.334,0.368	0.46,0.463	-0.111
7183	"ENSG00000029363.11"	"BCLAF1"	chr6	-	136596980	136597646	136596980	136597127	136597605	136597646	7183	499,761	3,9	329,287	6,4	197	99	0.178310338229	0.989748537736	0.988,0.977	0.965,0.973	0.013
862	"ENSG00000115548.12"	"KDM3A"	chr2	+	86718263	86719839	86718263	86718398	86719161	86719839	862	0,0	150,67	4,2	133,83	197	99	0.179414660101	0.990003025957	0.0,0.0	0.015,0.012	-0.013
6875	"ENSG00000242372.2"	"EIF6"	chr20	-	33871978	33872295	33871978	33872064	33872183	33872295	6875	10,33	332,248	13,10	251,212	197	99	0.179885316986	0.990305062991	0.015,0.063	0.025,0.023	0.015
7507	"ENSG00000182472.4"	"CAPN12"	chr19	-	39226009	39226184	39226009	39226069	39226141	39226184	7507	7,6	1,0	2,1	1,1	170	99	0.179735673845	0.990305062991	0.803,1.0	0.538,0.368	0.448
5159	"ENSG00000005955.8"	"GGNBP2"	chr17	+	34934412	34935849	34934412	34934616	34935674	34935849	5159	6,6	98,120	9,6	93,64	197	99	0.180570145148	0.992927287754	0.03,0.025	0.046,0.045	-0.018
4421	"ENSG00000110697.8"	"PITPNM1"	chr11	-	67263648	67264907	67263648	67263816	67264701	67264907	4421	54,22	2,5	40,23	8,6	197	99	0.181105215585	0.993004244043	0.931,0.689	0.715,0.658	0.124
5378	"ENSG00000169733.7"	"RFNG"	chr17	-	80005777	80006992	80005777	80006683	80006906	80006992	5378	9,10	135,168	13,7	116,86	197	99	0.18110295079	0.993004244043	0.032,0.029	0.053,0.039	-0.015
6843	"ENSG00000135473.10"	"PAN2"	chr12	-	56716206	56716454	56716206	56716266	56716398	56716454	6843	4,1	57,31	6,4	47,29	197	99	0.181209720301	0.993004244043	0.034,0.016	0.06,0.065	-0.037
4851	"ENSG00000062598.13"	"ELMO2"	chr20	-	44997529	44999164	44997529	44997607	44999081	44999164	4851	4,1	32,16	4,2	16,9	197	99	0.182078598249	0.996618718232	0.059,0.03	0.112,0.1	-0.062
3653	"ENSG00000153107.7"	"ANAPC1"	chr2	-	112582542	112582765	112582542	112582613	112582707	112582765	3653	1,0	50,46	1,0	14,15	192	99	0.182449903275	0.997504522842	0.01,0.0	0.036,0.0	-0.013
2122	"ENSG00000047849.17"	"MAP4"	chr3	-	47896614	47896850	47896614	47896637	47896737	47896850	2122	14,14	9,3	23,14	4,2	197	99	0.182898300249	0.998809295626	0.439,0.701	0.743,0.779	-0.191
1000	"ENSG00000180900.12"	"SCRIB"	chr8	-	144877446	144877663	144877446	144877503	144877589	144877663	1000	0,0	32,40	1,1	24,26	184	99	0.202869235177	1.0	0.0,0.0	0.022,0.02	-0.021
1002	"ENSG00000180900.12"	"SCRIB"	chr8	-	144875145	144875758	144875145	144875253	144875625	144875758	1002	17,80	1,0	33,27	0,0	197	99	0.301654706928	1.0	0.895,1.0	1.0,1.0	-0.052
1007	"ENSG00000164062.8"	"APEH"	chr3	+	49712615	49713220	49712615	49712742	49713126	49713220	1007	1,0	143,23	1,1	88,72	197	99	1	1.0	0.004,0.0	0.006,0.007	-0.005
1008	"ENSG00000164062.8"	"APEH"	chr3	+	49713488	49713948	49713488	49713652	49713810	49713948	1008	13,2	520,90	9,5	338,297	197	99	0.786766478473	1.0	0.012,0.011	0.013,0.008	0.001
1009	"ENSG00000115289.8"	"PCGF1"	chr2	-	74734168	74734521	74734168	74734274	74734474	74734521	1009	15,13	4,3	12,8	2,2	197	99	0.904946195572	1.0	0.653,0.685	0.751,0.668	-0.04
100	"ENSG00000163608.10"	"C3orf17"	chr3	-	112731580	112732250	112731580	112731658	112732118	112732250	100	4,2	19,10	2,1	12,8	197	99	0.836511902255	1.0	0.096,0.091	0.077,0.059	0.025
1011	"ENSG00000104979.4"	"C19orf53"	chr19	+	13885331	13885555	13885331	13885388	13885465	13885555	1011	1,0	35,606	2,1	144,200	175	99	1	1.0	0.016,0.0	0.008,0.003	0.003
101	"ENSG00000241945.3"	"PWP2"	chr21	+	45540832	45542238	45540832	45540983	45542057	45542238	101	0,9	169,114	3,1	101,81	197	99	0.895205204849	1.0	0.0,0.038	0.015,0.006	0.009
1021	"ENSG00000197343.6"	"ZNF655"	chr7	+	99159510	99160117	99159510	99159596	99159990	99160117	1021	70,30	35,6	53,42	28,24	197	99	0.276178659484	1.0	0.501,0.715	0.488,0.468	0.13
1022	"ENSG00000197343.6"	"ZNF655"	chr7	+	99159510	99160117	99159510	99159596	99159971	99160117	1022	66,29	3,0	55,42	2,1	197	99	0.84079155222	1.0	0.917,1.0	0.933,0.955	0.015
1023	"ENSG00000197343.6"	"ZNF655"	chr7	+	99159510	99160117	99159510	99159596	99159966	99160117	1023	70,30	3,2	55,43	2,2	197	99	0.864497002395	1.0	0.921,0.883	0.933,0.915	-0.022
1024	"ENSG00000197343.6"	"ZNF655"	chr7	+	99159510	99160021	99159510	99159596	99159863	99160021	1024	44,97	0,3	48,57	0,0	197	99	0.577396717984	1.0	1.0,0.942	1.0,1.0	-0.029
1025	"ENSG00000104872.6"	"PIH1D1"	chr19	-	49951083	49951267	49951083	49951165	49951257	49951267	1025	14,13	398,466	10,7	323,265	190	99	0.931416849951	1.0	0.018,0.014	0.016,0.014	0.001
1027	"ENSG00000104872.6"	"PIH1D1"	chr19	-	49954741	49955074	49954741	49954835	49954941	49955074	1027	875,866	2,1	506,470	0,0	197	99	1	1.0	0.995,0.998	1.0,1.0	-0.004
1028	"ENSG00000099849.10"	"RASSF7"	chr11	+	563188	563478	563188	563317	563395	563478	1028	15,31	1,5	29,18	4,2	176	99	0.943760591582	1.0	0.894,0.777	0.803,0.835	0.017
1029	"ENSG00000111325.12"	"OGFOD2"	chr12	+	123460357	123461314	123460357	123460414	123461200	123461314	1029	12,9	7,13	14,10	16,11	197	99	0.672443317592	1.0	0.463,0.258	0.305,0.314	0.051
1030	"ENSG00000111325.12"	"OGFOD2"	chr12	+	123460357	123461314	123460357	123460414	123461147	123461314	1030	7,6	0,0	11,10	1,1	197	99	1	1.0	1.0,1.0	0.847,0.834	0.159
1031	"ENSG00000111325.12"	"OGFOD2"	chr12	+	123462871	123463116	123462871	123462906	123462988	123463116	1031	58,39	6,3	45,27	2,2	180	99	0.564254787674	1.0	0.842,0.877	0.925,0.881	-0.044
1034	"ENSG00000197111.11"	"PCBP2"	chr12	+	53861506	53862616	53861506	53861611	53862563	53862616	1034	683,828	0,0	1186,1091	1,0	197	99	1	1.0	1.0,1.0	0.998,1.0	0.001
1035	"ENSG00000197111.11"	"PCBP2"	chr12	+	53849130	53849277	53849130	53849154	53849244	53849277	1035	0,2	379,305	3,1	327,272	188	99	1	1.0	0.0,0.003	0.005,0.002	-0.002
1036	"ENSG00000197111.11"	"PCBP2"	chr12	+	53848167	53848653	53848167	53848375	53848509	53848653	1036	0,29	0,1	26,18	1,1	197	99	1	1.0	NA,0.936	0.929,0.9	0.021
1041	"ENSG00000168397.12"	"ATG4B"	chr2	+	242607226	242607636	242607226	242607410	242607557	242607636	1041	9,33	0,2	15,10	1,0	197	99	0.883337213933	1.0	1.0,0.892	0.883,1.0	0.004
1042	"ENSG00000168397.12"	"ATG4B"	chr2	+	242590424	242590750	242590424	242590526	242590636	242590750	1042	2,1	0,1	2,5	0,0	197	99	1	1.0	1.0,0.334	1.0,1.0	-0.333
1043	"ENSG00000168397.12"	"ATG4B"	chr2	+	242590424	242590750	242590424	242590526	242590678	242590750	1043	3,3	251,261	6,3	189,144	197	99	0.195440339684	1.0	0.006,0.006	0.016,0.01	-0.007
1045	"ENSG00000213719.4"	"CLIC1"	chr6	-	31704038	31704344	31704038	31704127	31704259	31704344	1045	5147,4691	31,11	3347,2825	23,14	197	99	0.409596772612	1.0	0.988,0.995	0.987,0.99	0.003
1046	"ENSG00000148229.8"	"POLE3"	chr9	-	116171889	116172420	116171889	116172008	116172334	116172420	1046	4,6	200,254	4,3	147,121	197	99	0.622552738908	1.0	0.01,0.012	0.013,0.012	-0.002
1047	"ENSG00000120833.9"	"SOCS2"	chr12	+	93966460	93969982	93966460	93966812	93968497	93969982	1047	12,8	146,75	8,6	94,66	197	99	0.919291416643	1.0	0.04,0.051	0.041,0.044	0.003
1048	"ENSG00000138326.14"	"RPS24"	chr10	+	79795109	79795339	79795109	79795175	79795268	79795339	1048	0,0	5129,38158	1,1	6712,9133	191	99	1	1.0	0.0,0.0	0.0,0.0	0.0
1049	"ENSG00000116691.6"	"MIIP"	chr1	+	12089279	12089951	12089279	12089338	12089821	12089951	1049	33,44	84,78	52,34	83,55	197	99	0.218669419675	1.0	0.165,0.221	0.239,0.237	-0.045
1054	"ENSG00000166436.11"	"TRIM66"	chr11	-	8645905	8646775	8645905	8646098	8646259	8646775	1054	13,4	5,4	5,4	3,2	197	99	0.953055116235	1.0	0.566,0.334	0.456,0.501	-0.029
1056	"ENSG00000090857.9"	"PDPR"	chr16	+	70162686	70163025	70162686	70162768	70162861	70163025	1056	3,1	10,39	1,1	25,17	191	99	0.695306553479	1.0	0.135,0.013	0.02,0.03	0.049
1059	"ENSG00000100722.14"	"ZC3H14"	chr14	+	89075610	89076147	89075610	89075747	89076070	89076147	1059	136,159	8,6	129,94	5,2	197	99	0.516751442984	1.0	0.895,0.93	0.928,0.959	-0.031
105	"ENSG00000162650.11"	"ATXN7L2"	chr1	+	110031468	110032750	110031468	110031722	110032551	110032750	105	9,5	9,5	9,5	5,3	197	99	0.376410663597	1.0	0.334,0.334	0.475,0.456	-0.132
1061	"ENSG00000100722.14"	"ZC3H14"	chr14	+	89075610	89076147	89075610	89075747	89076022	89076147	1061	12,44	0,4	22,18	0,0	197	99	1	1.0	1.0,0.847	1.0,1.0	-0.077
1062	"ENSG00000100722.14"	"ZC3H14"	chr14	+	89075610	89076147	89075610	89075747	89076055	89076147	1062	16,41	107,97	26,18	81,55	197	99	0.510380781118	1.0	0.07,0.175	0.139,0.141	-0.018
1063	"ENSG00000126768.8"	"TIMM17B"	chrX	-	48751182	48751508	48751182	48751293	48751379	48751508	1063	14,26	286,295	15,10	284,210	184	99	0.313625096103	1.0	0.026,0.045	0.028,0.025	0.009
1064	"ENSG00000143630.5"	"HCN3"	chr1	+	155253764	155254548	155253764	155253926	155254329	155254548	1064	6,8	0,0	10,7	1,1	197	99	1	1.0	1.0,1.0	0.834,0.779	0.194
1065	"ENSG00000169607.8"	"CKAP2L"	chr2	-	113513553	113514791	113513553	113513711	113514469	113514791	1065	61,54	3,0	68,51	1,1	197	99	0.75453108365	1.0	0.911,1.0	0.972,0.962	-0.011
1067	"ENSG00000151093.3"	"OXSM"	chr3	+	25832480	25833488	25832480	25833187	25833436	25833488	1067	97,36	2,2	49,40	1,0	197	99	0.680797847596	1.0	0.961,0.9	0.961,1.0	-0.05
1068	"ENSG00000151093.3"	"OXSM"	chr3	+	25832480	25833488	25832480	25832806	25833321	25833488	1068	111,90	0,1	21,28	0,0	197	99	1	1.0	1.0,0.978	1.0,1.0	-0.011
1069	"ENSG00000151093.3"	"OXSM"	chr3	+	25832480	25833488	25832480	25832806	25833260	25833488	1069	135,64	2,13	76,63	4,3	197	99	0.625333219447	1.0	0.971,0.712	0.905,0.913	-0.068
106	"ENSG00000100429.13"	"HDAC10"	chr22	-	50684726	50685164	50684726	50684805	50685107	50685164	106	11,8	38,6	10,6	28,16	197	99	0.514455437375	1.0	0.127,0.401	0.152,0.159	0.109
1070	"ENSG00000164877.14"	"MICALL2"	chr7	-	1476377	1477244	1476377	1476492	1477170	1477244	1070	46,42	54,21	47,26	42,28	197	99	0.582052169626	1.0	0.3,0.501	0.36,0.318	0.061
1072	"ENSG00000164877.14"	"MICALL2"	chr7	-	1477732	1477989	1477732	1477856	1477924	1477989	1072	20,32	76,40	24,15	43,30	166	99	0.668713799516	1.0	0.136,0.323	0.25,0.23	-0.01
1073	"ENSG00000164877.14"	"MICALL2"	chr7	-	1477732	1477989	1477732	1477820	1477924	1477989	1073	68,39	0,1	51,62	0,0	197	99	0.734367734987	1.0	1.0,0.951	1.0,1.0	-0.024
1074	"ENSG00000164877.14"	"MICALL2"	chr7	-	1480226	1482120	1480226	1480320	1481827	1482120	1074	142,90	84,47	135,92	58,41	197	99	0.190755197982	1.0	0.459,0.49	0.539,0.53	-0.06
1076	"ENSG00000119760.11"	"SUPT7L"	chr2	-	27883850	27885148	27883850	27884255	27885010	27885148	1076	75,247	1,0	107,114	0,0	197	99	0.839751830677	1.0	0.974,1.0	1.0,1.0	-0.013
1077	"ENSG00000119760.11"	"SUPT7L"	chr2	-	27883850	27885148	27883850	27884017	27885045	27885148	1077	188,115	0,1	50,41	0,0	197	99	0.883415141719	1.0	1.0,0.983	1.0,1.0	-0.008
1078	"ENSG00000119760.11"	"SUPT7L"	chr2	-	27883850	27885148	27883850	27884255	27885045	27885148	1078	168,147	124,153	145,106	135,89	197	99	0.945322776296	1.0	0.405,0.326	0.351,0.374	0.003
1079	"ENSG00000119760.11"	"SUPT7L"	chr2	-	27883850	27885148	27883850	27884022	27885045	27885148	1079	252,284	4,6	228,169	4,3	197	99	0.944431286318	1.0	0.969,0.96	0.966,0.966	-0.002
1081	"ENSG00000119760.11"	"SUPT7L"	chr2	-	27883850	27885148	27883850	27884468	27885045	27885148	1081	84,85	13,4	74,55	10,7	197	99	0.492226842176	1.0	0.765,0.914	0.788,0.798	0.046
1082	"ENSG00000166710.13"	"B2M"	chr15	+	45007620	45008554	45007620	45007899	45008526	45008554	1082	27,33	901,1044	25,15	845,609	197	99	0.686677622996	1.0	0.015,0.016	0.015,0.012	0.002
1083	"ENSG00000166582.5"	"CENPV"	chr17	-	16251929	16252647	16251929	16251999	16252453	16252647	1083	145,0	1,1	100,89	1,1	197	99	0.589035219103	1.0	0.986,0.0	0.98,0.978	-0.486
1084	"ENSG00000175826.7"	"CTDNEP1"	chr17	-	7146909	7147564	7146909	7147270	7147507	7147564	1084	370,297	16,7	253,189	8,5	197	99	0.799588165153	1.0	0.921,0.955	0.941,0.95	-0.008
1086	"ENSG00000159322.13"	"ADPGK"	chr15	-	73052589	73052868	73052589	73052648	73052747	73052868	1086	9,12	0,1	6,6	0,0	197	99	1	1.0	1.0,0.858	1.0,1.0	-0.071
1087	"ENSG00000255508.3"	"MIR3654"	chr11	-	62340055	62342380	62340055	62340214	62342148	62342380	1087	31,17	5,5	13,9	2,2	197	99	0.856457762177	1.0	0.757,0.631	0.766,0.693	-0.036
1091	"ENSG00000133275.11"	"CSNK1G2"	chr19	+	1978303	1978510	1978303	1978344	1978440	1978510	1091	1,2	23,25	1,1	22,13	194	99	0.975006777922	1.0	0.022,0.039	0.023,0.038	0.0
1092	"ENSG00000133275.11"	"CSNK1G2"	chr19	+	1978857	1979247	1978857	1979092	1979161	1979247	1092	10,7	104,123	7,4	87,60	167	99	0.895346709481	1.0	0.054,0.033	0.046,0.038	0.002
1093	"ENSG00000166801.11"	"FAM111A"	chr11	+	58910969	58913329	58910969	58911168	58913299	58913329	1093	4,13	0,5	10,9	1,0	197	99	0.37357645167	1.0	1.0,0.566	0.834,1.0	-0.134
1094	"ENSG00000234769.4"	"WASH4P"	chr16	-	64084	65633	64084	64720	65480	65633	1094	0,0	0,3	1,1	1,1	197	99	1	1.0	NA,0.0	0.334,0.334	-0.334
1095	"ENSG00000234769.4"	"WASH4P"	chr16	-	66915	67427	66915	67051	67290	67427	1095	56,25	5,4	48,29	4,3	197	99	0.77798187648	1.0	0.849,0.759	0.858,0.829	-0.039
1096	"ENSG00000234769.4"	"WASH4P"	chr16	-	64084	64720	64084	64511	64651	64720	1096	0,4	0,0	1,1	3,1	197	99	1	1.0	NA,1.0	0.143,0.334	0.762
1097	"ENSG00000066777.4"	"ARFGEF1"	chr8	-	68255398	68255912	68255398	68255571	68255744	68255912	1097	5,10	0,0	7,6	1,1	197	99	1	1.0	1.0,1.0	0.779,0.751	0.235
109	"ENSG00000100429.13"	"HDAC10"	chr22	-	50684103	50684521	50684103	50684256	50684338	50684521	109	10,11	6,12	7,5	9,5	180	99	0.563011117418	1.0	0.478,0.335	0.3,0.355	0.079
10	"ENSG00000145191.7"	"EIF2B5"	chr3	+	183860839	183862012	183860839	183861353	183861886	183862012	10	34,35	131,118	30,18	90,72	197	99	0.753785564402	1.0	0.115,0.13	0.143,0.112	-0.005
1100	"ENSG00000169371.9"	"SNUPN"	chr15	-	75893131	75893559	75893131	75893231	75893478	75893559	1100	2,1	0,2	8,6	2,2	197	99	0.852021165973	1.0	1.0,0.201	0.668,0.601	-0.034
1102	"ENSG00000128191.9"	"DGCR8"	chr22	+	20077191	20077781	20077191	20077366	20077498	20077781	1102	190,212	4,28	230,170	14,10	197	99	0.610110845748	1.0	0.96,0.792	0.892,0.895	-0.017
1105	"ENSG00000145476.11"	"CYP4V2"	chr4	+	187122310	187126456	187122310	187122496	187126353	187126456	1105	1,1	7,10	0,0	2,1	197	99	1	1.0	0.067,0.048	0.0,0.0	0.058
1111	"ENSG00000172432.14"	"GTPBP2"	chr6	-	43592624	43593297	43592624	43592785	43593099	43593297	1111	422,132	0,0	576,470	1,1	197	99	1	1.0	1.0,1.0	0.997,0.996	0.004
1112	"ENSG00000172432.14"	"GTPBP2"	chr6	-	43588226	43589527	43588226	43589253	43589497	43589527	1112	322,205	6,2	359,294	5,4	197	99	0.816544799341	1.0	0.964,0.981	0.973,0.974	-0.001
1113	"ENSG00000172432.14"	"GTPBP2"	chr6	-	43592624	43593297	43592624	43592771	43593099	43593297	1113	493,813	0,0	633,506	1,0	197	99	1	1.0	1.0,1.0	0.997,1.0	0.002
1114	"ENSG00000172432.14"	"GTPBP2"	chr6	-	43592624	43593297	43592624	43592717	43593099	43593297	1114	230,531	0,2	680,472	2,1	197	99	1	1.0	1.0,0.993	0.994,0.996	0.001
1118	"ENSG00000165819.7"	"METTL3"	chr14	-	21967168	21967744	21967168	21967281	21967563	21967744	1118	165,142	2,0	5,6	0,0	197	99	1	1.0	0.976,1.0	1.0,1.0	-0.012
1119	"ENSG00000165819.7"	"METTL3"	chr14	-	21967168	21967744	21967168	21967281	21967635	21967744	1119	289,268	4,11	198,157	3,2	197	99	0.349469687668	1.0	0.973,0.924	0.971,0.975	-0.024
111	"ENSG00000100429.13"	"HDAC10"	chr22	-	50689199	50689814	50689199	50689334	50689402	50689814	111	3,4	5,1	6,3	4,2	166	99	0.883091661883	1.0	0.264,0.705	0.472,0.472	0.013
1120	"ENSG00000165819.7"	"METTL3"	chr14	-	21967168	21967744	21967168	21967281	21967555	21967744	1120	103,269	0,2	128,114	0,0	197	99	0.661234177833	1.0	1.0,0.985	1.0,1.0	-0.008
1121	"ENSG00000165819.7"	"METTL3"	chr14	-	21967168	21967744	21967168	21967281	21967540	21967744	1121	11,211	1,1	64,88	0,0	197	99	0.49148002187	1.0	0.847,0.991	1.0,1.0	-0.081
1123	"ENSG00000165819.7"	"METTL3"	chr14	-	21971315	21971720	21971315	21971434	21971648	21971720	1123	308,215	8,6	186,154	3,2	197	99	0.417083357112	1.0	0.951,0.947	0.969,0.975	-0.023
1125	"ENSG00000102103.11"	"PQBP1"	chrX	+	48759509	48760072	48759509	48759794	48760008	48760072	1125	28,21	153,82	34,20	160,122	197	99	0.676872334024	1.0	0.084,0.114	0.096,0.076	0.013
1126	"ENSG00000102103.11"	"PQBP1"	chrX	+	48759509	48760361	48759509	48760072	48760204	48760361	1126	16,22	185,162	22,11	160,120	197	99	0.787827352513	1.0	0.042,0.064	0.065,0.044	-0.001
1127	"ENSG00000102103.11"	"PQBP1"	chrX	+	48755538	48755859	48755538	48755629	48755774	48755859	1127	23,27	5,2	22,16	3,2	197	99	0.859261058065	1.0	0.698,0.872	0.787,0.801	-0.009
112	"ENSG00000100429.13"	"HDAC10"	chr22	-	50685107	50685395	50685107	50685164	50685303	50685395	112	2,1	4,4	6,4	5,4	197	99	0.291967934181	1.0	0.201,0.112	0.376,0.334	-0.198
1130	"ENSG00000172531.10"	"PPP1CA"	chr11	-	67166192	67166634	67166192	67166327	67166410	67166634	1130	11,1	366,283	4,1	268,224	181	99	0.657625565671	1.0	0.016,0.002	0.008,0.002	0.004
1131	"ENSG00000177666.11"	"PNPLA2"	chr11	+	823693	824130	823693	823855	823997	824130	1131	4,8	49,102	7,4	74,46	197	99	0.710585894121	1.0	0.039,0.038	0.045,0.042	-0.005
1132	"ENSG00000116741.6"	"RGS2"	chr1	+	192779295	192779561	192779295	192779397	192779499	192779561	1132	0,2	1,13	0,1	2,2	197	99	0.426717835324	1.0	0.0,0.072	0.0,0.201	-0.065
1133	"ENSG00000131149.13"	"GSE1"	chr16	+	85699581	85700228	85699581	85699953	85700131	85700228	1133	7,54	1,0	10,12	0,0	197	99	1	1.0	0.779,1.0	1.0,1.0	-0.111
1134	"ENSG00000149136.3"	"SSRP1"	chr11	-	57097764	57098401	57097764	57097903	57098328	57098401	1134	8,22	1196,922	8,5	918,810	197	99	0.840066665489	1.0	0.003,0.012	0.004,0.003	0.004
1136	"ENSG00000149136.3"	"SSRP1"	chr11	-	57095770	57097612	57095770	57095900	57097566	57097612	1136	12,14	1434,1513	15,10	1214,1091	197	99	1	1.0	0.004,0.005	0.006,0.005	-0.001
1146	"ENSG00000111877.13"	"MCM9"	chr6	-	119238725	119243251	119238725	119238926	119243169	119243251	1146	0,0	7,12	1,0	8,7	197	99	1	1.0	0.0,0.0	0.059,0.0	-0.029
1147	"ENSG00000100764.9"	"PSMC1"	chr14	+	90735740	90736696	90735740	90735892	90736541	90736696	1147	5,18	268,315	9,5	213,181	197	99	0.876061441534	1.0	0.009,0.028	0.021,0.014	0.001
1148	"ENSG00000135451.8"	"TROAP"	chr12	+	49723927	49725190	49723927	49724726	49724996	49725190	1148	76,74	84,92	74,51	81,47	197	99	0.470772701781	1.0	0.313,0.288	0.315,0.353	-0.033
1150	"ENSG00000135451.8"	"TROAP"	chr12	+	49723927	49724726	49723927	49724356	49724443	49724726	1150	81,87	3,9	62,47	3,2	185	99	0.649564628093	1.0	0.935,0.838	0.917,0.926	-0.035
1151	"ENSG00000138035.10"	"PNPT1"	chr2	-	55871771	55872567	55871771	55871855	55872483	55872567	1151	23,10	197,195	17,11	128,115	197	99	0.251589160276	1.0	0.055,0.025	0.063,0.046	-0.014
1153	"ENSG00000138035.10"	"PNPT1"	chr2	-	55907846	55908053	55907846	55907894	55907989	55908053	1153	0,6	25,29	1,1	21,17	193	99	0.881876534502	1.0	0.0,0.096	0.024,0.029	0.021
1154	"ENSG00000160007.13"	"ARHGAP35"	chr19	+	47491245	47492932	47491245	47491323	47492800	47492932	1154	1,1	47,26	1,0	24,21	197	99	0.948711941262	1.0	0.011,0.019	0.021,0.0	0.004
1155	"ENSG00000173457.6"	"PPP1R14B"	chr11	-	64012675	64013288	64012675	64012759	64013141	64013288	1155	0,10	0,2	2,2	1,0	197	99	1	1.0	NA,0.715	0.501,1.0	-0.035
1156	"ENSG00000267278.1"	"MAP3K14-AS1"	chr17	+	43344479	43344857	43344479	43344695	43344782	43344857	1156	3,2	0,0	8,6	1,1	185	99	1	1.0	1.0,1.0	0.811,0.763	0.213
1158	"ENSG00000198818.5"	"SFT2D1"	chr6	-	166736344	166738083	166736344	166736533	166738024	166738083	1158	27,50	2,6	37,27	2,1	197	99	0.387478286412	1.0	0.872,0.807	0.903,0.931	-0.078
1159	"ENSG00000198818.5"	"SFT2D1"	chr6	-	166736344	166738083	166736344	166736374	166738024	166738083	1159	13,35	68,75	25,16	57,41	197	99	0.382354276264	1.0	0.088,0.19	0.181,0.164	-0.033
1160	"ENSG00000198818.5"	"SFT2D1"	chr6	-	166736344	166736533	166736344	166736374	166736450	166736533	1160	10,8	0,2	3,4	0,0	174	99	1	1.0	1.0,0.695	1.0,1.0	-0.153
1162	"ENSG00000167302.5"	"ENTHD2"	chr17	-	79210779	79211259	79210779	79210871	79211186	79211259	1162	7,10	11,39	5,3	20,17	197	99	0.468235921481	1.0	0.242,0.114	0.112,0.081	0.081
1164	"ENSG00000177646.13"	"ACAD9"	chr3	+	128628186	128628992	128628186	128628264	128628863	128628992	1164	18,5	33,15	10,8	12,10	197	99	0.187162474385	1.0	0.215,0.143	0.295,0.287	-0.112
116	"ENSG00000101158.8"	"NELFCD"	chr20	+	57566366	57566977	57566366	57566501	57566775	57566977	116	0,55	0,0	31,30	1,0	197	99	1	1.0	NA,1.0	0.94,1.0	0.03
1174	"ENSG00000085465.11"	"OVGP1"	chr1	-	111963897	111964295	111963897	111964083	111964186	111964295	1174	2,6	0,6	1,1	2,1	197	99	0.701442249612	1.0	1.0,0.334	0.201,0.334	0.4
1177	"ENSG00000105373.14"	"GLTSCR2"	chr19	+	48259012	48259861	48259012	48259244	48259784	48259861	1177	17,78	2,13	34,22	9,5	197	99	0.273094709093	1.0	0.81,0.751	0.655,0.689	0.109
1178	"ENSG00000166965.8"	"RCCD1"	chr15	+	91499841	91500733	91499841	91500130	91500342	91500733	1178	11,29	0,3	24,14	2,1	197	99	0.912790509378	1.0	1.0,0.829	0.858,0.876	0.047
1179	"ENSG00000110075.10"	"PPP6R3"	chr11	+	68325663	68326147	68325663	68325787	68326033	68326147	1179	13,22	1,0	13,12	0,0	197	99	1	1.0	0.867,1.0	1.0,1.0	-0.067
1180	"ENSG00000110075.10"	"PPP6R3"	chr11	+	68325663	68326147	68325663	68325817	68326033	68326147	1180	38,24	5,2	25,16	1,1	197	99	0.564815530915	1.0	0.793,0.858	0.926,0.889	-0.082
1183	"ENSG00000106346.7"	"USP42"	chr7	+	6178722	6179826	6178722	6178825	6179758	6179826	1183	6,15	71,73	8,5	56,43	197	99	0.87399900147	1.0	0.041,0.094	0.067,0.055	0.007
1184	"ENSG00000168268.6"	"NT5DC2"	chr3	-	52561632	52561947	52561632	52561734	52561844	52561947	1184	48,35	318,196	33,23	183,149	197	99	0.840262528846	1.0	0.071,0.082	0.083,0.072	-0.001
1186	"ENSG00000054967.8"	"RELT"	chr11	+	73105280	73105779	73105280	73105362	73105521	73105779	1186	2,6	31,66	5,3	33,23	197	99	0.26656456247	1.0	0.031,0.044	0.071,0.062	-0.029
1187	"ENSG00000054967.8"	"RELT"	chr11	+	73105521	73106330	73105521	73105779	73106131	73106330	1187	3,2	10,15	2,1	10,6	197	99	0.83033156863	1.0	0.131,0.063	0.091,0.077	0.013
118	"ENSG00000101158.8"	"NELFCD"	chr20	+	57568678	57569294	57568678	57568730	57569164	57569294	118	196,198	14,19	241,174	15,11	197	99	0.331898910048	1.0	0.876,0.84	0.89,0.888	-0.031
1190	"ENSG00000100023.13"	"PPIL2"	chr22	+	22049225	22049785	22049225	22049359	22049682	22049785	1190	43,25	194,137	35,23	180,141	197	99	0.57770988992	1.0	0.1,0.084	0.089,0.076	0.01
1191	"ENSG00000100023.13"	"PPIL2"	chr22	+	22049225	22049785	22049225	22049359	22049686	22049785	1191	248,145	10,5	211,166	9,6	197	99	0.914354260816	1.0	0.926,0.936	0.922,0.933	0.004
1192	"ENSG00000100023.13"	"PPIL2"	chr22	+	22049225	22049785	22049225	22049255	22049682	22049785	1192	410,273	4,0	350,283	2,1	197	99	0.9160033844	1.0	0.981,1.0	0.989,0.993	-0.001
1193	"ENSG00000130165.6"	"ELOF1"	chr19	-	11664442	11664896	11664442	11664616	11664825	11664896	1193	28,344	2,0	57,52	0,0	197	99	0.365985348958	1.0	0.876,1.0	1.0,1.0	-0.062
1195	"ENSG00000117385.11"	"LEPRE1"	chr1	-	43212045	43213083	43212045	43212523	43212942	43213083	1195	21,15	19,34	18,12	20,16	197	99	0.652333881567	1.0	0.357,0.181	0.311,0.274	-0.023
1197	"ENSG00000117385.11"	"LEPRE1"	chr1	-	43220539	43220888	43220539	43220661	43220767	43220888	1197	43,16	5,0	44,35	1,1	197	99	0.30798344978	1.0	0.812,1.0	0.957,0.946	-0.045
119	"ENSG00000101158.8"	"NELFCD"	chr20	+	57568052	57568599	57568052	57568167	57568503	57568599	119	13,14	189,262	11,9	185,142	197	99	0.923639186844	1.0	0.033,0.026	0.029,0.031	-0.001
1200	"ENSG00000089818.12"	"NECAP1"	chr12	+	8242531	8242895	8242531	8242632	8242790	8242895	1200	0,4	31,53	3,3	34,22	197	99	0.231454993725	1.0	0.0,0.037	0.042,0.064	-0.035
1201	"ENSG00000149761.4"	"NUDT22"	chr11	+	63993761	63994604	63993761	63993899	63994106	63994604	1201	14,16	48,53	14,9	47,34	197	99	0.934854027951	1.0	0.128,0.132	0.13,0.117	0.007
1204	"ENSG00000198492.10"	"YTHDF2"	chr1	+	29063461	29064194	29063461	29063615	29064169	29064194	1204	89,81	0,1	1,1	0,0	197	99	1	1.0	1.0,0.976	1.0,1.0	-0.012
1206	"ENSG00000128159.7"	"TUBGCP6"	chr22	-	50656346	50656831	50656346	50656546	50656617	50656831	1206	15,15	20,18	13,9	14,9	169	99	0.62522075258	1.0	0.305,0.328	0.352,0.369	-0.044
1207	"ENSG00000128159.7"	"TUBGCP6"	chr22	-	50657716	50658220	50657716	50657885	50658072	50658220	1207	8,7	10,17	7,3	8,7	197	99	0.698474003393	1.0	0.287,0.171	0.305,0.177	-0.012
1210	"ENSG00000128159.7"	"TUBGCP6"	chr22	-	50658385	50660303	50658385	50658444	50658679	50660303	1210	36,32	6,7	24,20	7,4	197	99	0.547646144382	1.0	0.751,0.697	0.633,0.715	0.05
1211	"ENSG00000073792.11"	"IGF2BP2"	chr3	-	185407142	185407415	185407142	185407210	185407342	185407415	1211	244,121	0,1	178,156	2,1	197	99	0.389807240561	1.0	1.0,0.984	0.978,0.987	0.01
1217	"ENSG00000080822.12"	"CLDND1"	chr3	-	98239976	98240286	98239976	98240045	98240173	98240286	1217	25,321	1,0	58,100	0,0	197	99	0.446951272275	1.0	0.926,1.0	1.0,1.0	-0.037
1218	"ENSG00000177954.7"	"RPS27"	chr1	+	153963238	153963510	153963238	153963278	153963389	153963510	1218	25,33	7,0	164,90	16,5	197	99	0.535938178066	1.0	0.642,1.0	0.837,0.9	-0.048
1220	"ENSG00000135486.13"	"HNRNPA1"	chr12	+	54675169	54675725	54675169	54675286	54675578	54675725	1220	88,39	7441,6476	107,82	6614,5722	197	99	1	1.0	0.006,0.003	0.008,0.007	-0.003
1224	"ENSG00000103202.8"	"NME4"	chr16	+	448207	449123	448207	448385	448989	449123	1224	65,21	1,7	47,33	3,2	197	99	0.673986202607	1.0	0.97,0.601	0.887,0.892	-0.104
1227	"ENSG00000181027.6"	"FKRP"	chr19	+	47251771	47252141	47251771	47251922	47252031	47252141	1227	5,21	0,0	11,7	1,0	197	99	1	1.0	1.0,1.0	0.847,1.0	0.077
1229	"ENSG00000160410.10"	"SHKBP1"	chr19	+	41083063	41083347	41083063	41083190	41083301	41083347	1229	2,3	114,70	1,1	117,87	197	99	0.316560757448	1.0	0.009,0.021	0.004,0.006	0.01
1230	"ENSG00000160410.10"	"SHKBP1"	chr19	+	41083301	41083536	41083301	41083347	41083462	41083536	1230	3,0	145,98	2,3	182,125	197	99	0.874176482216	1.0	0.01,0.0	0.005,0.012	-0.004
1233	"ENSG00000073060.11"	"SCARB1"	chr12	-	125267228	125271049	125267228	125267357	125270986	125271049	1233	215,107	4,4	196,141	5,3	197	99	0.954644605564	1.0	0.964,0.931	0.952,0.959	-0.008
1235	"ENSG00000213523.5"	"SRA1"	chr5	-	139930645	139931769	139930645	139930754	139931566	139931769	1235	4,7	51,28	3,3	36,25	197	99	0.672011106986	1.0	0.038,0.112	0.04,0.057	0.026
1237	"ENSG00000106327.8"	"TFR2"	chr7	-	100225695	100225929	100225695	100225759	100225846	100225929	1237	34,25	183,54	31,21	142,105	185	99	0.347379965773	1.0	0.09,0.199	0.105,0.097	0.044
1240	"ENSG00000106327.8"	"TFR2"	chr7	-	100225529	100225748	100225529	100225597	100225695	100225748	1240	8,13	153,54	13,9	135,90	196	99	0.826268519988	1.0	0.026,0.108	0.046,0.048	0.02
1243	"ENSG00000106327.8"	"TFR2"	chr7	-	100225063	100225309	100225063	100225105	100225199	100225309	1243	12,131	2,0	61,111	0,0	192	99	0.378632285512	1.0	0.756,1.0	1.0,1.0	-0.122
1244	"ENSG00000106327.8"	"TFR2"	chr7	-	100225063	100225309	100225063	100225081	100225199	100225309	1244	189,110	1,0	67,87	0,0	197	99	0.880189055092	1.0	0.99,1.0	1.0,1.0	-0.005
1247	"ENSG00000171703.12"	"TCEA2"	chr20	+	62701117	62701767	62701117	62701174	62701612	62701767	1247	2,4	7,0	3,2	4,2	197	99	0.456163016488	1.0	0.126,1.0	0.274,0.334	0.259
1248	"ENSG00000171703.12"	"TCEA2"	chr20	+	62701117	62701767	62701117	62701174	62701637	62701767	1248	4,6	0,1	2,1	0,0	197	99	1	1.0	1.0,0.751	1.0,1.0	-0.125
1249	"ENSG00000171703.12"	"TCEA2"	chr20	+	62701117	62701988	62701117	62701767	62701841	62701988	1249	2,3	29,5	1,1	14,9	172	99	0.620384976821	1.0	0.038,0.257	0.039,0.06	0.098
124	"ENSG00000166793.6"	"YPEL4"	chr11	-	57413769	57414267	57413769	57413878	57414223	57414267	124	7,6	1,3	7,3	5,2	197	99	0.322605792065	1.0	0.779,0.501	0.413,0.43	0.219
1250	"ENSG00000171703.12"	"TCEA2"	chr20	+	62703222	62703699	62703222	62703294	62703524	62703699	1250	2,1	9,1	1,1	6,3	197	99	0.586148578463	1.0	0.1,0.334	0.077,0.143	0.107
1251	"ENSG00000142687.13"	"KIAA0319L"	chr1	-	35908506	35908856	35908506	35908629	35908758	35908856	1251	6,20	1,6	10,6	3,2	197	99	0.846807926384	1.0	0.751,0.626	0.626,0.601	0.075
1252	"ENSG00000102054.13"	"RBBP7"	chrX	-	16870674	16871965	16870674	16870905	16871804	16871965	1252	252,490	0,0	228,247	0,1	197	99	1	1.0	1.0,1.0	1.0,0.992	0.004
1253	"ENSG00000102054.13"	"RBBP7"	chrX	-	16870673	16870905	16870673	16870751	16870871	16870905	1253	14,20	191,362	8,9	149,162	197	99	0.877566154785	1.0	0.036,0.027	0.026,0.027	0.005
1254	"ENSG00000102054.13"	"RBBP7"	chrX	-	16863950	16867424	16863950	16864061	16867366	16867424	1254	2,14	354,438	6,3	313,243	197	99	0.790692516789	1.0	0.003,0.016	0.01,0.006	0.001
1255	"ENSG00000147872.5"	"PLIN2"	chr9	-	19119647	19119829	19119647	19119668	19119781	19119829	1255	127,113	0,1	48,54	0,0	197	99	0.715037870599	1.0	1.0,0.983	1.0,1.0	-0.008
1256	"ENSG00000140995.12"	"DEF8"	chr16	+	90030628	90030983	90030628	90030718	90030873	90030983	1256	0,2	23,23	2,2	20,10	197	99	0.241872838934	1.0	0.0,0.042	0.048,0.091	-0.049
1257	"ENSG00000231074.4"	"HCG18"	chr6	-	30258782	30262741	30258782	30260376	30262247	30262741	1257	83,61	30,73	31,27	23,19	197	99	0.852419819402	1.0	0.582,0.296	0.404,0.417	0.028
125	"ENSG00000183751.10"	"TBL3"	chr16	+	2024056	2024293	2024056	2024108	2024197	2024293	125	0,3	27,9	2,1	13,11	187	99	0.825330518541	1.0	0.0,0.15	0.075,0.046	0.014
1262	"ENSG00000170919.11"	"TPT1-AS1"	chr13	+	45953329	45954136	45953329	45953470	45954060	45954136	1262	2,13	4,2	2,1	2,1	197	99	0.503010664706	1.0	0.201,0.766	0.334,0.334	0.15
1265	"ENSG00000129351.13"	"ILF3"	chr19	+	10794592	10796441	10794592	10794646	10795091	10796441	1265	25,9	310,96	21,16	241,213	197	99	0.874200966239	1.0	0.039,0.045	0.042,0.036	0.003
1266	"ENSG00000129351.13"	"ILF3"	chr19	+	10791894	10792868	10791894	10792005	10792668	10792868	1266	102,80	362,268	90,72	296,238	197	99	0.76469439649	1.0	0.124,0.13	0.133,0.132	-0.006
1267	"ENSG00000129351.13"	"ILF3"	chr19	+	10794592	10796441	10794592	10794646	10795534	10796441	1267	298,33	1,0	205,194	1,0	197	99	0.587618460106	1.0	0.993,1.0	0.99,1.0	0.001
1272	"ENSG00000154832.10"	"CXXC1"	chr18	-	47809223	47809818	47809223	47809376	47809667	47809818	1272	47,46	1,0	24,26	0,0	197	99	1	1.0	0.959,1.0	1.0,1.0	-0.02
1277	"ENSG00000184640.13"	"SEPT9"	chr17	+	75493156	75493448	75493156	75493254	75493396	75493448	1277	9,11	0,1	11,14	0,0	197	99	1	1.0	1.0,0.847	1.0,1.0	-0.077
1280	"ENSG00000156261.8"	"CCT8"	chr21	-	30434489	30434736	30434489	30434555	30434648	30434736	1280	1275,1074	1,6	1069,919	6,4	191	99	0.836665471194	1.0	0.998,0.989	0.989,0.992	0.003
1281	"ENSG00000156261.8"	"CCT8"	chr21	-	30434648	30434896	30434648	30434736	30434810	30434896	1281	68,52	899,758	5,5	95,85	172	99	0.817627729344	1.0	0.042,0.038	0.029,0.033	0.009
1283	"ENSG00000124795.10"	"DEK"	chr6	-	18226109	18226473	18226109	18226273	18226404	18226473	1283	5,31	5,1	10,11	0,0	197	99	1	1.0	0.334,0.94	1.0,1.0	-0.363
1284	"ENSG00000124795.10"	"DEK"	chr6	-	18226109	18226473	18226109	18226240	18226404	18226473	1284	24,53	1,2	12,13	0,0	197	99	1	1.0	0.923,0.93	1.0,1.0	-0.073
1285	"ENSG00000124795.10"	"DEK"	chr6	-	18264073	18264439	18264073	18264227	18264328	18264439	1285	3,6	1,6	2,1	4,4	197	99	0.267729935715	1.0	0.601,0.334	0.201,0.112	0.311
1287	"ENSG00000100299.13"	"ARSA"	chr22	-	51065018	51065834	51065018	51065188	51065593	51065834	1287	13,47	0,1	15,14	0,0	197	99	1	1.0	1.0,0.959	1.0,1.0	-0.02
1289	"ENSG00000163516.9"	"ANKZF1"	chr2	+	220100731	220101373	220100731	220100817	220101043	220101373	1289	11,6	91,74	11,7	97,63	197	99	0.820689719244	1.0	0.057,0.039	0.054,0.053	-0.005
1292	"ENSG00000163516.9"	"ANKZF1"	chr2	+	220099872	220100307	220099872	220100015	220100195	220100307	1292	82,52	4,1	88,55	2,1	197	99	0.508959011554	1.0	0.912,0.963	0.957,0.965	-0.023
1294	"ENSG00000126777.13"	"KTN1"	chr14	+	56138283	56138595	56138283	56138373	56138502	56138595	1294	3,2	217,72	4,4	129,108	197	99	0.275487676737	1.0	0.007,0.014	0.015,0.018	-0.006
1297	"ENSG00000128951.9"	"DUT"	chr15	+	48633485	48634592	48633485	48633560	48634218	48634592	1297	0,9	0,0	8,7	1,0	197	99	1	1.0	NA,1.0	0.801,1.0	0.099
1299	"ENSG00000144199.7"	"FAHD2B"	chr2	-	97751435	97751935	97751435	97751598	97751875	97751935	1299	13,12	87,89	7,5	71,49	197	99	0.4628645987	1.0	0.07,0.063	0.047,0.049	0.019
12	"ENSG00000145191.7"	"EIF2B5"	chr3	+	183860839	183861353	183860839	183860989	183861229	183861353	12	50,46	1,0	39,45	0,0	197	99	1	1.0	0.962,1.0	1.0,1.0	-0.019
1300	"ENSG00000204623.4"	"ZNRD1-AS1"	chr6	-	30028517	30028966	30028517	30028772	30028881	30028966	1300	81,13	5,6	35,28	4,4	197	99	0.819611702799	1.0	0.891,0.521	0.815,0.779	-0.091
1301	"ENSG00000204623.4"	"ZNRD1-AS1"	chr6	-	30028517	30028920	30028517	30028772	30028871	30028920	1301	38,0	2,0	21,16	1,1	197	99	1	1.0	0.905,NA	0.913,0.889	0.004
1302	"ENSG00000213689.5"	"TREX1"	chr3	+	48507228	48509041	48507228	48507708	48508028	48509041	1302	4,5	0,0	5,2	1,1	197	99	1	1.0	1.0,1.0	0.715,0.501	0.392
1304	"ENSG00000179523.4"	"EIF3J-AS1"	chr15	-	44828240	44828838	44828240	44828556	44828794	44828838	1304	29,13	3,0	17,11	1,1	197	99	0.808957259118	1.0	0.829,1.0	0.895,0.847	0.043
1305	"ENSG00000179523.4"	"EIF3J-AS1"	chr15	-	44828240	44829121	44828240	44828556	44829007	44829121	1305	69,28	0,2	34,22	0,0	197	99	0.289138778046	1.0	1.0,0.876	1.0,1.0	-0.062
1307	"ENSG00000106397.7"	"PLOD3"	chr7	-	100855126	100855655	100855126	100855231	100855533	100855655	1307	11,9	43,46	12,7	53,33	197	99	0.973844569329	1.0	0.114,0.09	0.102,0.096	0.003
130	"ENSG00000113758.9"	"DBN1"	chr5	-	176894481	176894818	176894481	176894628	176894743	176894818	130	3,1	48,68	2,1	44,31	197	99	0.719717675669	1.0	0.03,0.007	0.022,0.016	-0.001
1311	"ENSG00000139350.7"	"NEDD1"	chr12	+	97301381	97301634	97301381	97301402	97301479	97301634	1311	7,52	0,1	17,16	0,0	175	99	1	1.0	1.0,0.967	1.0,1.0	-0.016
1317	"ENSG00000184903.5"	"IMMP2L"	chr7	-	111201906	111202347	111201906	111201979	111202292	111202347	1317	1,5	1,0	3,4	0,0	197	99	1	1.0	0.334,1.0	1.0,1.0	-0.333
1319	"ENSG00000145425.5"	"RPS3A"	chr4	+	152020780	152020866	152020780	152020814	152020853	152020866	1319	2482,1748	24,23	2764,2117	38,25	137	99	0.557788356725	1.0	0.987,0.982	0.981,0.984	0.002
1322	"ENSG00000110888.13"	"CAPRIN2"	chr12	-	30867892	30869610	30867892	30868075	30869441	30869610	1322	86,53	7,4	96,58	11,9	197	99	0.261304895534	1.0	0.861,0.869	0.814,0.764	0.076
1324	"ENSG00000110888.13"	"CAPRIN2"	chr12	-	30867892	30869610	30867892	30868078	30869441	30869610	1324	84,48	3,5	87,52	8,5	197	99	0.43908996167	1.0	0.934,0.828	0.845,0.839	0.039
1325	"ENSG00000110888.13"	"CAPRIN2"	chr12	-	30867892	30869610	30867892	30868015	30869441	30869610	1325	97,50	4,4	105,68	4,2	197	99	0.446989940969	1.0	0.924,0.863	0.93,0.945	-0.044
1326	"ENSG00000110888.13"	"CAPRIN2"	chr12	-	30872012	30873849	30872012	30872159	30873744	30873849	1326	7,5	29,31	8,6	36,21	197	99	0.662618075578	1.0	0.108,0.075	0.1,0.126	-0.022
1328	"ENSG00000175166.12"	"PSMD2"	chr3	+	184021107	184021537	184021107	184021254	184021430	184021537	1328	5,22	362,447	11,6	263,209	197	99	0.716580064402	1.0	0.007,0.024	0.021,0.014	-0.002
132	"ENSG00000167671.7"	"UBXN6"	chr19	-	4446496	4446917	4446496	4446716	4446832	4446917	132	3,3	82,51	3,2	83,52	197	99	0.815675259926	1.0	0.018,0.029	0.018,0.019	0.005
1331	"ENSG00000100316.11"	"RPL3"	chr22	-	39708888	39709315	39708888	39708989	39709195	39709315	1331	0,13	4879,3620	12,8	4616,3479	197	99	1	1.0	0.0,0.002	0.001,0.001	0.0
1332	"ENSG00000100316.11"	"RPL3"	chr22	-	39709195	39710213	39709195	39709315	39710111	39710213	1332	49,40	25,16	44,33	22,18	197	99	0.68248227355	1.0	0.496,0.557	0.501,0.48	0.036
1333	"ENSG00000100316.11"	"RPL3"	chr22	-	39709195	39709710	39709195	39709315	39709629	39709710	1333	10,57	0,0	26,21	1,1	197	99	0.385322556866	1.0	1.0,1.0	0.929,0.913	0.079
1334	"ENSG00000119888.6"	"EPCAM"	chr2	+	47600601	47601187	47600601	47600709	47600946	47601187	1334	4,8	226,378	4,4	251,201	197	99	0.907623823678	1.0	0.009,0.011	0.008,0.01	0.001
1336	"ENSG00000138385.11"	"SSB"	chr2	+	170664986	170665412	170664986	170665063	170665369	170665412	1336	4,10	1545,1260	21,12	1076,905	197	99	1	1.0	0.001,0.004	0.01,0.007	-0.006
1342	"ENSG00000257815.1"	"RP11-611E13.2"	chr12	-	70636268	70636673	70636268	70636420	70636576	70636673	1342	142,89	1,0	22,26	0,0	197	99	1	1.0	0.986,1.0	1.0,1.0	-0.007
1343	"ENSG00000213619.5"	"NDUFS3"	chr11	+	47602076	47602506	47602076	47602174	47602346	47602506	1343	20,22	1,0	7,9	0,0	197	99	1	1.0	0.91,1.0	1.0,1.0	-0.045
1345	"ENSG00000116670.10"	"MAD2L2"	chr1	-	11740618	11741188	11740618	11740670	11741156	11741188	1345	46,74	1,2	46,41	1,0	197	99	0.681679802128	1.0	0.959,0.949	0.959,1.0	-0.026
1346	"ENSG00000116670.10"	"MAD2L2"	chr1	-	11740409	11740670	11740409	11740528	11740618	11740670	1346	1,5	261,242	1,1	183,137	188	99	1	1.0	0.002,0.011	0.003,0.004	0.003
1347	"ENSG00000116670.10"	"MAD2L2"	chr1	-	11735756	11736197	11735756	11735910	11736102	11736197	1347	9,34	3,0	15,10	0,0	197	99	1	1.0	0.601,1.0	1.0,1.0	-0.2
1348	"ENSG00000179262.5"	"RAD23A"	chr19	+	13059499	13059973	13059499	13059627	13059894	13059973	1348	13,34	267,218	19,12	259,197	197	99	0.187994012672	1.0	0.024,0.073	0.036,0.03	0.015
1349	"ENSG00000179262.5"	"RAD23A"	chr19	+	13059499	13059973	13059499	13059627	13059936	13059973	1349	11,253	0,1	82,134	0,0	197	99	0.727471327482	1.0	1.0,0.992	1.0,1.0	-0.004
1350	"ENSG00000179262.5"	"RAD23A"	chr19	+	13059936	13060096	13059936	13059973	13060091	13060096	1350	2,26	5,135	7,10	42,69	197	99	0.495977746825	1.0	0.167,0.088	0.077,0.068	0.055
1352	"ENSG00000076944.10"	"STXBP2"	chr19	+	7712047	7712397	7712047	7712133	7712239	7712397	1352	7,13	72,66	7,5	68,44	197	99	0.524716325263	1.0	0.047,0.09	0.049,0.054	0.017
1353	"ENSG00000076944.10"	"STXBP2"	chr19	+	7707314	7707709	7707314	7707422	7707651	7707709	1353	16,10	367,316	18,10	376,291	197	99	0.761158239784	1.0	0.021,0.016	0.023,0.017	-0.001
1355	"ENSG00000171456.12"	"ASXL1"	chr20	+	31015930	31016225	31015930	31016032	31016127	31016225	1355	74,83	0,3	68,49	2,1	193	99	0.655531054614	1.0	1.0,0.934	0.946,0.962	0.013
1356	"ENSG00000124789.7"	"NUP153"	chr6	-	17628885	17629770	17628885	17629014	17629626	17629770	1356	488,380	1,0	29,35	0,0	197	99	0.224969409688	1.0	0.996,1.0	1.0,1.0	-0.002
1357	"ENSG00000102312.16"	"PORCN"	chrX	+	48370279	48370895	48370279	48370323	48370713	48370895	1357	0,4	3,5	1,1	2,1	197	99	0.643150864934	1.0	0.0,0.287	0.201,0.334	-0.124
1364	"ENSG00000075711.16"	"DLG1"	chr3	-	196792146	196792680	196792146	196792319	196792578	196792680	1364	15,15	155,59	13,10	94,72	197	99	0.88209042154	1.0	0.046,0.113	0.065,0.065	0.014
1365	"ENSG00000075711.16"	"DLG1"	chr3	-	196792146	196792680	196792146	196792335	196792578	196792680	1365	8,8	0,1	10,7	1,1	197	99	0.681902803598	1.0	1.0,0.801	0.834,0.779	0.094
1370	"ENSG00000171608.11"	"PIK3CD"	chr1	+	9781501	9781918	9781501	9781645	9781818	9781918	1370	8,2	3,9	3,2	11,7	197	99	0.289465635202	1.0	0.573,0.1	0.121,0.126	0.213
1371	"ENSG00000139645.9"	"ANKRD52"	chr12	-	56631590	56637176	56631590	56631752	56637021	56637176	1371	18,43	0,1	20,17	0,0	197	99	1	1.0	1.0,0.956	1.0,1.0	-0.022
1372	"ENSG00000204410.10"	"MSH5"	chr6	+	31721159	31721406	31721159	31721216	31721343	31721406	1372	22,20	66,0	44,39	79,60	197	99	0.262304631352	1.0	0.143,1.0	0.219,0.246	0.339
1373	"ENSG00000204410.10"	"MSH5"	chr6	+	31730196	31730945	31730196	31730347	31730827	31730945	1373	120,34	0,0	134,96	1,1	197	99	0.920953080824	1.0	1.0,1.0	0.985,0.98	0.018
1375	"ENSG00000204410.10"	"MSH5"	chr6	+	31731891	31732132	31731891	31731936	31732042	31732132	1375	5,13	122,83	2,1	18,20	197	99	0.855184918247	1.0	0.02,0.073	0.053,0.025	0.007
1376	"ENSG00000204410.10"	"MSH5"	chr6	+	31730196	31730611	31730196	31730347	31730566	31730611	1376	246,88	13,6	189,134	7,5	197	99	0.307278064765	1.0	0.905,0.881	0.931,0.931	-0.038
1377	"ENSG00000204427.7"	"ABHD16A"	chr6	-	31656499	31656896	31656499	31656563	31656791	31656896	1377	12,23	119,99	21,10	92,68	197	99	0.500117387349	1.0	0.048,0.105	0.103,0.069	-0.009
1378	"ENSG00000204427.7"	"ABHD16A"	chr6	-	31655817	31656082	31655817	31655880	31656025	31656082	1378	71,66	172,214	62,39	140,102	197	99	0.386427817673	1.0	0.172,0.134	0.182,0.161	-0.018
137	"ENSG00000172046.14"	"USP19"	chr3	-	49155183	49155412	49155183	49155218	49155379	49155412	137	8,3	10,8	4,4	7,6	197	99	0.861890357938	1.0	0.287,0.159	0.223,0.251	-0.014
1380	"ENSG00000075413.13"	"MARK3"	chr14	+	103965201	103966537	103965201	103965238	103966492	103966537	1380	11,9	0,1	1,1	0,0	197	99	1	1.0	1.0,0.819	1.0,1.0	-0.091
1381	"ENSG00000088205.8"	"DDX18"	chr2	+	118583844	118587042	118583844	118583958	118586996	118587042	1381	92,119	0,1	65,57	1,1	197	99	0.295665385677	1.0	1.0,0.984	0.97,0.966	0.024
1382	"ENSG00000088205.8"	"DDX18"	chr2	+	118579722	118580356	118579722	118579837	118580328	118580356	1382	4,9	2,2	8,5	3,3	197	99	0.673904252736	1.0	0.501,0.693	0.573,0.456	0.083
1384	"ENSG00000104907.8"	"TRMT1"	chr19	-	13226810	13226973	13226810	13226866	13226949	13226973	1384	3,10	3,0	3,2	1,1	181	99	0.890380208224	1.0	0.354,1.0	0.621,0.522	0.106
1385	"ENSG00000104907.8"	"TRMT1"	chr19	-	13226810	13227245	13226810	13226866	13227000	13227245	1385	127,101	0,5	97,80	1,1	197	99	0.808684675623	1.0	1.0,0.91	0.98,0.976	-0.023
1387	"ENSG00000104907.8"	"TRMT1"	chr19	-	13226810	13227245	13226810	13226866	13226959	13227245	1387	10,19	184,110	7,5	113,90	191	99	0.208928454694	1.0	0.027,0.082	0.031,0.028	0.025
1389	"ENSG00000214655.6"	"ZSWIM8"	chr10	+	75553904	75554397	75553904	75554088	75554298	75554397	1389	16,15	11,13	20,10	13,9	197	99	0.910980407992	1.0	0.422,0.367	0.436,0.358	-0.003
138	"ENSG00000087191.8"	"PSMC5"	chr17	+	61905497	61906923	61905497	61905569	61906853	61906923	138	3,8	612,781	9,5	518,437	197	99	1	1.0	0.002,0.005	0.009,0.006	-0.004
1392	"ENSG00000214655.6"	"ZSWIM8"	chr10	+	75553904	75554397	75553904	75553968	75554298	75554397	1392	50,42	0,1	17,21	0,0	197	99	1	1.0	1.0,0.955	1.0,1.0	-0.022
1393	"ENSG00000214655.6"	"ZSWIM8"	chr10	+	75560397	75560953	75560397	75560517	75560842	75560953	1393	27,53	1,1	43,25	3,1	197	99	0.416469792676	1.0	0.931,0.964	0.878,0.926	0.045
1394	"ENSG00000214655.6"	"ZSWIM8"	chr10	+	75560397	75560953	75560397	75560517	75560774	75560953	1394	5,34	5,25	25,12	13,9	197	99	0.522051434227	1.0	0.334,0.406	0.491,0.401	-0.076
1396	"ENSG00000135974.5"	"C2orf49"	chr2	+	105959304	105959680	105959304	105959431	105959557	105959680	1396	176,174	64,26	140,106	46,29	197	99	0.433062615022	1.0	0.58,0.771	0.605,0.647	0.049
1398	"ENSG00000038274.12"	"MAT2B"	chr5	+	162939007	162940675	162939007	162939202	162940573	162940675	1398	129,159	1,0	43,40	0,0	197	99	0.730035516734	1.0	0.985,1.0	1.0,1.0	-0.008
1399	"ENSG00000038274.12"	"MAT2B"	chr5	+	162939007	162940675	162939007	162939151	162940560	162940675	1399	284,217	0,1	43,40	0,0	197	99	0.348575900506	1.0	1.0,0.991	1.0,1.0	-0.004
139	"ENSG00000087191.8"	"PSMC5"	chr17	+	61904819	61905283	61904819	61904874	61905210	61905283	139	23,22	1,1	16,11	1,1	197	99	0.556425396165	1.0	0.92,0.917	0.889,0.847	0.051
1400	"ENSG00000038274.12"	"MAT2B"	chr5	+	162939007	162940675	162939007	162939202	162940560	162940675	1400	5,2	217,212	3,2	116,95	197	99	0.436494223239	1.0	0.011,0.005	0.013,0.01	-0.003
1402	"ENSG00000138095.14"	"LRPPRC"	chr2	-	44123582	44123847	44123582	44123683	44123772	44123847	1402	21,28	11,7	16,11	4,3	187	99	0.571407073514	1.0	0.503,0.679	0.679,0.66	-0.079
1405	"ENSG00000122545.13"	"SEPT7"	chr7	+	35937857	35942825	35937857	35937963	35942685	35942825	1405	307,271	0,2	9,9	0,0	197	99	1	1.0	1.0,0.986	1.0,1.0	-0.007
1410	"ENSG00000011009.6"	"LYPLA2"	chr1	+	24120713	24121090	24120713	24120815	24121041	24121090	1410	88,94	5,2	67,51	1,1	197	99	0.612046483262	1.0	0.898,0.959	0.971,0.962	-0.038
1411	"ENSG00000011009.6"	"LYPLA2"	chr1	+	24120713	24121090	24120713	24120815	24120916	24121090	1411	25,21	39,62	18,14	41,29	197	99	0.981817698495	1.0	0.244,0.145	0.181,0.195	0.007
1413	"ENSG00000014914.15"	"MTMR11"	chr1	-	149902256	149902857	149902256	149902439	149902683	149902857	1413	3,2	1,1	3,1	3,2	197	99	0.398403610718	1.0	0.601,0.501	0.334,0.201	0.283
1418	"ENSG00000070778.8"	"PTPN21"	chr14	-	88935842	88936394	88935842	88936077	88936265	88936394	1418	1,3	1,4	1,1	1,1	197	99	0.850817126915	1.0	0.334,0.274	0.334,0.334	-0.03
1419	"ENSG00000114388.8"	"NPRL2"	chr3	-	50385189	50385672	50385189	50385332	50385554	50385672	1419	21,24	38,32	15,9	24,17	197	99	0.888920808885	1.0	0.217,0.274	0.239,0.21	0.021
141	"ENSG00000087191.8"	"PSMC5"	chr17	+	61907492	61907699	61907492	61907549	61907630	61907699	141	2,15	90,537	3,3	144,183	179	99	0.651964889374	1.0	0.012,0.015	0.011,0.009	0.004
1421	"ENSG00000114388.8"	"NPRL2"	chr3	-	50387095	50387453	50387095	50387259	50387361	50387453	1421	31,17	7,1	23,15	5,3	197	99	0.678660820591	1.0	0.69,0.895	0.698,0.715	0.086
1424	"ENSG00000114388.8"	"NPRL2"	chr3	-	50385775	50385994	50385775	50385841	50385957	50385994	1424	1,4	6,36	1,2	10,14	197	99	0.885680447392	1.0	0.077,0.053	0.048,0.067	0.007
1425	"ENSG00000114388.8"	"NPRL2"	chr3	-	50385957	50386213	50385957	50385994	50386115	50386213	1425	7,6	17,22	9,5	25,16	197	99	0.974442066186	1.0	0.171,0.121	0.153,0.136	0.002
1426	"ENSG00000114388.8"	"NPRL2"	chr3	-	50385957	50386213	50385957	50385994	50386141	50386213	1426	26,27	1,1	31,19	2,1	197	99	0.714263225511	1.0	0.929,0.931	0.886,0.905	0.035
1428	"ENSG00000114388.8"	"NPRL2"	chr3	-	50386115	50386441	50386115	50386213	50386304	50386441	1428	1,16	69,56	5,4	66,42	189	99	0.383671911847	1.0	0.008,0.13	0.038,0.048	0.026
1430	"ENSG00000164180.9"	"TMEM161B"	chr5	-	87493485	87498892	87493485	87493582	87498778	87498892	1430	1,32	0,1	21,25	0,0	197	99	1	1.0	1.0,0.941	1.0,1.0	-0.03
1433	"ENSG00000113194.8"	"FAF2"	chr5	+	175920999	175921276	175920999	175921085	175921184	175921276	1433	2,0	37,58	0,0	32,34	197	99	0.564492362227	1.0	0.026,0.0	0.0,0.0	0.013
1434	"ENSG00000182004.8"	"SNRPE"	chr1	+	203830730	203831350	203830730	203830823	203831309	203831350	1434	1178,1013	2,3	347,627	0,0	197	99	1	1.0	0.997,0.994	1.0,1.0	-0.004
1436	"ENSG00000182004.8"	"SNRPE"	chr1	+	203830730	203831350	203830730	203830806	203831309	203831350	1436	780,563	1,5	587,628	0,0	197	99	0.756947584689	1.0	0.997,0.983	1.0,1.0	-0.01
1438	"ENSG00000130822.11"	"PNCK"	chrX	-	152936410	152936538	152936410	152936451	152936532	152936538	1438	5,2	96,37	1,1	34,20	179	99	0.663573569563	1.0	0.028,0.029	0.016,0.027	0.007
1439	"ENSG00000130822.11"	"PNCK"	chrX	-	152938020	152938533	152938020	152938152	152938463	152938533	1439	5,5	12,12	8,5	14,6	197	99	0.431752800339	1.0	0.173,0.173	0.223,0.295	-0.086
143	"ENSG00000049656.9"	"CLPTM1L"	chr5	-	1324877	1325931	1324877	1324928	1325865	1325931	143	20,31	152,104	19,14	78,69	197	99	0.63067412198	1.0	0.062,0.13	0.109,0.093	-0.005
1443	"ENSG00000130822.11"	"PNCK"	chrX	-	152937334	152937655	152937334	152937473	152937580	152937655	1443	23,1	14,0	16,8	8,4	197	99	0.974697712904	1.0	0.452,1.0	0.501,0.501	0.225
1444	"ENSG00000065000.11"	"AP3D1"	chr19	-	2109084	2109957	2109084	2109206	2109871	2109957	1444	14,13	141,113	16,9	91,68	197	99	0.197048756374	1.0	0.048,0.055	0.081,0.062	-0.02
1446	"ENSG00000065000.11"	"AP3D1"	chr19	-	2112858	2113412	2112858	2112966	2113334	2113412	1446	9,7	14,7	16,8	11,7	197	99	0.279152780313	1.0	0.244,0.334	0.422,0.365	-0.104
1447	"ENSG00000065000.11"	"AP3D1"	chr19	-	2112858	2113412	2112858	2112930	2113334	2113412	1447	30,18	5,0	31,19	3,2	197	99	0.922127350088	1.0	0.751,1.0	0.839,0.827	0.042
1448	"ENSG00000089094.12"	"KDM2B"	chr12	-	121882252	121883221	121882252	121882339	121883077	121883221	1448	0,1	50,76	1,1	47,38	197	99	0.371109056058	1.0	0.0,0.007	0.011,0.013	-0.009
1449	"ENSG00000089094.12"	"KDM2B"	chr12	-	121867311	121868272	121867311	121867966	121868095	121868272	1449	188,156	3,0	130,123	1,1	197	99	0.913282083905	1.0	0.969,1.0	0.985,0.984	0.0
144	"ENSG00000196154.7"	"S100A4"	chr1	-	153517129	153517573	153517129	153517285	153517552	153517573	144	2,0	3,0	2,2	0,0	197	99	1	1.0	0.251,NA	1.0,1.0	-0.749
1450	"ENSG00000089094.12"	"KDM2B"	chr12	-	121867311	121868272	121867311	121867966	121868079	121868272	1450	128,137	0,3	108,93	1,0	197	99	0.855523176251	1.0	1.0,0.958	0.982,1.0	-0.012
1451	"ENSG00000089094.12"	"KDM2B"	chr12	-	121877659	121878780	121877659	121877878	121878618	121878780	1451	0,0	22,83	1,1	63,45	197	99	0.511058288351	1.0	0.0,0.0	0.008,0.011	-0.009
1452	"ENSG00000156508.13"	"EEF1A1"	chr6	-	74228654	74229239	74228654	74228951	74229059	74229239	1452	0,0	26313,46744	54,42	41567,37468	197	99	1	1.0	0.0,0.0	0.001,0.001	-0.001
1454	"ENSG00000156508.13"	"EEF1A1"	chr6	-	74227752	74228333	74227752	74227987	74228076	74228333	1454	57,76	46744,66297	157,107	59062,52077	187	99	1	1.0	0.001,0.001	0.001,0.001	0.0
1455	"ENSG00000156508.13"	"EEF1A1"	chr6	-	74229605	74230741	74229605	74229779	74230632	74230741	1455	4,0	0,0	86,62	1,1	197	99	1	1.0	1.0,NA	0.977,0.969	0.027
1456	"ENSG00000156508.13"	"EEF1A1"	chr6	-	74227752	74228333	74227752	74227903	74228133	74228333	1456	28815,24807	1,0	2362,2680	0,0	197	99	1	1.0	1.0,1.0	1.0,1.0	0.0
1459	"ENSG00000168256.13"	"NKIRAS2"	chr17	+	40174416	40174658	40174416	40174490	40174582	40174658	1459	118,89	14,9	75,57	10,6	190	99	0.761134824399	1.0	0.815,0.837	0.796,0.832	0.012
145	"ENSG00000132640.10"	"BTBD3"	chr20	+	11898425	11899249	11898425	11898659	11898981	11899249	145	3,3	0,2	3,1	3,2	197	99	0.382302836966	1.0	1.0,0.43	0.334,0.201	0.447
1460	"ENSG00000168256.13"	"NKIRAS2"	chr17	+	40174416	40174658	40174416	40174490	40174587	40174658	1460	140,98	2,1	91,68	3,1	195	99	0.353635720733	1.0	0.973,0.98	0.939,0.972	0.021
1462	"ENSG00000182208.8"	"MOB2"	chr11	-	1501622	1502115	1501622	1501716	1502000	1502115	1462	78,67	1,1	56,34	2,1	197	99	0.330419088185	1.0	0.975,0.971	0.934,0.945	0.033
1463	"ENSG00000182208.8"	"MOB2"	chr11	-	1501622	1502115	1501622	1501716	1501954	1502115	1463	9,3	75,71	8,4	51,33	197	99	0.185410297804	1.0	0.057,0.021	0.073,0.057	-0.026
1464	"ENSG00000271723.1"	"MROH7-TTC4"	chr1	+	55197158	55197373	55197158	55197222	55197327	55197373	1464	128,166	3,1	91,80	1,1	197	99	0.909010164026	1.0	0.955,0.988	0.979,0.976	-0.006
1467	"ENSG00000114026.17"	"OGG1"	chr3	+	9798450	9798875	9798450	9798500	9798727	9798875	1467	64,34	4,2	51,39	2,2	197	99	0.740156306956	1.0	0.889,0.895	0.928,0.907	-0.025
1468	"ENSG00000011258.11"	"MBTD1"	chr17	-	49269613	49270377	49269613	49269641	49270142	49270377	1468	3,6	54,17	6,5	31,26	197	99	0.497037107812	1.0	0.027,0.151	0.089,0.088	0.001
1472	"ENSG00000143575.10"	"HAX1"	chr1	+	154245811	154246437	154245811	154246074	154246225	154246437	1472	6,24	7,5	32,22	8,5	197	99	0.334908598744	1.0	0.301,0.707	0.668,0.689	-0.174
1473	"ENSG00000143575.10"	"HAX1"	chr1	+	154245811	154246437	154245811	154246074	154246249	154246437	1473	15,23	403,182	38,26	391,318	197	99	0.230885650928	1.0	0.018,0.06	0.047,0.039	-0.004
1474	"ENSG00000143575.10"	"HAX1"	chr1	+	154245811	154246437	154245811	154246010	154246249	154246437	1474	381,257	4,0	418,340	3,2	197	99	0.921879987187	1.0	0.98,1.0	0.986,0.988	0.003
1475	"ENSG00000143575.10"	"HAX1"	chr1	+	154247629	154247959	154247629	154247736	154247868	154247959	1475	19,16	436,234	20,11	399,337	197	99	0.415707545107	1.0	0.021,0.033	0.025,0.016	0.007
1476	"ENSG00000143575.10"	"HAX1"	chr1	+	154247425	154247736	154247425	154247477	154247553	154247736	1476	12,14	0,0	16,10	2,1	174	99	1	1.0	1.0,1.0	0.82,0.851	0.165
1477	"ENSG00000143575.10"	"HAX1"	chr1	+	154247425	154247736	154247425	154247477	154247629	154247736	1477	36,20	232,156	33,18	244,197	197	99	0.33627764119	1.0	0.072,0.061	0.064,0.044	0.013
1478	"ENSG00000171858.13"	"RPS21"	chr20	+	60963364	60963575	60963364	60963420	60963512	60963575	1478	100,399	84,36	89,88	51,41	190	99	0.264339028543	1.0	0.383,0.852	0.476,0.528	0.115
147	"ENSG00000198901.9"	"PRC1"	chr15	-	91524739	91525211	91524739	91524891	91524977	91525211	147	324,446	2,0	328,255	1,1	184	99	0.807283578678	1.0	0.989,1.0	0.994,0.993	0.001
1487	"ENSG00000112514.11"	"CUTA"	chr6	-	33385257	33385820	33385257	33385472	33385661	33385820	1487	361,438	0,4	348,278	1,1	197	99	0.767258285209	1.0	1.0,0.982	0.994,0.993	-0.003
1488	"ENSG00000112514.11"	"CUTA"	chr6	-	33384326	33384553	33384326	33384437	33384525	33384553	1488	803,605	9,5	613,468	5,4	186	99	0.807334673558	1.0	0.979,0.985	0.985,0.984	-0.002
1489	"ENSG00000112514.11"	"CUTA"	chr6	-	33384873	33385087	33384873	33384919	33385027	33385087	1489	24,13	586,473	19,16	447,387	197	99	0.471669339767	1.0	0.02,0.014	0.021,0.02	-0.003
1491	"ENSG00000001460.13"	"STPG1"	chr1	-	24727568	24727946	24727568	24727705	24727808	24727946	1491	7,0	1,1	12,8	1,1	197	99	0.654876544716	1.0	0.779,0.0	0.858,0.801	-0.44
1492	"ENSG00000001460.13"	"STPG1"	chr1	-	24727568	24727946	24727568	24727691	24727808	24727946	1492	1,7	0,2	3,5	0,0	197	99	1	1.0	1.0,0.638	1.0,1.0	-0.181
1494	"ENSG00000104823.4"	"ECH1"	chr19	-	39307955	39308215	39307955	39308004	39308090	39308215	1494	4,4	235,214	2,1	187,128	184	99	0.839096529295	1.0	0.009,0.01	0.006,0.004	0.004
1495	"ENSG00000104823.4"	"ECH1"	chr19	-	39306496	39306995	39306496	39306647	39306923	39306995	1495	3,1	148,132	3,2	121,74	197	99	0.37371856048	1.0	0.01,0.004	0.012,0.013	-0.006
149	"ENSG00000198901.9"	"PRC1"	chr15	-	91524728	91525211	91524728	91524926	91524977	91525211	149	17,40	1,3	53,30	1,1	149	99	0.265147999015	1.0	0.919,0.899	0.972,0.952	-0.053
1500	"ENSG00000051382.4"	"PIK3CB"	chr3	-	138433309	138433557	138433309	138433392	138433495	138433557	1500	0,124	0,3	31,49	0,0	197	99	1	1.0	NA,0.954	1.0,1.0	-0.046
1501	"ENSG00000148399.7"	"DPH7"	chr9	-	140459344	140459606	140459344	140459410	140459536	140459606	1501	18,19	123,52	22,15	83,59	197	99	0.550005566029	1.0	0.069,0.155	0.118,0.113	-0.003
1502	"ENSG00000148399.7"	"DPH7"	chr9	-	140470160	140470619	140470160	140470375	140470531	140470619	1502	68,23	4,1	50,36	1,1	197	99	0.462509599348	1.0	0.895,0.92	0.962,0.948	-0.047
1505	"ENSG00000099797.7"	"TECR"	chr19	+	14675597	14675935	14675597	14675804	14675877	14675935	1505	11,22	471,436	13,8	416,296	171	99	0.549369824835	1.0	0.013,0.028	0.018,0.015	0.004
1506	"ENSG00000099797.7"	"TECR"	chr19	+	14675597	14675804	14675597	14675670	14675760	14675804	1506	29,60	356,277	47,28	250,189	188	99	0.32895159581	1.0	0.041,0.102	0.09,0.072	-0.009
1507	"ENSG00000099797.7"	"TECR"	chr19	+	14674793	14675099	14674793	14674909	14675030	14675099	1507	619,483	0,2	561,410	2,1	197	99	1	1.0	1.0,0.992	0.993,0.995	0.002
1508	"ENSG00000099797.7"	"TECR"	chr19	+	14674793	14675099	14674793	14674909	14674993	14675099	1508	10,10	490,443	16,8	494,362	182	99	0.431497225128	1.0	0.011,0.012	0.017,0.012	-0.003
1509	"ENSG00000099797.7"	"TECR"	chr19	+	14674469	14674715	14674469	14674514	14674611	14674715	1509	9,3	225,178	6,4	213,159	195	99	0.910642252192	1.0	0.02,0.008	0.014,0.013	0.001
150	"ENSG00000109065.7"	"NAT9"	chr17	-	72768098	72768416	72768098	72768116	72768356	72768416	150	65,29	2,0	26,31	0,0	197	99	1	1.0	0.942,1.0	1.0,1.0	-0.029
1511	"ENSG00000099797.7"	"TECR"	chr19	+	14674469	14674715	14674469	14674514	14674646	14674715	1511	267,236	1,9	274,209	2,2	197	99	0.195773292208	1.0	0.993,0.929	0.986,0.981	-0.022
1512	"ENSG00000099797.7"	"TECR"	chr19	+	14675597	14675935	14675597	14675670	14675877	14675935	1512	24,68	7,6	54,32	8,7	197	99	0.830087088237	1.0	0.633,0.851	0.772,0.697	0.008
1513	"ENSG00000099797.7"	"TECR"	chr19	+	14675877	14676102	14675877	14675935	14676013	14676102	1513	8,6	424,351	7,4	326,242	176	99	0.833206229955	1.0	0.011,0.01	0.012,0.009	0.0
1514	"ENSG00000015479.13"	"MATR3"	chr5	+	138660984	138661351	138660984	138661029	138661128	138661351	1514	67,190	0,2	142,125	0,1	197	99	0.649219414579	1.0	1.0,0.979	1.0,0.984	-0.002
1517	"ENSG00000015479.13"	"MATR3"	chr5	+	138650363	138651877	138650363	138650425	138651764	138651877	1517	60,58	27,132	53,31	48,29	197	99	0.763140428345	1.0	0.528,0.181	0.357,0.349	0.002
1518	"ENSG00000182944.13"	"EWSR1"	chr22	+	29694722	29695841	29694722	29695270	29695588	29695841	1518	204,237	13,21	193,145	12,11	197	99	0.722131366063	1.0	0.887,0.85	0.89,0.869	-0.011
151	"ENSG00000109065.7"	"NAT9"	chr17	-	72768098	72768416	72768098	72768193	72768356	72768416	151	114,51	55,45	66,57	40,28	197	99	0.599041731921	1.0	0.51,0.363	0.453,0.506	-0.043
1522	"ENSG00000182944.13"	"EWSR1"	chr22	+	29684594	29687588	29684594	29684775	29687550	29687588	1522	63,99	79,41	47,31	50,40	197	99	0.20947171598	1.0	0.286,0.548	0.321,0.28	0.117
1524	"ENSG00000095787.17"	"WAC"	chr10	+	28824490	28824897	28824490	28824686	28824838	28824897	1524	2,4	0,1	3,4	1,0	197	99	0.896477726401	1.0	1.0,0.668	0.601,1.0	0.034
1526	"ENSG00000095787.17"	"WAC"	chr10	+	28903495	28905291	28903495	28903614	28905104	28905291	1526	0,261	5,0	83,122	0,0	197	99	0.206006598284	1.0	0.0,1.0	1.0,1.0	-0.5
1529	"ENSG00000163703.13"	"CRELD1"	chr3	+	9984760	9985199	9984760	9984837	9985064	9985199	1529	20,135	0,2	174,101	2,1	197	99	0.696292255344	1.0	1.0,0.971	0.978,0.981	0.006
152	"ENSG00000109065.7"	"NAT9"	chr17	-	72768098	72768416	72768098	72768178	72768356	72768416	152	161,87	0,5	103,82	2,2	197	99	1	1.0	1.0,0.897	0.963,0.954	-0.01
1531	"ENSG00000103145.6"	"HCFC1R1"	chr16	-	3073233	3073969	3073233	3073531	3073847	3073969	1531	2,9	24,18	4,2	15,11	197	99	0.688834908581	1.0	0.04,0.201	0.118,0.084	0.02
1532	"ENSG00000103145.6"	"HCFC1R1"	chr16	-	3073233	3073531	3073233	3073299	3073474	3073531	1532	15,85	2,0	33,26	0,0	197	99	0.277987375823	1.0	0.79,1.0	1.0,1.0	-0.105
1533	"ENSG00000103145.6"	"HCFC1R1"	chr16	-	3073233	3073531	3073233	3073362	3073474	3073531	1533	23,58	43,38	43,22	46,33	197	99	0.718991411836	1.0	0.212,0.434	0.32,0.251	0.038
1535	"ENSG00000206149.6"	"HERC2P9"	chr15	+	28900418	28900837	28900418	28900566	28900640	28900837	1535	0,0	2,3	2,2	2,1	172	99	1	1.0	0.0,0.0	0.365,0.535	-0.45
1537	"ENSG00000206149.6"	"HERC2P9"	chr15	+	28926941	28927324	28926941	28926989	28927093	28927324	1537	21,13	0,3	7,6	0,0	197	99	1	1.0	1.0,0.685	1.0,1.0	-0.157
1538	"ENSG00000025434.14"	"NR1H3"	chr11	+	47283097	47283569	47283097	47283277	47283469	47283569	1538	8,10	20,12	8,6	23,18	197	99	0.288240462943	1.0	0.167,0.295	0.149,0.143	0.085
153	"ENSG00000163040.10"	"CCDC74A"	chr2	+	132289236	132290354	132289236	132289375	132290161	132290354	153	13,4	34,19	5,3	15,9	197	99	0.777490176471	1.0	0.161,0.096	0.143,0.143	-0.014
1540	"ENSG00000130255.8"	"RPL36"	chr19	+	5690343	5690578	5690343	5690411	5690516	5690578	1540	42,26	0,0	38,37	1,1	197	99	0.727546387028	1.0	1.0,1.0	0.95,0.949	0.05
1541	"ENSG00000130255.8"	"RPL36"	chr19	+	5690343	5690578	5690343	5690400	5690516	5690578	1541	104,30	25,3	27,39	3,3	197	99	0.21206609227	1.0	0.676,0.834	0.819,0.867	-0.088
1542	"ENSG00000130255.8"	"RPL36"	chr19	+	5690516	5691401	5690516	5690611	5691290	5691401	1542	21,21	1,0	21,22	0,0	197	99	1	1.0	0.913,1.0	1.0,1.0	-0.043
1545	"ENSG00000105202.3"	"FBL"	chr19	-	40325097	40325453	40325097	40325202	40325307	40325453	1545	2,20	490,379	6,4	455,374	197	99	0.188993510647	1.0	0.002,0.026	0.007,0.005	0.008
1546	"ENSG00000105202.3"	"FBL"	chr19	-	40331256	40331427	40331256	40331322	40331361	40331427	1546	128,222	1,3	123,98	1,0	137	99	0.799537680951	1.0	0.989,0.982	0.989,1.0	-0.009
1548	"ENSG00000145741.11"	"BTF3"	chr5	+	72798312	72798942	72798312	72798426	72798740	72798942	1548	9,13	9165,8206	43,25	7475,6383	197	99	1	1.0	0.0,0.001	0.003,0.002	-0.002
154	"ENSG00000163040.10"	"CCDC74A"	chr2	+	132289236	132290354	132289236	132289375	132290282	132290354	154	40,24	6,2	17,10	1,1	197	99	0.703156223539	1.0	0.77,0.858	0.895,0.834	-0.05
1550	"ENSG00000104946.6"	"TBC1D17"	chr19	+	50387768	50388015	50387768	50387816	50387915	50388015	1550	2,2	48,47	0,1	21,19	197	99	0.666235953113	1.0	0.021,0.021	0.0,0.026	0.008
1551	"ENSG00000126458.3"	"RRAS"	chr19	-	50140080	50140387	50140080	50140183	50140299	50140387	1551	3,3	24,16	2,1	18,10	197	99	0.847037415049	1.0	0.059,0.086	0.053,0.048	0.022
1552	"ENSG00000242086.4"	"LINC00969"	chr3	+	195435024	195435712	195435024	195435139	195435617	195435712	1552	14,16	7,3	5,4	1,1	197	99	0.795463769288	1.0	0.501,0.728	0.715,0.668	-0.077
1556	"ENSG00000242086.4"	"LINC00969"	chr3	+	195435024	195435712	195435024	195435384	195435617	195435712	1556	2,20	0,1	3,3	0,0	197	99	1	1.0	1.0,0.91	1.0,1.0	-0.045
1558	"ENSG00000122952.12"	"ZWINT"	chr10	-	58117198	58118220	58117198	58117946	58118137	58118220	1558	77,256	244,321	118,86	274,235	197	99	0.225278994984	1.0	0.137,0.286	0.178,0.155	0.045
1561	"ENSG00000099889.9"	"ARVCF"	chr22	-	19966419	19966939	19966419	19966603	19966914	19966939	1561	33,25	3,7	23,15	1,1	197	99	0.351594958269	1.0	0.847,0.642	0.92,0.883	-0.157
1564	"ENSG00000185404.12"	"SP140L"	chr2	+	231264841	231266158	231264841	231264957	231266080	231266158	1564	7,1	0,1	2,2	0,0	197	99	1	1.0	1.0,0.334	1.0,1.0	-0.333
1566	"ENSG00000166394.10"	"CYB5R2"	chr11	-	7689708	7693754	7689708	7689792	7693681	7693754	1566	2,7	0,0	4,2	1,1	197	99	1	1.0	1.0,1.0	0.668,0.501	0.415
1567	"ENSG00000100151.11"	"PICK1"	chr22	+	38469779	38470458	38469779	38469830	38470313	38470458	1567	0,11	9,14	9,5	9,6	197	99	0.21111385833	1.0	0.0,0.283	0.334,0.295	-0.173
1569	"ENSG00000214021.11"	"TTLL3"	chr3	+	9876364	9877088	9876364	9876591	9876777	9877088	1569	326,121	53,20	149,114	21,15	197	99	0.505680115887	1.0	0.756,0.752	0.781,0.793	-0.033
1571	"ENSG00000214021.11"	"TTLL3"	chr3	+	9859328	9860604	9859328	9859443	9860505	9860604	1571	313,107	4,6	200,159	6,4	197	99	0.79716282146	1.0	0.975,0.9	0.944,0.952	-0.01
1573	"ENSG00000214021.11"	"TTLL3"	chr3	+	9859328	9862425	9859328	9860604	9862229	9862425	1573	570,209	42,8	317,248	21,13	197	99	0.890431534205	1.0	0.872,0.929	0.884,0.906	0.006
1574	"ENSG00000214021.11"	"TTLL3"	chr3	+	9859328	9862425	9859328	9859443	9862229	9862425	1574	372,136	13,3	198,161	4,5	197	99	0.715279271921	1.0	0.935,0.958	0.961,0.942	-0.005
1575	"ENSG00000214021.11"	"TTLL3"	chr3	+	9859328	9860604	9859328	9859443	9860238	9860604	1575	169,43	0,0	98,93	1,0	197	99	0.548972884023	1.0	1.0,1.0	0.98,1.0	0.01
1577	"ENSG00000196290.10"	"NIF3L1"	chr2	+	201756458	201757102	201756458	201756512	201756640	201757102	1577	20,69	1,0	44,33	0,0	197	99	0.405318058281	1.0	0.91,1.0	1.0,1.0	-0.045
1578	"ENSG00000159403.11"	"C1R"	chr12	-	7241434	7242085	7241434	7241582	7241888	7242085	1578	0,2	1,1	1,0	2,1	197	99	0.751193165773	1.0	0.0,0.501	0.201,0.0	0.15
1580	"ENSG00000146067.11"	"FAM193B"	chr5	-	176951185	176952488	176951185	176952206	176952345	176952488	1580	6,7	1,0	1,2	0,0	197	99	1	1.0	0.751,1.0	1.0,1.0	-0.125
1581	"ENSG00000235954.2"	"TTC28-AS1"	chr22	+	28393398	28394826	28393398	28393727	28393973	28394826	1581	4,0	0,0	1,1	0,1	197	99	1	1.0	1.0,NA	1.0,0.334	0.333
1586	"ENSG00000186815.8"	"TPCN1"	chr12	+	113729413	113729736	113729413	113729482	113729714	113729736	1586	0,11	0,1	3,5	0,0	197	99	1	1.0	NA,0.847	1.0,1.0	-0.153
1587	"ENSG00000244187.3"	"TMEM141"	chr9	+	139686398	139686810	139686398	139686482	139686702	139686810	1587	5,1	411,109	2,1	234,181	197	99	1	1.0	0.006,0.005	0.004,0.003	0.002
1588	"ENSG00000092439.9"	"TRPM7"	chr15	-	50867920	50868116	50867920	50867986	50868065	50868116	1588	4,1	65,35	2,1	49,38	177	99	0.761185963018	1.0	0.033,0.016	0.022,0.015	0.006
1589	"ENSG00000100519.7"	"PSMC6"	chr14	+	53190522	53190754	53190522	53190592	53190682	53190754	1589	14,12	4,2	20,13	3,2	188	99	0.554059145152	1.0	0.648,0.76	0.778,0.774	-0.072
1594	"ENSG00000114857.13"	"NKTR"	chr3	+	42668691	42672067	42668691	42668719	42672037	42672067	1594	39,80	2,0	37,23	1,1	197	99	0.404585810823	1.0	0.907,1.0	0.949,0.92	0.019
1596	"ENSG00000114857.13"	"NKTR"	chr3	+	42685143	42685495	42685143	42685214	42685390	42685495	1596	69,45	1,0	14,17	0,0	197	99	1	1.0	0.972,1.0	1.0,1.0	-0.014
1597	"ENSG00000114857.13"	"NKTR"	chr3	+	42660511	42661200	42660511	42660619	42661003	42661200	1597	29,56	1,2	11,12	0,0	197	99	1	1.0	0.936,0.934	1.0,1.0	-0.065
1599	"ENSG00000119723.11"	"COQ6"	chr14	+	74424849	74425646	74424849	74424980	74425531	74425646	1599	2,21	0,1	5,8	0,0	197	99	1	1.0	1.0,0.913	1.0,1.0	-0.043
159	"ENSG00000143702.11"	"CEP170"	chr1	-	243349080	243349724	243349080	243349374	243349560	243349724	159	64,63	49,68	62,40	57,33	197	99	0.848040716183	1.0	0.396,0.318	0.353,0.379	-0.009
15	"ENSG00000161395.8"	"PGAP3"	chr17	-	37829766	37830307	37829766	37829903	37830245	37830307	15	2,2	4,3	5,3	7,5	197	99	0.846343205495	1.0	0.201,0.251	0.264,0.232	-0.022
1601	"ENSG00000119723.11"	"COQ6"	chr14	+	74424849	74425781	74424849	74424980	74425673	74425781	1601	8,18	12,22	9,7	12,9	197	99	0.909108169236	1.0	0.251,0.291	0.274,0.281	-0.007
1603	"ENSG00000084072.12"	"PPIE"	chr1	+	40207566	40208969	40207566	40207703	40208887	40208969	1603	6,14	0,0	13,6	1,1	197	99	1	1.0	1.0,1.0	0.867,0.751	0.191
1604	"ENSG00000084072.12"	"PPIE"	chr1	+	40207566	40208969	40207566	40207593	40208887	40208969	1604	3,11	199,182	9,5	157,117	197	99	0.389534682848	1.0	0.008,0.029	0.028,0.021	-0.006
1605	"ENSG00000146063.14"	"TRIM41"	chr5	+	180660412	180660763	180660412	180660435	180660635	180660763	1605	44,33	7,9	52,38	6,4	197	99	0.191345817528	1.0	0.76,0.648	0.813,0.827	-0.116
1607	"ENSG00000136643.7"	"RPS6KC1"	chr1	+	213414044	213416001	213414044	213415640	213415911	213416001	1607	27,0	18,55	13,9	39,28	197	99	0.78666443083	1.0	0.43,0.0	0.143,0.139	0.074
160	"ENSG00000198054.7"	"DSCR8"	chr21	+	39494405	39494762	39494405	39494505	39494621	39494762	160	66,0	1,0	76,55	1,1	197	99	1	1.0	0.971,NA	0.974,0.965	0.001
1613	"ENSG00000129347.15"	"KRI1"	chr19	-	10675604	10676466	10675604	10675710	10676392	10676466	1613	16,9	45,28	15,11	36,24	197	99	0.489413925283	1.0	0.152,0.139	0.173,0.187	-0.034
1614	"ENSG00000129347.15"	"KRI1"	chr19	-	10670034	10670384	10670034	10670205	10670288	10670384	1614	17,9	180,99	10,5	126,97	181	99	0.419602509132	1.0	0.049,0.047	0.042,0.027	0.013
1616	"ENSG00000153560.7"	"UBP1"	chr3	-	33437653	33438113	33437653	33437772	33437936	33438113	1616	5,15	1,0	9,6	2,1	197	99	0.535896197813	1.0	0.715,1.0	0.693,0.751	0.135
1617	"ENSG00000100359.16"	"SGSM3"	chr22	+	40803020	40803572	40803020	40803075	40803204	40803572	1617	10,1	32,59	7,4	54,32	197	99	0.921600490668	1.0	0.136,0.008	0.061,0.059	0.012
1618	"ENSG00000100359.16"	"SGSM3"	chr22	+	40804936	40805376	40804936	40805022	40805343	40805376	1618	43,26	1,0	65,47	1,1	197	99	0.717777313671	1.0	0.956,1.0	0.97,0.959	0.014
1619	"ENSG00000100359.16"	"SGSM3"	chr22	+	40803204	40803572	40803204	40803332	40803429	40803572	1619	57,117	0,2	96,71	1,0	195	99	0.748209793631	1.0	1.0,0.967	0.98,1.0	-0.006
1621	"ENSG00000100359.16"	"SGSM3"	chr22	+	40804777	40805022	40804777	40804846	40804936	40805022	1621	2,7	5,52	11,9	50,38	188	99	0.641472114476	1.0	0.174,0.066	0.104,0.111	0.012
1623	"ENSG00000100359.16"	"SGSM3"	chr22	+	40803204	40803572	40803204	40803332	40803416	40803572	1623	24,37	67,56	39,25	68,46	182	99	0.636970767663	1.0	0.163,0.264	0.238,0.228	-0.019
1624	"ENSG00000184634.11"	"MED12"	chrX	+	70357575	70357793	70357575	70357630	70357705	70357793	1624	96,120	21,12	126,91	15,8	173	99	0.286848517022	1.0	0.723,0.851	0.828,0.867	-0.06
1625	"ENSG00000092841.14"	"MYL6"	chr12	+	56552467	56553514	56552467	56552495	56553370	56553514	1625	74,121	6265,4965	57,35	4405,3271	197	99	0.57302689363	1.0	0.006,0.012	0.006,0.005	0.004
1626	"ENSG00000092841.14"	"MYL6"	chr12	+	56553370	56553932	56553370	56553514	56553758	56553932	1626	9,28	3232,1745	14,6	1904,1339	197	99	1	1.0	0.001,0.008	0.004,0.002	0.002
1627	"ENSG00000092841.14"	"MYL6"	chr12	+	56552467	56553514	56552467	56552495	56553378	56553514	1627	8781,7712	0,2	1734,3203	0,0	197	99	1	1.0	1.0,0.999	1.0,1.0	-0.0
1628	"ENSG00000092841.14"	"MYL6"	chr12	+	56553370	56553932	56553370	56553489	56553758	56553932	1628	2111,2007	2,5	710,693	0,0	197	99	1	1.0	0.998,0.995	1.0,1.0	-0.004
1629	"ENSG00000092841.14"	"MYL6"	chr12	+	56552141	56552495	56552141	56552188	56552467	56552495	1629	39,24	6035,5660	10,10	1222,1389	197	99	1	1.0	0.003,0.002	0.004,0.004	-0.002
162	"ENSG00000170638.5"	"TRABD"	chr22	+	50636251	50636615	50636251	50636424	50636503	50636615	162	30,43	14,41	48,30	26,17	177	99	0.457125920303	1.0	0.545,0.37	0.508,0.497	-0.045
1631	"ENSG00000092841.14"	"MYL6"	chr12	+	56552467	56553514	56552467	56552495	56553406	56553514	1631	7688,5847	37,45	5234,3951	31,20	197	99	0.72061796646	1.0	0.991,0.985	0.988,0.99	-0.001
1632	"ENSG00000092841.14"	"MYL6"	chr12	+	56552467	56552704	56552467	56552495	56552685	56552704	1632	43,56	4,42	14,11	2,1	197	99	0.434188460237	1.0	0.844,0.401	0.779,0.847	-0.19
1633	"ENSG00000092841.14"	"MYL6"	chr12	+	56553370	56553932	56553370	56553406	56553808	56553932	1633	2374,1904	42,35	1745,1248	33,21	197	99	1	1.0	0.966,0.965	0.964,0.968	-0.0
1636	"ENSG00000088179.4"	"PTPN4"	chr2	+	120634877	120635118	120634877	120634941	120635039	120635118	1636	1,0	11,1	0,0	4,3	196	99	1	1.0	0.044,0.0	0.0,0.0	0.022
1638	"ENSG00000088179.4"	"PTPN4"	chr2	+	120672754	120674266	120672754	120672818	120674198	120674266	1638	3,2	0,3	2,1	0,0	197	99	1	1.0	1.0,0.251	1.0,1.0	-0.375
163	"ENSG00000130159.9"	"ECSIT"	chr19	-	11618516	11618863	11618516	11618665	11618805	11618863	163	3,12	62,72	8,3	66,49	197	99	0.771692515	1.0	0.024,0.077	0.057,0.03	0.007
1640	"ENSG00000144283.17"	"PKP4"	chr2	+	159525681	159526427	159525681	159525814	159526231	159526427	1640	25,14	0,3	12,9	1,1	197	99	1	1.0	1.0,0.701	0.858,0.819	0.012
1641	"ENSG00000144283.17"	"PKP4"	chr2	+	159517844	159518276	159517844	159517962	159518073	159518276	1641	18,1	2,0	16,15	1,1	197	99	0.630349834485	1.0	0.819,1.0	0.889,0.883	0.023
1644	"ENSG00000154518.5"	"ATP5G3"	chr2	-	176042913	176043978	176042913	176043150	176043784	176043978	1644	45,165	0,1	28,24	0,0	197	99	1	1.0	1.0,0.988	1.0,1.0	-0.006
1647	"ENSG00000102316.12"	"MAGED2"	chrX	+	54841680	54842440	54841680	54842123	54842313	54842440	1647	37,0	53,32	27,14	60,39	197	99	0.472161826126	1.0	0.26,0.0	0.184,0.153	-0.038
1648	"ENSG00000102316.12"	"MAGED2"	chrX	+	54836154	54836646	54836154	54836250	54836304	54836646	1648	34,17	0,0	61,34	4,3	152	99	0.628339804809	1.0	1.0,1.0	0.909,0.881	0.105
1649	"ENSG00000102316.12"	"MAGED2"	chrX	+	54837253	54837562	54837253	54837337	54837478	54837562	1649	107,108	1,0	174,110	1,0	197	99	0.750934496301	1.0	0.982,1.0	0.989,1.0	-0.003
164	"ENSG00000130159.9"	"ECSIT"	chr19	-	11618516	11618863	11618516	11618544	11618805	11618863	164	96,125	1,3	143,110	2,1	197	99	0.625983385708	1.0	0.98,0.954	0.973,0.982	-0.011
1653	"ENSG00000089639.6"	"GMIP"	chr19	-	19746223	19746530	19746223	19746378	19746452	19746530	1653	1,3	15,4	1,1	6,4	172	99	0.537197801251	1.0	0.037,0.302	0.088,0.126	0.062
1655	"ENSG00000100650.11"	"SRSF5"	chr14	+	70235898	70237257	70235898	70235968	70237183	70237257	1655	504,681	632,380	531,408	456,392	197	99	0.733363587642	1.0	0.286,0.474	0.369,0.343	0.024
1656	"ENSG00000100650.11"	"SRSF5"	chr14	+	70235898	70237257	70235898	70235968	70236227	70237257	1656	240,281	0,19	248,183	6,3	197	99	0.319890779897	1.0	1.0,0.881	0.954,0.968	-0.02
1658	"ENSG00000100650.11"	"SRSF5"	chr14	+	70235514	70237257	70235514	70235613	70237183	70237257	1658	328,435	0,0	379,306	2,2	197	99	0.330285443563	1.0	1.0,1.0	0.99,0.987	0.012
1660	"ENSG00000198336.5"	"MYL4"	chr17	+	45300379	45300843	45300379	45300423	45300651	45300843	1660	50,97	1,8	57,31	2,1	197	99	0.78459700038	1.0	0.962,0.859	0.935,0.94	-0.027
1662	"ENSG00000154305.12"	"MIA3"	chr1	+	222835594	222835850	222835594	222835674	222835799	222835850	1662	6,30	1,1	13,10	1,0	197	99	0.829613722999	1.0	0.751,0.938	0.867,1.0	-0.089
1664	"ENSG00000140543.9"	"DET1"	chr15	-	89073853	89074946	89073853	89074704	89074843	89074946	1664	25,26	9,1	28,19	7,5	197	99	0.596877544372	1.0	0.583,0.929	0.668,0.656	0.094
1665	"ENSG00000214193.5"	"SH3D21"	chr1	+	36784722	36784913	36784722	36784765	36784860	36784913	1665	2,1	7,11	1,1	7,9	193	99	0.786331751444	1.0	0.128,0.045	0.068,0.054	0.025
1667	"ENSG00000214193.5"	"SH3D21"	chr1	+	36786656	36787379	36786656	36786730	36787324	36787379	1667	3,18	0,2	5,5	0,0	197	99	1	1.0	1.0,0.819	1.0,1.0	-0.091
1668	"ENSG00000214193.5"	"SH3D21"	chr1	+	36786515	36786730	36786515	36786579	36786656	36786730	1668	0,2	3,17	0,1	4,3	175	99	0.536704850271	1.0	0.0,0.062	0.0,0.159	-0.049
1670	"ENSG00000124356.11"	"STAMBP"	chr2	+	74074513	74074880	74074513	74074699	74074789	74074880	1670	226,216	0,1	115,127	0,0	188	99	1	1.0	1.0,0.991	1.0,1.0	-0.004
1675	"ENSG00000110492.11"	"MDK"	chr11	+	46403302	46403683	46403302	46403531	46403606	46403683	1675	21,21	3,5	16,11	1,0	173	99	0.258256643949	1.0	0.8,0.706	0.902,1.0	-0.198
1677	"ENSG00000149428.14"	"HYOU1"	chr11	-	118926204	118926555	118926204	118926283	118926461	118926555	1677	23,24	238,492	34,24	382,298	197	99	0.261713049803	1.0	0.046,0.024	0.043,0.039	-0.006
1678	"ENSG00000124092.8"	"CTCFL"	chr20	-	56100083	56100708	56100083	56100183	56100529	56100708	1678	12,28	5,3	18,10	2,1	197	99	0.654873282539	1.0	0.547,0.824	0.819,0.834	-0.141
1679	"ENSG00000124092.8"	"CTCFL"	chr20	-	56089647	56090890	56089647	56089797	56090769	56090890	1679	0,9	432,813	10,6	472,320	197	99	0.754456737881	1.0	0.0,0.006	0.011,0.009	-0.007
167	"ENSG00000196547.10"	"MAN2A2"	chr15	+	91455272	91455894	91455272	91455476	91455746	91455894	167	131,140	2,5	100,59	1,0	197	99	0.5511604058	1.0	0.971,0.934	0.98,1.0	-0.037
1682	"ENSG00000116353.11"	"MECR"	chr1	-	29522452	29522770	29522452	29522525	29522709	29522770	1682	15,16	58,37	7,5	25,19	197	99	0.945350664395	1.0	0.115,0.179	0.123,0.117	0.027
1683	"ENSG00000116353.11"	"MECR"	chr1	-	29522452	29522770	29522452	29522554	29522709	29522770	1683	13,18	2,1	7,5	1,1	197	99	0.578419809486	1.0	0.766,0.9	0.779,0.715	0.086
1686	"ENSG00000174106.2"	"LEMD3"	chr12	+	65639448	65639719	65639448	65639554	65639640	65639719	1686	6,15	27,57	10,6	33,25	184	99	0.742024126193	1.0	0.107,0.124	0.14,0.114	-0.012
1687	"ENSG00000071889.12"	"FAM3A"	chrX	-	153744083	153744482	153744083	153744136	153744328	153744482	1687	42,22	1,0	24,19	1,0	197	99	1	1.0	0.955,1.0	0.923,1.0	0.016
1689	"ENSG00000198056.9"	"PRIM1"	chr12	-	57140564	57140816	57140564	57140638	57140709	57140816	1689	4,6	172,88	5,6	125,98	169	99	0.598943351984	1.0	0.013,0.038	0.023,0.035	-0.004
1690	"ENSG00000198056.9"	"PRIM1"	chr12	-	57140564	57140816	57140564	57140630	57140709	57140816	1690	150,69	5,0	107,82	1,1	177	99	0.526475551988	1.0	0.944,1.0	0.984,0.979	-0.01
1691	"ENSG00000181135.11"	"ZNF707"	chr8	+	144775840	144777526	144775840	144776869	144777465	144777526	1691	18,20	1,0	8,9	0,0	197	99	1	1.0	0.9,1.0	1.0,1.0	-0.05
1692	"ENSG00000156471.8"	"PTDSS1"	chr8	+	97342544	97343323	97342544	97342588	97343253	97343323	1692	2,1	2,0	1,1	0,0	197	99	1	1.0	0.334,1.0	1.0,1.0	-0.333
169	"ENSG00000196547.10"	"MAN2A2"	chr15	+	91455272	91455894	91455272	91455509	91455771	91455894	169	63,73	75,69	81,46	70,37	197	99	0.25986350809	1.0	0.297,0.347	0.368,0.385	-0.055
16	"ENSG00000185269.7"	"NOTUM"	chr17	-	79916810	79917442	79916810	79916871	79917346	79917442	16	11,6	18,15	5,3	19,13	197	99	0.198892012254	1.0	0.235,0.167	0.117,0.104	0.091
1700	"ENSG00000143222.7"	"UFC1"	chr1	+	161123541	161123910	161123541	161123639	161123715	161123910	1700	55,88	1,0	56,44	1,1	174	99	0.419703380121	1.0	0.969,1.0	0.97,0.962	0.018
1701	"ENSG00000143222.7"	"UFC1"	chr1	+	161123541	161123910	161123541	161123639	161123787	161123910	1701	142,164	0,1	89,76	0,0	197	99	0.832374787923	1.0	1.0,0.988	1.0,1.0	-0.006
1702	"ENSG00000196476.7"	"C20orf96"	chr20	-	270899	271070	270899	270948	271055	271070	1702	79,57	0,0	67,57	1,0	197	99	0.610503507184	1.0	1.0,1.0	0.971,1.0	0.014
1703	"ENSG00000023287.8"	"RB1CC1"	chr8	-	53554910	53555151	53554910	53554992	53555079	53555151	1703	6,133	2,2	30,38	0,0	185	99	0.466178421046	1.0	0.616,0.973	1.0,1.0	-0.206
1705	"ENSG00000107959.11"	"PITRM1"	chr10	-	3207429	3207675	3207429	3207526	3207604	3207675	1705	0,4	172,85	2,1	124,95	176	99	0.575637152159	1.0	0.0,0.026	0.009,0.006	0.005
1706	"ENSG00000107959.11"	"PITRM1"	chr10	-	3185580	3185923	3185580	3185693	3185797	3185923	1706	0,0	1,1	8,5	1,0	197	99	1	1.0	0.0,0.0	0.801,1.0	-0.901
1707	"ENSG00000107959.11"	"PITRM1"	chr10	-	3199121	3199723	3199121	3199256	3199626	3199723	1707	2,5	115,95	4,3	93,67	197	99	0.587708248734	1.0	0.009,0.026	0.021,0.022	-0.004
1708	"ENSG00000099330.4"	"OCEL1"	chr19	+	17337501	17338008	17337501	17337678	17337802	17338008	1708	66,36	34,9	67,43	20,13	197	99	0.436168386983	1.0	0.494,0.668	0.627,0.624	-0.044
170	"ENSG00000196547.10"	"MAN2A2"	chr15	+	91455272	91455894	91455272	91455509	91455746	91455894	170	33,57	23,17	51,27	24,15	197	99	0.774745794012	1.0	0.419,0.628	0.516,0.475	0.028
1711	"ENSG00000099330.4"	"OCEL1"	chr19	+	17339611	17340024	17339611	17339635	17339754	17340024	1711	17,48	0,0	63,39	2,1	197	99	0.449988550395	1.0	1.0,1.0	0.941,0.951	0.054
1712	"ENSG00000111653.15"	"ING4"	chr12	-	6761436	6761936	6761436	6761584	6761827	6761936	1712	10,4	103,79	5,4	59,43	197	99	0.628048470277	1.0	0.047,0.025	0.041,0.045	-0.007
1714	"ENSG00000111653.15"	"ING4"	chr12	-	6761827	6762216	6761827	6761933	6762101	6762216	1714	32,39	28,47	23,15	24,16	197	99	0.937055128424	1.0	0.365,0.294	0.325,0.32	0.007
1715	"ENSG00000111653.15"	"ING4"	chr12	-	6761827	6762216	6761827	6761933	6762110	6762216	1715	53,83	8,18	46,31	12,7	197	99	0.45148869254	1.0	0.769,0.699	0.658,0.69	0.06
1716	"ENSG00000111653.15"	"ING4"	chr12	-	6761827	6762216	6761827	6761936	6762110	6762216	1716	44,70	6,12	43,29	3,2	197	99	0.192121825664	1.0	0.787,0.746	0.878,0.879	-0.112
1717	"ENSG00000111653.15"	"ING4"	chr12	-	6761436	6761936	6761436	6761475	6761827	6761936	1717	21,12	0,2	11,8	1,1	197	99	0.635460691562	1.0	1.0,0.751	0.847,0.801	0.051
1718	"ENSG00000111653.15"	"ING4"	chr12	-	6761827	6762216	6761827	6761936	6762101	6762216	1718	2,8	22,18	4,3	15,10	197	99	0.774816864842	1.0	0.044,0.183	0.118,0.131	-0.011
1719	"ENSG00000024526.12"	"DEPDC1"	chr1	-	68955134	68955291	68955134	68955168	68955252	68955291	1719	0,52	1,1	24,28	0,0	182	99	0.296694930424	1.0	0.0,0.966	1.0,1.0	-0.517
171	"ENSG00000196547.10"	"MAN2A2"	chr15	+	91446460	91446964	91446460	91446662	91446755	91446964	171	1,2	1,4	5,3	2,1	191	99	0.191060922849	1.0	0.341,0.206	0.564,0.609	-0.313
1722	"ENSG00000006744.14"	"ELAC2"	chr17	-	12905590	12905896	12905590	12905676	12905757	12905896	1722	6,12	93,111	5,4	72,60	179	99	0.721951985243	1.0	0.034,0.056	0.037,0.036	0.009
1723	"ENSG00000006744.14"	"ELAC2"	chr17	-	12898080	12898379	12898080	12898201	12898279	12898379	1723	1,18	91,71	9,7	54,43	176	99	0.325076624052	1.0	0.006,0.125	0.086,0.084	-0.019
1727	"ENSG00000239857.2"	"GET4"	chr7	+	933376	933608	933376	933452	933535	933608	1727	9,12	138,122	15,8	120,86	181	99	0.332246067113	1.0	0.034,0.051	0.064,0.048	-0.014
1728	"ENSG00000127328.17"	"RAB3IP"	chr12	+	70206557	70206813	70206557	70206657	70206743	70206813	1728	10,11	26,25	4,4	17,13	184	99	0.517315487524	1.0	0.171,0.191	0.112,0.142	0.054
1729	"ENSG00000249915.3"	"PDCD6"	chr5	+	304291	306869	304291	304336	306716	306869	1729	15,23	310,312	17,13	205,174	197	99	0.31212775037	1.0	0.024,0.036	0.04,0.036	-0.008
1730	"ENSG00000249915.3"	"PDCD6"	chr5	+	304291	306869	304291	304516	306716	306869	1730	30,15	0,1	2,1	0,0	197	99	1	1.0	1.0,0.883	1.0,1.0	-0.058
1731	"ENSG00000135476.7"	"ESPL1"	chr12	+	53683187	53684253	53683187	53683378	53684130	53684253	1731	16,21	3,0	9,8	1,0	197	99	0.86961728766	1.0	0.728,1.0	0.819,1.0	-0.045
1737	"ENSG00000112941.8"	"PAPD7"	chr5	+	6746100	6746540	6746100	6746198	6746326	6746540	1737	39,14	0,2	37,27	1,1	197	99	0.649202081199	1.0	1.0,0.779	0.949,0.931	-0.05
173	"ENSG00000135829.12"	"DHX9"	chr1	+	182852273	182852503	182852273	182852351	182852454	182852503	173	1494,1127	6,13	943,869	11,8	197	99	0.272734160707	1.0	0.992,0.978	0.977,0.982	0.005
1745	"ENSG00000258643.1"	"BCL2L2-PABPN1"	chr14	+	23776175	23776488	23776175	23776285	23776400	23776488	1745	2,2	0,3	1,2	0,0	197	99	1	1.0	1.0,0.251	1.0,1.0	-0.375
1747	"ENSG00000173442.7"	"EHBP1L1"	chr11	+	65348528	65348722	65348528	65348597	65348681	65348722	1747	15,4	66,35	6,4	48,35	182	99	0.371716004613	1.0	0.11,0.059	0.064,0.059	0.023
1751	"ENSG00000187531.9"	"SIRT7"	chr17	-	79872169	79872578	79872169	79872332	79872479	79872578	1751	32,79	0,4	39,34	1,0	197	99	0.565793351017	1.0	1.0,0.908	0.951,1.0	-0.022
1752	"ENSG00000187531.9"	"SIRT7"	chr17	-	79872169	79873388	79872169	79872578	79873315	79873388	1752	21,17	38,36	14,11	26,18	197	99	0.722779946608	1.0	0.217,0.192	0.213,0.235	-0.019
1753	"ENSG00000187531.9"	"SIRT7"	chr17	-	79872169	79872578	79872169	79872406	79872479	79872578	1753	7,14	37,38	7,6	33,24	171	99	0.69303687551	1.0	0.099,0.176	0.109,0.126	0.02
1754	"ENSG00000187531.9"	"SIRT7"	chr17	-	79869814	79871756	79869814	79870490	79871649	79871756	1754	8,10	23,40	10,7	27,18	197	99	0.473801115581	1.0	0.149,0.112	0.157,0.163	-0.029
1756	"ENSG00000142046.10"	"TMEM91"	chr19	+	41888676	41889988	41888676	41888826	41889767	41889988	1756	7,8	0,0	9,6	1,1	197	99	1	1.0	1.0,1.0	0.819,0.751	0.215
1757	"ENSG00000142046.10"	"TMEM91"	chr19	+	41888676	41889988	41888676	41888826	41889778	41889988	1757	0,0	0,1	7,8	0,0	197	99	1	1.0	NA,0.0	1.0,1.0	-1.0
1758	"ENSG00000142046.10"	"TMEM91"	chr19	+	41888676	41889988	41888676	41888826	41889465	41889988	1758	1,3	0,2	5,4	0,0	197	99	1	1.0	1.0,0.43	1.0,1.0	-0.285
1760	"ENSG00000142046.10"	"TMEM91"	chr19	+	41888676	41889988	41888676	41888826	41889790	41889988	1760	10,7	1,1	10,8	1,0	197	99	0.593972898491	1.0	0.834,0.779	0.834,1.0	-0.111
1762	"ENSG00000149636.11"	"DSN1"	chr20	-	35399275	35399596	35399275	35399377	35399517	35399596	1762	202,196	1,0	145,139	0,0	197	99	1	1.0	0.99,1.0	1.0,1.0	-0.005
1763	"ENSG00000149636.11"	"DSN1"	chr20	-	35399275	35399876	35399275	35399380	35399827	35399876	1763	127,121	5,0	100,80	1,1	197	99	0.826338043373	1.0	0.927,1.0	0.98,0.976	-0.014
1765	"ENSG00000132341.7"	"RAN"	chr12	+	131356614	131357174	131356614	131356735	131357128	131357174	1765	7,4	0,1	2,2	0,0	197	99	1	1.0	1.0,0.668	1.0,1.0	-0.166
1766	"ENSG00000132341.7"	"RAN"	chr12	+	131357128	131357465	131357128	131357174	131357380	131357465	1766	39,28	1055,880	24,21	795,748	197	99	0.48571294223	1.0	0.018,0.016	0.015,0.014	0.003
1767	"ENSG00000132341.7"	"RAN"	chr12	+	131357128	131357465	131357128	131357162	131357380	131357465	1767	690,588	0,1	538,543	1,0	197	99	1	1.0	1.0,0.997	0.996,1.0	0.0
1773	"ENSG00000189079.11"	"ARID2"	chr12	+	46230371	46230606	46230371	46230438	46230523	46230606	1773	0,3	47,58	2,1	23,24	183	99	0.237198001991	1.0	0.0,0.027	0.045,0.022	-0.02
1774	"ENSG00000107331.12"	"ABCA2"	chr9	-	139905424	139905761	139905424	139905557	139905637	139905761	1774	2,2	26,13	4,2	24,12	178	99	0.549869318523	1.0	0.041,0.079	0.085,0.085	-0.025
1775	"ENSG00000107331.12"	"ABCA2"	chr9	-	139905858	139906201	139905858	139906006	139906085	139906201	1775	2,1	59,61	2,2	67,40	177	99	0.647528875993	1.0	0.019,0.009	0.016,0.027	-0.007
1777	"ENSG00000107331.12"	"ABCA2"	chr9	-	139917392	139918292	139917392	139917504	139918289	139918292	1777	4,4	9,5	4,2	8,5	197	99	0.94677434937	1.0	0.183,0.287	0.201,0.167	0.051
1778	"ENSG00000107331.12"	"ABCA2"	chr9	-	139915843	139916453	139915843	139916062	139916342	139916453	1778	0,4	12,2	2,1	7,5	197	99	0.620458206253	1.0	0.0,0.501	0.126,0.091	0.142
1779	"ENSG00000107331.12"	"ABCA2"	chr9	-	139904644	139905189	139904644	139904823	139905071	139905189	1779	13,12	14,8	10,6	15,8	197	99	0.308625593836	1.0	0.318,0.43	0.251,0.274	0.111
1780	"ENSG00000131504.11"	"DIAPH1"	chr5	-	140953058	140953775	140953058	140953510	140953546	140953775	1780	128,107	11,11	96,73	7,7	134	99	0.829054275121	1.0	0.896,0.878	0.91,0.885	-0.01
1781	"ENSG00000215883.5"	"CYB5RL"	chr1	-	54649833	54651959	54649833	54649938	54651906	54651959	1781	4,3	1,0	1,1	0,0	197	99	1	1.0	0.668,1.0	1.0,1.0	-0.166
1782	"ENSG00000215883.5"	"CYB5RL"	chr1	-	54649833	54651959	54649833	54649938	54651853	54651959	1782	3,3	3,0	6,6	0,0	197	99	1	1.0	0.334,1.0	1.0,1.0	-0.333
1783	"ENSG00000099341.7"	"PSMD8"	chr19	+	38866799	38867094	38866799	38866872	38866991	38867094	1783	1,3	234,228	3,2	247,192	197	99	1	1.0	0.002,0.007	0.006,0.005	-0.001
178	"ENSG00000072310.12"	"SREBF1"	chr17	-	17720861	17721230	17720861	17720905	17721009	17721230	178	41,42	20,5	43,27	15,10	197	99	0.57623760644	1.0	0.507,0.808	0.59,0.576	0.075
1795	"ENSG00000118961.10"	"C2orf43"	chr2	-	20885306	20886854	20885306	20885417	20886760	20886854	1795	215,139	0,2	80,93	0,0	197	99	0.573359190292	1.0	1.0,0.972	1.0,1.0	-0.014
1796	"ENSG00000099622.9"	"CIRBP"	chr19	+	1271979	1272391	1271979	1272050	1272170	1272391	1796	107,58	0,0	173,156	1,0	197	99	0.829871861732	1.0	1.0,1.0	0.989,1.0	0.006
179	"ENSG00000072310.12"	"SREBF1"	chr17	-	17722683	17722929	17722683	17722768	17722851	17722929	179	0,1	59,37	0,0	25,29	181	99	0.95544641772	1.0	0.0,0.015	0.0,0.0	0.007
17	"ENSG00000197323.6"	"TRIM33"	chr1	-	114940229	114940612	114940229	114940482	114940561	114940612	17	8,24	98,115	14,7	59,40	177	99	0.231385192377	1.0	0.044,0.105	0.117,0.089	-0.029
1800	"ENSG00000099622.9"	"CIRBP"	chr19	+	1270926	1271466	1270926	1271035	1271138	1271466	1800	8,3	734,1599	13,9	934,771	197	99	1	1.0	0.005,0.001	0.007,0.006	-0.004
1802	"ENSG00000099622.9"	"CIRBP"	chr19	+	1274305	1274809	1274305	1274439	1274647	1274809	1802	22,40	12,9	30,21	15,9	197	99	0.486489660934	1.0	0.48,0.691	0.501,0.54	0.065
1803	"ENSG00000144357.12"	"UBR3"	chr2	+	170871312	170871876	170871312	170871461	170871790	170871876	1803	9,11	1,0	2,3	0,0	197	99	1	1.0	0.819,1.0	1.0,1.0	-0.091
1805	"ENSG00000156876.8"	"SASS6"	chr1	-	100573183	100573560	100573183	100573273	100573365	100573560	1805	14,7	75,83	13,9	59,48	190	99	0.196644143922	1.0	0.089,0.042	0.103,0.089	-0.03
1808	"ENSG00000116580.14"	"GON4L"	chr1	-	155785595	155786053	155785595	155785631	155786002	155786053	1808	15,23	0,1	1,1	0,0	197	99	1	1.0	1.0,0.92	1.0,1.0	-0.04
1809	"ENSG00000116580.14"	"GON4L"	chr1	-	155785595	155786053	155785595	155785691	155786002	155786053	1809	6,1	34,28	4,3	41,32	197	99	0.777549617888	1.0	0.081,0.018	0.047,0.045	0.004
1817	"ENSG00000162300.7"	"ZFPL1"	chr11	+	64851990	64852272	64851990	64852067	64852162	64852272	1817	44,26	0,3	33,21	1,0	193	99	0.500835906765	1.0	1.0,0.816	0.944,1.0	-0.064
1818	"ENSG00000162300.7"	"ZFPL1"	chr11	+	64851713	64852272	64851713	64851850	64852162	64852272	1818	31,16	45,56	27,15	61,35	197	99	0.871888919505	1.0	0.257,0.126	0.182,0.177	0.012
1821	"ENSG00000124126.9"	"PREX1"	chr20	-	47248814	47249177	47248814	47248929	47249033	47249177	1821	0,3	7,7	1,0	9,6	197	99	0.715968005342	1.0	0.0,0.177	0.053,0.0	0.062
1823	"ENSG00000103266.6"	"STUB1"	chr16	+	731792	732076	731792	731880	732058	732076	1823	268,195	2,4	166,130	2,2	197	99	0.826079519461	1.0	0.985,0.961	0.977,0.97	-0.001
1824	"ENSG00000103266.6"	"STUB1"	chr16	+	731792	732076	731792	731903	732019	732076	1824	56,26	0,0	37,27	1,1	197	99	0.427719042899	1.0	1.0,1.0	0.949,0.931	0.06
1825	"ENSG00000161618.5"	"ALDH16A1"	chr19	+	49964875	49965293	49964875	49965057	49965140	49965293	1825	4,6	17,5	7,3	15,10	181	99	0.875443081979	1.0	0.114,0.396	0.203,0.141	0.083
1826	"ENSG00000204344.10"	"STK19"	chr6	+	31947190	31948325	31947190	31947330	31948227	31948325	1826	23,19	100,53	19,15	56,40	197	99	0.367683625319	1.0	0.104,0.153	0.146,0.159	-0.024
1828	"ENSG00000204344.10"	"STK19"	chr6	+	31947190	31948325	31947190	31947359	31948227	31948325	1828	22,10	0,1	7,6	0,0	197	99	1	1.0	1.0,0.834	1.0,1.0	-0.083
1829	"ENSG00000204344.10"	"STK19"	chr6	+	31947190	31948325	31947190	31947354	31948227	31948325	1829	19,22	3,0	20,14	1,1	197	99	0.608597363013	1.0	0.761,1.0	0.91,0.876	-0.012
1830	"ENSG00000153094.17"	"BCL2L11"	chr2	+	111881309	111881716	111881309	111881446	111881626	111881716	1830	30,33	16,23	32,21	25,14	197	99	0.59080798514	1.0	0.485,0.419	0.391,0.43	0.041
1832	"ENSG00000197841.10"	"ZNF181"	chr19	+	35230052	35230526	35230052	35230173	35230427	35230526	1832	2,0	12,19	1,1	9,10	197	99	0.542716237511	1.0	0.077,0.0	0.053,0.048	-0.012
1833	"ENSG00000197841.10"	"ZNF181"	chr19	+	35230052	35230526	35230052	35230173	35230430	35230526	1833	15,17	20,30	11,11	17,15	197	99	0.835351361595	1.0	0.274,0.222	0.245,0.269	-0.009
1835	"ENSG00000114786.11"	"ABHD14A-ACY1"	chr3	+	52020968	52021212	52020968	52021077	52021162	52021212	1835	1,4	13,35	2,3	18,26	183	99	0.906880824415	1.0	0.04,0.058	0.057,0.059	-0.009
1836	"ENSG00000033030.9"	"ZCCHC8"	chr12	-	122967825	122968110	122967825	122967891	122968006	122968110	1836	21,28	76,65	28,16	54,40	197	99	0.260267985599	1.0	0.122,0.178	0.207,0.167	-0.037
1839	"ENSG00000162231.9"	"NXF1"	chr11	-	62566010	62567958	62566010	62566047	62567848	62567958	1839	78,33	26,34	42,29	33,22	197	99	0.470898076199	1.0	0.601,0.328	0.39,0.398	0.071
1840	"ENSG00000123349.9"	"PFDN5"	chr12	+	53689622	53690059	53689622	53689732	53690027	53690059	1840	27,0	2,2	33,30	0,0	197	99	0.226906654436	1.0	0.872,0.0	1.0,1.0	-0.564
1841	"ENSG00000123349.9"	"PFDN5"	chr12	+	53689622	53690251	53689622	53689725	53690002	53690251	1841	57,50	1,3	64,42	1,1	197	99	0.599545989305	1.0	0.966,0.893	0.97,0.955	-0.033
1843	"ENSG00000123349.9"	"PFDN5"	chr12	+	53690213	53691708	53690213	53690251	53691633	53691708	1843	30,12	1,1	20,14	0,0	197	99	1	1.0	0.938,0.858	1.0,1.0	-0.102
1844	"ENSG00000123349.9"	"PFDN5"	chr12	+	53689622	53690059	53689622	53689725	53690027	53690059	1844	65,40	1111,1270	68,42	1296,892	197	99	0.475017965388	1.0	0.029,0.016	0.026,0.023	-0.002
1845	"ENSG00000123349.9"	"PFDN5"	chr12	+	53689622	53690059	53689622	53689675	53690027	53690059	1845	271,2981	0,1	1313,1206	1,0	197	99	1	1.0	1.0,0.999	0.998,1.0	0.001
1846	"ENSG00000123349.9"	"PFDN5"	chr12	+	53690213	53691708	53690213	53690335	53691633	53691708	1846	33,22	10,3	30,16	12,7	197	99	0.220018928993	1.0	0.624,0.787	0.557,0.535	0.159
1847	"ENSG00000187796.9"	"CARD9"	chr9	-	139261667	139262428	139261667	139261709	139262088	139262428	1847	5,2	13,1	3,3	10,6	197	99	0.610424582458	1.0	0.162,0.501	0.131,0.201	0.166
1848	"ENSG00000187796.9"	"CARD9"	chr9	-	139261667	139262428	139261667	139261709	139262205	139262428	1848	5,6	1,1	11,8	1,1	197	99	0.593579676302	1.0	0.715,0.751	0.847,0.801	-0.091
1849	"ENSG00000187796.9"	"CARD9"	chr9	-	139258934	139261297	139258934	139259011	139261251	139261297	1849	27,33	3,0	28,18	1,0	197	99	0.525965905335	1.0	0.819,1.0	0.934,1.0	-0.058
184	"ENSG00000167785.4"	"ZNF558"	chr19	-	8932117	8932767	8932117	8932311	8932678	8932767	184	18,0	1,0	18,13	1,1	197	99	1	1.0	0.9,NA	0.9,0.867	0.017
1850	"ENSG00000187796.9"	"CARD9"	chr9	-	139258934	139259669	139258934	139259011	139259592	139259669	1850	29,20	21,4	20,11	11,7	197	99	0.580056376131	1.0	0.41,0.715	0.477,0.441	0.104
1851	"ENSG00000187796.9"	"CARD9"	chr9	-	139258934	139261297	139258934	139259669	139261251	139261297	1851	6,12	19,5	18,11	10,5	197	99	0.208491069675	1.0	0.137,0.547	0.475,0.525	-0.158
1854	"ENSG00000157538.9"	"DSCR3"	chr21	-	38595720	38600107	38595720	38597927	38599954	38600107	1854	1,4	62,77	2,1	60,41	197	99	0.854625033521	1.0	0.008,0.025	0.016,0.012	0.003
1855	"ENSG00000004700.11"	"RECQL"	chr12	-	21654103	21654527	21654103	21654306	21654414	21654527	1855	65,49	0,1	56,40	1,1	197	99	0.591679487259	1.0	1.0,0.961	0.966,0.953	0.021
1856	"ENSG00000240303.3"	"ACAD11"	chr3	-	132297639	132298402	132297639	132297900	132298335	132298402	1856	4,11	0,2	4,4	2,1	197	99	0.402399924419	1.0	1.0,0.734	0.501,0.668	0.282
1858	"ENSG00000115073.6"	"ACTR1B"	chr2	-	98274889	98275466	98274889	98275106	98275341	98275466	1858	55,41	86,26	45,32	43,24	197	99	0.548449307504	1.0	0.243,0.442	0.345,0.401	-0.03
1861	"ENSG00000166333.9"	"ILK"	chr11	+	6630114	6630639	6630114	6630198	6630529	6630639	1861	17,13	0,4	28,13	2,2	197	99	0.817607346052	1.0	1.0,0.62	0.876,0.766	-0.011
1862	"ENSG00000166333.9"	"ILK"	chr11	+	6629923	6630198	6629923	6630020	6630114	6630198	1862	13,7	196,123	12,8	185,138	192	99	0.980759974251	1.0	0.033,0.029	0.032,0.029	0.001
1863	"ENSG00000166333.9"	"ILK"	chr11	+	6625045	6625590	6625045	6625107	6625455	6625590	1863	140,101	0,3	94,69	2,1	197	99	0.56096943464	1.0	1.0,0.944	0.959,0.972	0.006
1864	"ENSG00000166333.9"	"ILK"	chr11	+	6625045	6625590	6625045	6625107	6625409	6625590	1864	23,2	1,1	8,5	1,1	197	99	0.908594778665	1.0	0.92,0.501	0.801,0.715	-0.047
1866	"ENSG00000165271.12"	"NOL6"	chr9	-	33469204	33470189	33469204	33469334	33470009	33470189	1866	12,56	0,2	21,19	0,0	197	99	1	1.0	1.0,0.934	1.0,1.0	-0.033
1867	"ENSG00000185189.11"	"NRBP2"	chr8	-	144917989	144918200	144917989	144918045	144918136	144918200	1867	0,3	27,11	1,1	12,6	189	99	0.658918086059	1.0	0.0,0.125	0.042,0.08	0.002
1868	"ENSG00000185189.11"	"NRBP2"	chr8	-	144921680	144922202	144921680	144921997	144922100	144922202	1868	14,23	146,39	21,15	76,48	197	99	0.523060876472	1.0	0.046,0.229	0.122,0.136	0.009
1869	"ENSG00000185189.11"	"NRBP2"	chr8	-	144921680	144921997	144921680	144921721	144921907	144921997	1869	57,21	46,13	23,12	21,14	197	99	0.39180471705	1.0	0.384,0.448	0.355,0.301	0.088
186	"ENSG00000172232.5"	"AZU1"	chr19	+	830707	832017	830707	830941	831715	832017	186	12,4	0,2	5,4	1,0	197	99	0.963676880804	1.0	1.0,0.501	0.715,1.0	-0.107
1871	"ENSG00000140464.15"	"PML"	chr15	+	74326818	74328735	74326818	74326871	74327512	74328735	1871	31,37	7,15	52,33	14,9	197	99	0.644397677013	1.0	0.69,0.553	0.651,0.648	-0.028
1874	"ENSG00000147465.7"	"STAR"	chr8	-	38005717	38006272	38005717	38005877	38006158	38006272	1874	10,6	1,0	5,6	0,0	197	99	1	1.0	0.834,1.0	1.0,1.0	-0.083
1876	"ENSG00000147130.10"	"ZMYM3"	chrX	-	70467194	70467756	70467194	70467360	70467583	70467756	1876	1,0	34,50	3,1	44,29	197	99	0.236691295048	1.0	0.015,0.0	0.033,0.017	-0.018
1877	"ENSG00000130713.11"	"EXOSC2"	chr9	+	133572968	133573638	133572968	133573014	133573548	133573638	1877	20,2	32,28	13,11	29,21	197	99	0.388824361016	1.0	0.239,0.035	0.184,0.208	-0.059
1878	"ENSG00000168067.7"	"MAP4K2"	chr11	-	64559380	64559894	64559380	64559558	64559643	64559894	1878	0,0	4,4	1,0	4,3	183	99	1	1.0	0.0,0.0	0.119,0.0	-0.059
1880	"ENSG00000168067.7"	"MAP4K2"	chr11	-	64559643	64559894	64559643	64559747	64559835	64559894	1880	1,1	11,9	0,0	8,8	186	99	1	1.0	0.046,0.056	0.0,0.0	0.051
1885	"ENSG00000214279.8"	"RP11-108K14.4"	chr10	+	135270782	135272830	135270782	135272160	135272524	135272830	1885	18,4	1,1	26,14	2,1	197	99	0.864855383221	1.0	0.9,0.668	0.867,0.876	-0.087
1893	"ENSG00000161904.7"	"LEMD2"	chr6	-	33746018	33747956	33746018	33746164	33747876	33747956	1893	1,4	55,33	3,2	50,39	197	99	0.926586754025	1.0	0.009,0.057	0.029,0.025	0.006
1894	"ENSG00000176102.7"	"CSTF3"	chr11	-	33182844	33183037	33182844	33182915	33183013	33183037	1894	355,429	0,2	20,22	0,0	196	99	1	1.0	1.0,0.991	1.0,1.0	-0.004
1898	"ENSG00000206560.6"	"ANKRD28"	chr3	-	15727508	15727816	15727508	15727626	15727728	15727816	1898	1,0	186,95	1,1	109,95	197	99	1	1.0	0.003,0.0	0.005,0.005	-0.004
1899	"ENSG00000264538.2"	"SUZ12P"	chr17	+	29095851	29096082	29095851	29095885	29096018	29096082	1899	95,51	14,3	98,77	8,4	197	99	0.259009720407	1.0	0.773,0.895	0.86,0.906	-0.049
189	"ENSG00000129951.14"	"LPPR3"	chr19	-	814433	814749	814433	814607	814691	814749	189	4,12	59,29	6,4	33,18	182	99	0.843749235653	1.0	0.036,0.184	0.09,0.108	0.011
1900	"ENSG00000264538.2"	"SUZ12P"	chr17	+	29061882	29062115	29061882	29061961	29062050	29062115	1900	2,13	5,21	10,7	16,12	187	99	0.898374336829	1.0	0.175,0.247	0.249,0.236	-0.032
1901	"ENSG00000105699.12"	"LSR"	chr19	+	35757581	35757870	35757581	35757641	35757738	35757870	1901	18,16	55,114	16,9	80,60	195	99	0.708126908358	1.0	0.142,0.067	0.092,0.071	0.023
1904	"ENSG00000121741.12"	"ZMYM2"	chr13	+	20567202	20568059	20567202	20567704	20567965	20568059	1904	48,52	12,11	52,32	15,11	197	99	0.389897890305	1.0	0.668,0.704	0.635,0.594	0.071
190	"ENSG00000129951.14"	"LPPR3"	chr19	-	821484	821967	821484	821585	821914	821967	190	8,1	31,5	6,2	14,9	197	99	0.518342550365	1.0	0.115,0.091	0.177,0.1	-0.036
1910	"ENSG00000059691.7"	"PET112"	chr4	-	152624330	152625047	152624330	152624452	152625002	152625047	1910	15,15	2,2	10,7	1,1	197	99	0.833148818082	1.0	0.79,0.79	0.834,0.779	-0.016
1914	"ENSG00000007372.16"	"PAX6"	chr11	-	31822238	31823324	31822238	31822404	31823108	31823324	1914	0,0	1,9	2,1	3,2	197	99	1	1.0	0.0,0.0	0.251,0.201	-0.226
1918	"ENSG00000156873.11"	"PHKG2"	chr16	+	30762426	30762924	30762426	30762538	30762869	30762924	1918	91,62	5,5	75,53	3,2	197	99	0.475047315339	1.0	0.901,0.862	0.926,0.93	-0.047
1920	"ENSG00000149925.12"	"ALDOA"	chr16	+	30081150	30081673	30081150	30081350	30081445	30081673	1920	8379,7960	1,0	5667,4081	1,0	193	99	1	1.0	1.0,1.0	1.0,1.0	0.0
1924	"ENSG00000118046.10"	"STK11"	chr19	+	1221211	1222005	1221211	1221339	1221947	1222005	1924	7,4	89,107	6,3	93,59	197	99	0.833924257831	1.0	0.038,0.018	0.031,0.025	-0.0
1925	"ENSG00000118046.10"	"STK11"	chr19	+	1220371	1220716	1220371	1220504	1220579	1220716	1925	3,8	33,49	6,3	43,22	173	99	0.856530818906	1.0	0.049,0.085	0.074,0.072	-0.006
1928	"ENSG00000082269.12"	"FAM135A"	chr6	+	71234633	71236401	71234633	71234894	71235566	71236401	1928	30,37	0,0	22,18	1,1	197	99	0.270815209196	1.0	1.0,1.0	0.917,0.9	0.091
1930	"ENSG00000204316.8"	"MRPL38"	chr17	-	73900302	73900800	73900302	73900394	73900620	73900800	1930	11,1	1,1	11,7	1,1	197	99	0.803844703333	1.0	0.847,0.334	0.847,0.779	-0.222
1932	"ENSG00000130813.13"	"C19orf66"	chr19	+	10201925	10202306	10201925	10202029	10202259	10202306	1932	42,26	1,7	35,22	2,1	197	99	0.561391163888	1.0	0.955,0.651	0.898,0.917	-0.105
1933	"ENSG00000130813.13"	"C19orf66"	chr19	+	10199786	10200054	10199786	10199884	10199982	10200054	1933	16,13	6,9	13,8	7,4	196	99	0.991261776513	1.0	0.574,0.422	0.484,0.503	0.005
1934	"ENSG00000130813.13"	"C19orf66"	chr19	+	10199982	10200371	10199982	10200054	10200332	10200371	1934	8,11	5,3	12,7	5,3	197	99	0.992805444974	1.0	0.446,0.648	0.547,0.54	0.003
1936	"ENSG00000160796.12"	"NBEAL2"	chr3	+	47046563	47046811	47046563	47046586	47046670	47046811	1936	0,4	35,276	0,0	54,66	182	99	1	1.0	0.0,0.008	0.0,0.0	0.004
1937	"ENSG00000160796.12"	"NBEAL2"	chr3	+	47048730	47049187	47048730	47048840	47049014	47049187	1937	85,72	66,68	80,58	59,40	197	99	0.388279361555	1.0	0.393,0.347	0.405,0.422	-0.043
1939	"ENSG00000175376.4"	"EIF1AD"	chr11	-	65769471	65769627	65769471	65769478	65769569	65769627	1939	60,49	0,1	1,1	0,0	189	99	1	1.0	1.0,0.962	1.0,1.0	-0.019
1940	"ENSG00000123739.6"	"PLA2G12A"	chr4	-	110650757	110651233	110650757	110650903	110651201	110651233	1940	39,19	0,1	19,18	0,0	197	99	1	1.0	1.0,0.905	1.0,1.0	-0.047
1946	"ENSG00000056736.5"	"IL17RB"	chr3	+	53892597	53892845	53892597	53892637	53892745	53892845	1946	2,0	2,0	1,1	0,0	197	99	1	1.0	0.334,NA	1.0,1.0	-0.666
1947	"ENSG00000056736.5"	"IL17RB"	chr3	+	53891642	53892845	53891642	53891717	53892745	53892845	1947	0,3	0,0	2,2	1,1	197	99	1	1.0	NA,1.0	0.501,0.501	0.499
1948	"ENSG00000242612.2"	"DECR2"	chr16	+	456684	456952	456684	456833	456889	456952	1948	8,3	2,2	6,5	5,4	154	99	0.331922063319	1.0	0.72,0.491	0.435,0.446	0.165
1949	"ENSG00000242612.2"	"DECR2"	chr16	+	456345	456833	456345	456397	456684	456833	1949	12,6	2,0	7,5	2,2	197	99	0.348302623325	1.0	0.751,1.0	0.638,0.557	0.278
1950	"ENSG00000242612.2"	"DECR2"	chr16	+	460971	461578	460971	461076	461360	461578	1950	0,2	40,20	1,1	20,14	197	99	0.46523391431	1.0	0.0,0.048	0.025,0.035	-0.006
1954	"ENSG00000172534.9"	"HCFC1"	chrX	-	153225252	153225612	153225252	153225346	153225553	153225612	1954	253,258	2,2	230,163	1,1	197	99	0.894053364617	1.0	0.985,0.985	0.991,0.988	-0.005
1956	"ENSG00000160055.15"	"TMEM234"	chr1	-	32681797	32682952	32681797	32682548	32682859	32682952	1956	5,4	13,6	8,5	7,6	197	99	0.243903486299	1.0	0.162,0.251	0.365,0.295	-0.123
1958	"ENSG00000076924.7"	"XAB2"	chr19	-	7690765	7691156	7690765	7690930	7691021	7691156	1958	10,10	87,70	10,5	84,61	189	99	0.627202366171	1.0	0.057,0.07	0.059,0.041	0.013
1962	"ENSG00000183506.12"	"PI4KAP2"	chr22	-	21832285	21832983	21832285	21832390	21832873	21832983	1962	6,6	41,31	8,4	31,17	197	99	0.357024696939	1.0	0.069,0.089	0.115,0.106	-0.032
1969	"ENSG00000116396.9"	"KCNC4"	chr1	+	110774842	110776666	110774842	110775219	110775532	110776666	1969	4,1	1,0	4,4	0,0	197	99	1	1.0	0.668,1.0	1.0,1.0	-0.166
1970	"ENSG00000011132.7"	"APBA3"	chr19	-	3751186	3751551	3751186	3751327	3751431	3751551	1970	2,0	5,7	2,1	4,3	197	99	0.390626448971	1.0	0.167,0.0	0.201,0.143	-0.088
1977	"ENSG00000188976.6"	"NOC2L"	chr1	-	889383	889903	889383	889462	889843	889903	1977	65,44	1,2	37,31	2,1	197	99	0.508587770076	1.0	0.97,0.917	0.903,0.94	0.022
1978	"ENSG00000239665.4"	"RP11-295P9.3"	chr10	+	13688669	13689276	13688669	13688780	13689132	13689276	1978	7,29	0,2	14,13	1,0	197	99	0.941573010061	1.0	1.0,0.879	0.876,1.0	0.002
1979	"ENSG00000239665.4"	"RP11-295P9.3"	chr10	+	13696352	13697482	13696352	13696427	13697377	13697482	1979	1,4	25,13	2,1	15,9	197	99	0.695422642864	1.0	0.02,0.134	0.063,0.053	0.019
197	"ENSG00000247240.3"	"UBL7-AS1"	chr15	+	74753605	74754372	74753605	74753759	74754223	74754372	197	56,51	0,2	32,35	0,0	197	99	0.546955548775	1.0	1.0,0.928	1.0,1.0	-0.036
1981	"ENSG00000058673.11"	"ZC3H11A"	chr1	+	203765420	203765729	203765420	203765482	203765578	203765729	1981	373,264	4,2	259,196	2,2	194	99	0.950511631992	1.0	0.979,0.985	0.985,0.98	-0.0
1982	"ENSG00000130762.10"	"ARHGEF16"	chr1	+	3394438	3395176	3394438	3394590	3394987	3395176	1982	6,0	0,0	1,1	2,1	197	99	1	1.0	1.0,NA	0.201,0.334	0.732
1983	"ENSG00000179632.5"	"MAF1"	chr8	+	145161245	145161577	145161245	145161367	145161457	145161577	1983	43,42	280,275	30,22	256,190	188	99	0.220355729445	1.0	0.075,0.074	0.058,0.057	0.017
1987	"ENSG00000081154.7"	"PCNP"	chr3	+	101298432	101298848	101298432	101298537	101298633	101298848	1987	42,0	2,0	27,29	0,0	194	99	1	1.0	0.915,NA	1.0,1.0	-0.085
1989	"ENSG00000062822.8"	"POLD1"	chr19	+	50905255	50905630	50905255	50905381	50905461	50905630	1989	15,20	36,47	12,9	34,23	178	99	0.769989955428	1.0	0.188,0.191	0.164,0.179	0.018
1990	"ENSG00000062822.8"	"POLD1"	chr19	+	50918980	50919785	50918980	50919083	50919652	50919785	1990	39,37	116,150	32,21	114,78	197	99	0.907874943914	1.0	0.145,0.11	0.124,0.119	0.006
1991	"ENSG00000105193.4"	"RPS16"	chr19	-	39924161	39924401	39924161	39924198	39924304	39924401	1991	5177,3885	2,0	5358,4064	3,2	197	99	1	1.0	0.999,1.0	0.999,0.999	0.001
1992	"ENSG00000105193.4"	"RPS16"	chr19	-	39924161	39924401	39924161	39924209	39924304	39924401	1992	15,22	4450,3286	27,18	4234,3086	193	99	1	1.0	0.002,0.003	0.003,0.003	-0.001
1994	"ENSG00000105193.4"	"RPS16"	chr19	-	39924304	39926348	39924304	39924401	39926297	39926348	1994	3165,3147	80,89	3158,2347	108,71	197	99	0.204022322161	1.0	0.952,0.947	0.936,0.943	0.01
1995	"ENSG00000105193.4"	"RPS16"	chr19	-	39924304	39926348	39924304	39924401	39926246	39926348	1995	85,72	4399,3440	85,45	3800,2797	197	99	0.92559364707	1.0	0.01,0.01	0.011,0.008	0.001
1996	"ENSG00000105193.4"	"RPS16"	chr19	-	39923862	39924209	39923862	39924058	39924161	39924209	1996	36,14	6130,5070	26,19	5966,4377	197	99	1	1.0	0.003,0.001	0.002,0.002	0.0
1997	"ENSG00000176020.7"	"AMIGO3"	chr3	-	49760686	49760901	49760686	49760735	49760824	49760901	1997	1,5	20,29	1,1	15,13	187	99	0.833041072514	1.0	0.026,0.084	0.034,0.039	0.018
2001	"ENSG00000214331.4"	"RP11-252A24.2"	chr16	-	74385937	74386276	74385937	74386101	74386194	74386276	2001	1,0	16,3	1,1	5,5	191	99	0.318782775584	1.0	0.031,0.0	0.094,0.094	-0.079
2002	"ENSG00000103174.7"	"NAGPA"	chr16	-	5077135	5077380	5077135	5077199	5077278	5077380	2002	5,6	23,23	3,3	10,8	177	99	0.433741445816	1.0	0.108,0.127	0.144,0.173	-0.041
2004	"ENSG00000127481.10"	"UBR4"	chr1	-	19407842	19408734	19407842	19408067	19408552	19408734	2004	73,4	0,0	54,39	2,2	197	99	0.545793760323	1.0	1.0,1.0	0.931,0.907	0.081
2007	"ENSG00000185246.13"	"PRPF39"	chr14	+	45565626	45565961	45565626	45565695	45565798	45565961	2007	28,30	0,7	35,25	2,1	197	99	0.580199676303	1.0	1.0,0.683	0.898,0.926	-0.071
2010	"ENSG00000148337.15"	"CIZ1"	chr9	-	130940987	130941694	130940987	130941171	130941351	130941694	2010	329,1234	0,3	509,351	1,0	197	99	1	1.0	1.0,0.995	0.996,1.0	-0.0
2012	"ENSG00000148337.15"	"CIZ1"	chr9	-	130940987	130941694	130940987	130941183	130941522	130941694	2012	1166,1448	1,2	1068,731	1,1	197	99	1	1.0	0.998,0.997	0.998,0.997	0.0
2013	"ENSG00000148337.15"	"CIZ1"	chr9	-	130940987	130941694	130940987	130941183	130941267	130941694	2013	612,837	6,13	668,431	5,3	182	99	0.24811561714	1.0	0.982,0.972	0.986,0.987	-0.009
2014	"ENSG00000163682.11"	"RPL9"	chr4	-	39459813	39460060	39459813	39459912	39460013	39460060	2014	12874,11533	0,0	10153,8615	1,1	197	99	1	1.0	1.0,1.0	1.0,1.0	0.0
2015	"ENSG00000163682.11"	"RPL9"	chr4	-	39460013	39460508	39460013	39460060	39460283	39460508	2015	83,70	0,1	37,45	0,0	197	99	0.586837144346	1.0	1.0,0.972	1.0,1.0	-0.014
2016	"ENSG00000163682.11"	"RPL9"	chr4	-	39459813	39460060	39459813	39459929	39460013	39460060	2016	3,19	11868,9629	14,11	12306,9885	182	99	1	1.0	0.0,0.001	0.001,0.001	-0.001
2018	"ENSG00000163682.11"	"RPL9"	chr4	-	39458025	39459301	39458025	39458158	39459205	39459301	2018	13,10	6566,5147	19,11	6554,5052	197	99	1	1.0	0.001,0.001	0.001,0.001	0.0
201	"ENSG00000047410.9"	"TPR"	chr1	-	186310383	186312605	186310383	186310601	186312457	186312605	201	4,7	2,0	5,3	1,1	197	99	0.808548504171	1.0	0.501,1.0	0.715,0.601	0.093
2020	"ENSG00000155506.12"	"LARP1"	chr5	+	154173187	154173384	154173187	154173283	154173359	154173384	2020	1,2	213,117	1,0	148,138	174	99	1	1.0	0.003,0.01	0.004,0.0	0.005
2021	"ENSG00000260669.2"	"AL136419.6"	chr14	-	24684757	24685003	24684757	24684868	24684942	24685003	2021	9,3	15,8	3,3	8,4	172	99	0.960708949514	1.0	0.257,0.178	0.178,0.302	-0.022
2024	"ENSG00000187801.10"	"ZFP69B"	chr1	+	40922616	40923111	40922616	40922743	40923015	40923111	2024	1,3	11,11	3,2	8,8	197	99	0.462263093416	1.0	0.044,0.121	0.159,0.112	-0.053
2025	"ENSG00000129460.11"	"NGDN"	chr14	+	23944379	23944851	23944379	23944517	23944766	23944851	2025	0,15	144,211	6,3	111,94	197	99	0.801708599997	1.0	0.0,0.034	0.026,0.016	-0.004
2026	"ENSG00000129460.11"	"NGDN"	chr14	+	23944379	23945361	23944379	23944517	23945237	23945361	2026	1,4	0,0	3,2	1,0	197	99	1	1.0	1.0,1.0	0.601,1.0	0.2
2029	"ENSG00000136059.10"	"VILL"	chr3	+	38047671	38048191	38047671	38047743	38047939	38048191	2029	9,5	13,9	10,6	10,5	197	99	0.334145164708	1.0	0.258,0.218	0.334,0.376	-0.117
202	"ENSG00000047410.9"	"TPR"	chr1	-	186310383	186312605	186310383	186310521	186312457	186312605	202	8,12	450,567	13,8	404,328	197	99	0.252246256133	1.0	0.009,0.011	0.016,0.012	-0.004
2030	"ENSG00000111077.13"	"TENC1"	chr12	+	53456403	53457041	53456403	53456481	53456872	53457041	2030	1,0	3,3	0,0	1,1	197	99	1	1.0	0.143,0.0	0.0,0.0	0.071
2033	"ENSG00000111077.13"	"TENC1"	chr12	+	53452099	53452421	53452099	53452229	53452355	53452421	2033	0,2	0,4	0,0	1,1	197	99	1	1.0	NA,0.201	0.0,0.0	0.201
2036	"ENSG00000122783.12"	"C7orf49"	chr7	-	134853500	134853812	134853500	134853619	134853720	134853812	2036	0,124	2,0	57,67	0,0	197	99	0.528764655644	1.0	0.0,1.0	1.0,1.0	-0.5
2038	"ENSG00000099624.3"	"ATP5D"	chr19	+	1244313	1244824	1244313	1244439	1244735	1244824	2038	111,198	147,117	118,78	130,100	197	99	0.256996414432	1.0	0.275,0.46	0.313,0.282	0.07
2039	"ENSG00000180096.7"	"SEPT1"	chr16	-	30392447	30392794	30392447	30392565	30392659	30392794	2039	6,7	0,3	5,4	3,2	192	99	0.371886953075	1.0	1.0,0.546	0.462,0.508	0.288
203	"ENSG00000168275.10"	"COA6"	chr1	+	234509446	234510135	234509446	234509546	234509975	234510135	203	83,76	0,2	19,19	0,0	197	99	1	1.0	1.0,0.95	1.0,1.0	-0.025
2041	"ENSG00000170364.8"	"SETMAR"	chr3	+	4354581	4355445	4354581	4354913	4355330	4355445	2041	49,4	1,0	30,23	1,1	197	99	1	1.0	0.961,1.0	0.938,0.92	0.051
2042	"ENSG00000170364.8"	"SETMAR"	chr3	+	4354581	4355445	4354581	4354913	4355350	4355445	2042	35,0	0,0	25,20	1,1	197	99	1	1.0	1.0,NA	0.926,0.91	0.082
2043	"ENSG00000101337.11"	"TM9SF4"	chr20	+	30746945	30747914	30746945	30747139	30747794	30747914	2043	16,7	1,0	5,7	0,0	197	99	1	1.0	0.889,1.0	1.0,1.0	-0.055
2044	"ENSG00000066379.10"	"ZNRD1"	chr6	+	30029030	30029446	30029030	30029211	30029291	30029446	2044	56,71	1,0	51,45	1,1	178	99	0.498702398239	1.0	0.969,1.0	0.966,0.962	0.02
2049	"ENSG00000076928.13"	"ARHGEF1"	chr19	+	42396095	42396444	42396095	42396194	42396401	42396444	2049	30,13	28,50	17,13	47,31	197	99	0.400568014648	1.0	0.35,0.116	0.154,0.174	0.069
204	"ENSG00000143369.10"	"ECM1"	chr1	+	150482136	150482478	150482136	150482232	150482310	150482478	204	106,135	0,3	98,70	1,0	176	99	0.803921085357	1.0	1.0,0.962	0.982,1.0	-0.01
2050	"ENSG00000213780.6"	"GTF2H4"	chr6	+	30880886	30881164	30880886	30880934	30881085	30881164	2050	78,98	103,71	67,41	67,49	197	99	0.717181827569	1.0	0.276,0.41	0.334,0.296	0.028
2051	"ENSG00000213780.6"	"GTF2H4"	chr6	+	30879460	30879891	30879460	30879544	30879842	30879891	2051	86,59	0,1	38,46	0,0	197	99	0.57284100524	1.0	1.0,0.967	1.0,1.0	-0.016
2053	"ENSG00000213780.6"	"GTF2H4"	chr6	+	30879460	30879923	30879460	30879544	30879790	30879923	2053	80,75	82,97	73,50	75,56	197	99	0.683121563013	1.0	0.329,0.28	0.328,0.31	-0.015
2054	"ENSG00000213780.6"	"GTF2H4"	chr6	+	30879460	30879923	30879460	30879515	30879790	30879923	2054	70,177	0,2	132,103	1,1	197	99	0.967288484577	1.0	1.0,0.978	0.985,0.981	0.006
2055	"ENSG00000155229.16"	"MMS19"	chr10	-	99221252	99221653	99221252	99221482	99221584	99221653	2055	15,11	0,2	12,8	1,0	197	99	0.827954160479	1.0	1.0,0.734	0.858,1.0	-0.062
2056	"ENSG00000155229.16"	"MMS19"	chr10	-	99229274	99229480	99229274	99229305	99229402	99229480	2056	7,8	0,4	3,3	1,2	195	99	0.545041363864	1.0	1.0,0.504	0.604,0.432	0.234
2057	"ENSG00000155229.16"	"MMS19"	chr10	-	99221345	99221653	99221345	99221390	99221584	99221653	2057	3,8	0,5	7,6	1,0	197	99	0.394634035116	1.0	1.0,0.446	0.779,1.0	-0.166
2058	"ENSG00000155229.16"	"MMS19"	chr10	-	99221252	99221653	99221252	99221379	99221584	99221653	2058	8,21	51,100	12,8	68,52	197	99	0.72477382739	1.0	0.073,0.095	0.081,0.072	0.007
205	"ENSG00000143369.10"	"ECM1"	chr1	+	150482136	150482478	150482136	150482238	150482438	150482478	205	143,158	1,0	133,105	2,0	197	99	0.494771138565	1.0	0.986,1.0	0.971,1.0	0.007
2069	"ENSG00000105698.11"	"USF2"	chr19	+	35769600	35769977	35769600	35769695	35769848	35769977	2069	1,9	301,308	6,3	273,192	197	99	0.790164273252	1.0	0.002,0.014	0.011,0.008	-0.001
206	"ENSG00000143369.10"	"ECM1"	chr1	+	150482438	150482628	150482438	150482478	150482577	150482628	206	1,1	113,149	2,2	113,97	197	99	0.632461966236	1.0	0.004,0.003	0.009,0.01	-0.006
2070	"ENSG00000105698.11"	"USF2"	chr19	+	35760348	35760602	35760348	35760395	35760483	35760602	2070	0,0	33,54	1,0	26,18	186	99	0.230399366473	1.0	0.0,0.0	0.02,0.0	-0.01
2071	"ENSG00000105698.11"	"USF2"	chr19	+	35769600	35769977	35769600	35769695	35769872	35769977	2071	265,285	8,14	245,170	6,4	197	99	0.268422195411	1.0	0.943,0.911	0.954,0.955	-0.027
2078	"ENSG00000135740.12"	"SLC9A5"	chr16	+	67289295	67289833	67289295	67289374	67289655	67289833	2078	3,3	0,1	3,2	1,0	197	99	0.926245325043	1.0	1.0,0.601	0.601,1.0	0.0
2079	"ENSG00000130734.5"	"ATG4D"	chr19	+	10662572	10662797	10662572	10662651	10662720	10662797	2079	22,18	110,134	12,7	98,70	167	99	0.288633387217	1.0	0.106,0.074	0.068,0.056	0.028
207	"ENSG00000143369.10"	"ECM1"	chr1	+	150482136	150482478	150482136	150482238	150482397	150482478	207	33,28	96,127	19,17	99,65	197	99	0.432109119823	1.0	0.147,0.1	0.088,0.116	0.021
2080	"ENSG00000130734.5"	"ATG4D"	chr19	+	10657514	10657929	10657514	10657791	10657864	10657929	2080	2,3	13,2	6,4	15,10	171	99	0.905342727002	1.0	0.082,0.465	0.188,0.188	0.086
2081	"ENSG00000130734.5"	"ATG4D"	chr19	+	10657514	10657929	10657514	10657758	10657864	10657929	2081	18,5	0,2	21,15	1,1	197	99	0.813036805374	1.0	1.0,0.557	0.913,0.883	-0.12
2082	"ENSG00000130734.5"	"ATG4D"	chr19	+	10657514	10657929	10657514	10657747	10657864	10657929	2082	27,12	2,3	24,17	2,1	197	99	0.70870393749	1.0	0.872,0.668	0.858,0.895	-0.107
2086	"ENSG00000134851.8"	"TMEM165"	chr4	+	56283969	56284152	56283969	56284015	56284102	56284152	2086	371,643	1,0	267,229	0,1	185	99	1	1.0	0.995,1.0	1.0,0.992	0.002
2090	"ENSG00000100353.13"	"EIF3D"	chr22	-	36921710	36922178	36921710	36921756	36922045	36922178	2090	0,0	260,168	1,1	155,146	197	99	1	1.0	0.0,0.0	0.003,0.003	-0.003
2091	"ENSG00000132507.13"	"EIF5A"	chr17	+	7214668	7214970	7214668	7214800	7214896	7214970	2091	21,42	1895,1823	19,14	1090,1104	194	99	0.791457132609	1.0	0.006,0.012	0.009,0.006	0.002
2093	"ENSG00000171606.13"	"ZNF274"	chr19	+	58721326	58721808	58721326	58721439	58721574	58721808	2093	7,8	3,2	9,6	1,1	197	99	0.48390976076	1.0	0.54,0.668	0.819,0.751	-0.181
2095	"ENSG00000134262.8"	"AP4B1"	chr1	-	114442525	114443022	114442525	114442646	114442891	114443022	2095	15,128	0,1	59,49	0,0	197	99	0.89587997164	1.0	1.0,0.985	1.0,1.0	-0.008
2097	"ENSG00000111481.5"	"COPZ1"	chr12	+	54735989	54736414	54735989	54736071	54736215	54736414	2097	1,1	1,0	3,3	0,0	197	99	1	1.0	0.334,1.0	1.0,1.0	-0.333
2098	"ENSG00000125458.2"	"NT5C"	chr17	-	73127147	73127353	73127147	73127200	73127275	73127353	2098	4,4	34,26	5,4	32,24	173	99	0.737134219116	1.0	0.063,0.081	0.082,0.087	-0.012
2099	"ENSG00000125458.2"	"NT5C"	chr17	-	73127059	73127376	73127059	73127176	73127275	73127376	2099	26,53	0,2	42,37	1,0	197	99	0.776515649669	1.0	1.0,0.93	0.955,1.0	-0.012
20	"ENSG00000171163.11"	"ZNF692"	chr1	-	249149756	249150145	249149756	249149834	249149923	249150145	20	76,138	86,44	119,69	109,66	187	99	0.261589675124	1.0	0.319,0.624	0.366,0.356	0.111
2106	"ENSG00000121716.14"	"PILRB"	chr7	+	99950186	99950746	99950186	99950537	99950619	99950746	2106	38,19	72,41	33,24	48,33	180	99	0.194518912845	1.0	0.225,0.203	0.274,0.286	-0.066
2108	"ENSG00000121716.14"	"PILRB"	chr7	+	99950995	99951635	99950995	99951106	99951517	99951635	2108	164,111	2,0	123,96	3,2	197	99	0.227210173052	1.0	0.976,1.0	0.954,0.96	0.031
2109	"ENSG00000121716.14"	"PILRB"	chr7	+	99950186	99950537	99950186	99950290	99950383	99950537	2109	90,54	4,0	85,66	2,2	191	99	0.843737854024	1.0	0.921,1.0	0.957,0.945	0.01
210	"ENSG00000186501.10"	"TMEM222"	chr1	+	27660641	27662890	27660641	27660772	27661869	27662890	210	13,15	107,105	15,11	95,66	197	99	0.494642879922	1.0	0.058,0.067	0.074,0.077	-0.013
2110	"ENSG00000116786.7"	"PLEKHM2"	chr1	+	16054573	16054808	16054573	16054643	16054761	16054808	2110	0,0	223,117	2,2	123,88	197	99	0.652999237766	1.0	0.0,0.0	0.008,0.011	-0.009
2111	"ENSG00000108654.7"	"DDX5"	chr17	-	62496666	62498187	62496666	62496840	62498127	62498187	2111	1150,877	2,0	599,649	0,0	197	99	1	1.0	0.997,1.0	1.0,1.0	-0.002
2113	"ENSG00000108654.7"	"DDX5"	chr17	-	62497993	62498187	62497993	62498009	62498127	62498187	2113	26,205	0,0	46,64	1,0	197	99	0.210767212724	1.0	1.0,1.0	0.959,1.0	0.02
2114	"ENSG00000108654.7"	"DDX5"	chr17	-	62497993	62498187	62497993	62498026	62498127	62498187	2114	274,177	0,2	91,87	0,0	197	99	0.765229945188	1.0	1.0,0.978	1.0,1.0	-0.011
2117	"ENSG00000271853.1"	"RP1-178F15.5"	chr1	-	153604509	153604716	153604509	153604539	153604640	153604716	2117	36,6	1,0	13,10	1,1	197	99	1	1.0	0.948,1.0	0.867,0.834	0.123
2118	"ENSG00000271853.1"	"RP1-178F15.5"	chr1	-	153604509	153604716	153604509	153604539	153604630	153604716	2118	28,10	3,0	10,8	2,1	189	99	0.364562913121	1.0	0.83,1.0	0.724,0.807	0.149
2119	"ENSG00000175727.9"	"MLXIP"	chr12	+	122620035	122622137	122620035	122620213	122622015	122622137	2119	35,30	159,161	30,19	135,92	197	99	0.77162792996	1.0	0.1,0.086	0.1,0.094	-0.004
2123	"ENSG00000175550.3"	"DRAP1"	chr11	+	65687250	65687512	65687250	65687323	65687418	65687512	2123	2,5	276,242	4,3	210,160	193	99	0.8087326216	1.0	0.004,0.01	0.01,0.01	-0.003
2124	"ENSG00000115268.5"	"RPS15"	chr19	+	1440017	1440493	1440017	1440252	1440347	1440493	2124	8,19	4304,4757	7,4	3365,2353	193	99	1	1.0	0.001,0.002	0.001,0.001	0.001
2126	"ENSG00000164548.6"	"TRA2A"	chr7	-	23561325	23562051	23561325	23561459	23561750	23562051	2126	99,48	4,1	79,54	4,2	197	99	0.673178452988	1.0	0.926,0.96	0.908,0.931	0.024
2127	"ENSG00000164548.6"	"TRA2A"	chr7	-	23561325	23562051	23561325	23561459	23561972	23562051	2127	173,103	2,3	187,136	2,1	197	99	0.424883799601	1.0	0.978,0.945	0.979,0.986	-0.021
2128	"ENSG00000159479.12"	"MED8"	chr1	-	43851648	43852341	43851648	43851897	43852259	43852341	2128	8,18	90,150	8,6	99,74	197	99	0.509415064971	1.0	0.043,0.057	0.039,0.039	0.011
2129	"ENSG00000172638.8"	"EFEMP2"	chr11	-	65636830	65637447	65636830	65637031	65637327	65637447	2129	2,2	0,2	0,1	0,0	197	99	1	1.0	1.0,0.334	NA,1.0	-0.333
212	"ENSG00000141644.13"	"MBD1"	chr18	-	47803031	47803368	47803031	47803114	47803201	47803368	212	13,7	18,26	11,7	16,12	185	99	0.451028376946	1.0	0.279,0.126	0.269,0.238	-0.051
2132	"ENSG00000119777.14"	"TMEM214"	chr2	+	27260533	27260760	27260533	27260570	27260657	27260760	2132	26,21	6,3	2,2	1,1	185	99	0.228067421709	1.0	0.699,0.789	0.517,0.517	0.227
2135	"ENSG00000242485.1"	"MRPL20"	chr1	-	1341188	1342399	1341188	1341266	1342288	1342399	2135	20,6	457,357	10,8	243,229	197	99	0.504075297057	1.0	0.022,0.008	0.02,0.017	-0.004
2136	"ENSG00000161939.14"	"RNASEK-C17orf49"	chr17	+	6917463	6918475	6917463	6918197	6918380	6918475	2136	0,2	7,24	1,1	13,7	197	99	0.570889379092	1.0	0.0,0.04	0.037,0.067	-0.032
2137	"ENSG00000161939.14"	"RNASEK-C17orf49"	chr17	+	6917463	6918475	6917463	6917596	6918380	6918475	2137	269,301	8,3	237,170	3,2	197	99	0.575981811162	1.0	0.944,0.981	0.975,0.977	-0.014
2138	"ENSG00000104626.10"	"ERI1"	chr8	+	8887301	8890848	8887301	8887591	8890058	8890848	2138	57,38	0,2	35,27	1,0	197	99	0.522636042637	1.0	1.0,0.905	0.946,1.0	-0.02
2139	"ENSG00000215193.8"	"PEX26"	chr22	+	18560773	18561372	18560773	18560893	18561061	18561372	2139	29,3	0,0	11,10	1,0	197	99	1	1.0	1.0,1.0	0.847,1.0	0.077
2140	"ENSG00000070423.13"	"RNF126"	chr19	-	648881	649748	648881	648975	649678	649748	2140	57,70	241,237	60,30	159,114	197	99	0.253895229043	1.0	0.106,0.129	0.159,0.117	-0.021
2141	"ENSG00000070423.13"	"RNF126"	chr19	-	648881	649748	648881	649052	649678	649748	2141	15,24	10,26	21,11	13,7	197	99	0.340927795652	1.0	0.43,0.317	0.448,0.441	-0.071
2143	"ENSG00000177943.9"	"MAMDC4"	chr9	+	139753660	139754516	139753660	139753769	139754337	139754516	2143	19,21	6,3	13,9	4,2	197	99	0.779483647816	1.0	0.614,0.779	0.62,0.693	0.04
2144	"ENSG00000177943.9"	"MAMDC4"	chr9	+	139753170	139753584	139753170	139753305	139753456	139753584	2144	10,15	3,2	7,5	3,2	197	99	0.323961748864	1.0	0.626,0.79	0.54,0.557	0.159
2146	"ENSG00000102886.10"	"GDPD3"	chr16	-	30123978	30124385	30123978	30124114	30124342	30124385	2146	5,8	2,1	5,2	2,1	197	99	0.509436234989	1.0	0.557,0.801	0.557,0.501	0.15
2148	"ENSG00000225697.6"	"SLC26A6"	chr3	-	48665601	48665974	48665601	48665737	48665866	48665974	2148	29,0	0,0	40,26	1,0	197	99	1	1.0	1.0,NA	0.953,1.0	0.024
2149	"ENSG00000225697.6"	"SLC26A6"	chr3	-	48667074	48667411	48667074	48667144	48667304	48667411	2149	22,18	7,7	29,20	11,8	197	99	0.821840692504	1.0	0.612,0.564	0.57,0.557	0.024
2150	"ENSG00000225697.6"	"SLC26A6"	chr3	-	48668425	48670517	48668425	48668586	48670406	48670517	2150	10,13	2,0	2,3	0,0	197	99	1	1.0	0.715,1.0	1.0,1.0	-0.143
2153	"ENSG00000115484.10"	"CCT4"	chr2	-	62099216	62099437	62099216	62099278	62099374	62099437	2153	2417,2085	1,0	67,70	0,0	194	99	1	1.0	0.999,1.0	1.0,1.0	-0.0
2154	"ENSG00000110455.9"	"ACCS"	chr11	+	44099394	44100334	44099394	44099472	44100233	44100334	2154	70,20	5,3	43,26	4,2	197	99	0.744483229109	1.0	0.876,0.77	0.844,0.867	-0.032
2155	"ENSG00000048707.9"	"VPS13D"	chr1	+	12557279	12557685	12557279	12557316	12557553	12557685	2155	6,1	0,1	2,2	0,0	197	99	1	1.0	1.0,0.334	1.0,1.0	-0.333
2156	"ENSG00000048707.9"	"VPS13D"	chr1	+	12408879	12409431	12408879	12409030	12409220	12409431	2156	5,9	21,54	13,6	43,27	197	99	0.388995762507	1.0	0.107,0.077	0.132,0.1	-0.024
2157	"ENSG00000120314.14"	"WDR55"	chr5	+	140048475	140048833	140048475	140048575	140048663	140048833	2157	33,3	26,27	22,14	28,21	186	99	0.493334189696	1.0	0.403,0.056	0.295,0.262	-0.049
2160	"ENSG00000204256.8"	"BRD2"	chr6	+	32944338	32945347	32944338	32944713	32945036	32945347	2160	80,108	29,31	81,53	27,19	197	99	0.769070037827	1.0	0.581,0.636	0.601,0.584	0.016
2163	"ENSG00000166483.6"	"WEE1"	chr11	+	9597603	9597840	9597603	9597640	9597776	9597840	2163	2,0	39,309	1,1	118,157	197	99	0.920290104445	1.0	0.025,0.0	0.004,0.003	0.009
2164	"ENSG00000137942.12"	"FNBP1L"	chr1	+	94016503	94020216	94016503	94016662	94017965	94020216	2164	61,70	15,13	42,29	5,4	197	99	0.281708704314	1.0	0.671,0.73	0.808,0.785	-0.096
2165	"ENSG00000168394.9"	"TAP1"	chr6	-	32814844	32815452	32814844	32814981	32815289	32815452	2165	4,3	11,11	2,1	7,4	197	99	0.77151500425	1.0	0.155,0.121	0.126,0.112	0.019
2167	"ENSG00000182087.8"	"TMEM259"	chr19	-	1012064	1012572	1012064	1012187	1012461	1012572	2167	97,62	56,113	79,54	72,54	197	99	0.806148560783	1.0	0.465,0.216	0.355,0.334	-0.004
2168	"ENSG00000182087.8"	"TMEM259"	chr19	-	1014190	1014472	1014190	1014316	1014397	1014472	2168	192,330	3,9	217,156	2,1	179	99	0.2007752219	1.0	0.973,0.953	0.984,0.989	-0.023
2169	"ENSG00000182087.8"	"TMEM259"	chr19	-	1011578	1011797	1011578	1011662	1011739	1011797	2169	16,13	132,172	14,9	144,100	175	99	0.96233925091	1.0	0.064,0.041	0.052,0.048	0.003
216	"ENSG00000167508.6"	"MVD"	chr16	-	88723843	88724437	88723843	88723990	88724142	88724437	216	4,25	0,0	24,21	1,0	197	99	1	1.0	1.0,1.0	0.923,1.0	0.038
2170	"ENSG00000182087.8"	"TMEM259"	chr19	-	1011578	1011797	1011578	1011611	1011739	1011797	2170	208,203	127,80	203,139	111,75	197	99	0.629591737559	1.0	0.451,0.56	0.479,0.482	0.025
2171	"ENSG00000182087.8"	"TMEM259"	chr19	-	1011365	1011611	1011365	1011498	1011578	1011611	2171	16,18	345,236	18,9	282,194	178	99	0.918942029269	1.0	0.025,0.041	0.034,0.025	0.003
2173	"ENSG00000159176.9"	"CSRP1"	chr1	-	201454410	201458112	201454410	201454504	201457982	201458112	2173	3,0	30,58	2,2	33,20	197	99	0.28427577483	1.0	0.048,0.0	0.03,0.048	-0.015
2175	"ENSG00000176978.9"	"DPP7"	chr9	-	140008694	140009028	140008694	140008834	140008914	140009028	2175	5,4	85,69	5,3	88,59	178	99	0.921499022299	1.0	0.032,0.031	0.031,0.028	0.002
2176	"ENSG00000176978.9"	"DPP7"	chr9	-	140008694	140009028	140008694	140008830	140008914	140009028	2176	87,70	16,10	90,61	10,7	182	99	0.292654760268	1.0	0.747,0.792	0.83,0.826	-0.058
2177	"ENSG00000176978.9"	"DPP7"	chr9	-	140008914	140009170	140008914	140009028	140009098	140009170	2177	17,27	55,34	19,14	35,23	168	99	0.698788708821	1.0	0.154,0.319	0.242,0.264	-0.017
2179	"ENSG00000188002.6"	"RP11-43F13.1"	chr5	-	1632758	1633021	1632758	1632866	1632959	1633021	2179	85,20	10,7	68,54	14,10	191	99	0.928548401867	1.0	0.815,0.597	0.716,0.737	-0.02
2181	"ENSG00000135924.11"	"DNAJB2"	chr2	+	220145299	220146493	220145299	220145409	220146439	220146493	2181	5,12	8,24	3,2	15,6	197	99	0.289000615735	1.0	0.239,0.201	0.091,0.143	0.103
2182	"ENSG00000185024.11"	"BRF1"	chr14	-	105685487	105686467	105685487	105685635	105686405	105686467	2182	0,1	3,1	1,0	2,0	197	99	1	1.0	0.0,0.334	0.201,NA	-0.034
2183	"ENSG00000185024.11"	"BRF1"	chr14	-	105685487	105686467	105685487	105685569	105686405	105686467	2183	7,6	76,59	6,4	67,43	197	99	0.996048437345	1.0	0.044,0.049	0.043,0.045	0.003
2184	"ENSG00000185024.11"	"BRF1"	chr14	-	105677458	105678501	105677458	105677630	105678449	105678501	2184	7,6	17,39	6,3	22,16	197	99	0.809616539561	1.0	0.171,0.072	0.121,0.086	0.018
2186	"ENSG00000167770.7"	"OTUB1"	chr11	+	63764001	63764413	63764001	63764120	63764328	63764413	2186	31,20	89,118	32,22	109,72	197	99	0.443580046873	1.0	0.149,0.078	0.129,0.133	-0.018
2190	"ENSG00000141030.8"	"COPS3"	chr17	-	17174071	17174322	17174071	17174121	17174209	17174322	2190	1,1	80,112	1,1	87,61	186	99	1	1.0	0.007,0.005	0.006,0.009	-0.001
2191	"ENSG00000102977.9"	"ACD"	chr16	-	67692830	67693516	67692830	67692982	67693439	67693516	2191	6,1	0,0	7,6	1,1	197	99	1	1.0	1.0,1.0	0.779,0.751	0.235
2194	"ENSG00000105364.9"	"MRPL4"	chr19	+	10363072	10363377	10363072	10363139	10363226	10363377	2194	0,1	16,75	0,0	31,29	185	99	0.6405785287	1.0	0.0,0.007	0.0,0.0	0.004
2195	"ENSG00000175224.12"	"ATG13"	chr11	+	46690048	46690460	46690048	46690126	46690343	46690460	2195	2,0	60,61	2,2	73,48	197	99	0.526231883232	1.0	0.016,0.0	0.014,0.021	-0.01
2196	"ENSG00000175224.12"	"ATG13"	chr11	+	46690048	46690460	46690048	46690126	46690385	46690460	2196	66,66	0,3	87,61	1,0	197	99	0.493957639193	1.0	1.0,0.917	0.978,1.0	-0.03
2201	"ENSG00000167969.8"	"ECI1"	chr16	-	2293169	2293440	2293169	2293217	2293318	2293440	2201	31,155	0,1	73,67	0,0	197	99	0.909595031652	1.0	1.0,0.987	1.0,1.0	-0.006
2203	"ENSG00000183530.9"	"PRR14L"	chr22	-	32077335	32081789	32077335	32078120	32079614	32081789	2203	29,44	0,2	38,32	0,0	197	99	0.574675487565	1.0	1.0,0.917	1.0,1.0	-0.041
2205	"ENSG00000168495.8"	"POLR3D"	chr8	+	22104575	22104777	22104575	22104640	22104733	22104777	2205	0,1	0,1	2,2	0,0	191	99	1	1.0	NA,0.341	1.0,1.0	-0.659
2207	"ENSG00000268575.1"	"RP1-283E3.8"	chr1	-	1654026	1654270	1654026	1654073	1654146	1654270	2207	0,0	4,3	1,1	6,5	171	99	1	1.0	0.0,0.0	0.088,0.104	-0.096
2208	"ENSG00000127054.14"	"CPSF3L"	chr1	-	1248318	1248477	1248318	1248329	1248414	1248477	2208	0,0	51,142	1,1	106,81	183	99	1	1.0	0.0,0.0	0.005,0.007	-0.006
220	"ENSG00000116809.7"	"ZBTB17"	chr1	-	16270093	16270390	16270093	16270210	16270302	16270390	220	3,8	25,21	6,3	22,16	190	99	0.854043054455	1.0	0.059,0.166	0.124,0.089	0.006
2210	"ENSG00000127054.14"	"CPSF3L"	chr1	-	1247972	1248329	1247972	1248080	1248166	1248329	2210	15,11	67,122	12,9	80,58	184	99	0.743103594497	1.0	0.108,0.046	0.075,0.077	0.001
2212	"ENSG00000127054.14"	"CPSF3L"	chr1	-	1247605	1248080	1247605	1247748	1247972	1248080	2212	2,8	2,3	7,6	3,2	197	99	0.656644540916	1.0	0.334,0.573	0.54,0.601	-0.117
2217	"ENSG00000127054.14"	"CPSF3L"	chr1	-	1247605	1247881	1247605	1247748	1247819	1247881	2217	7,21	101,105	8,7	80,56	169	99	0.656997631906	1.0	0.039,0.105	0.055,0.068	0.01
2219	"ENSG00000160753.11"	"RUSC1"	chr1	+	155294892	155295281	155294892	155294969	155295205	155295281	2219	23,58	0,2	27,19	1,0	197	99	1	1.0	1.0,0.936	0.931,1.0	0.002
2220	"ENSG00000160753.11"	"RUSC1"	chr1	+	155295654	155296923	155295654	155295701	155296688	155296923	2220	37,33	3,20	43,28	9,5	197	99	0.616009752997	1.0	0.861,0.453	0.706,0.738	-0.065
2222	"ENSG00000160753.11"	"RUSC1"	chr1	+	155295654	155296923	155295654	155295701	155296400	155296923	2222	86,87	2,8	116,91	7,4	197	99	0.832035184646	1.0	0.956,0.845	0.893,0.92	-0.006
2223	"ENSG00000160753.11"	"RUSC1"	chr1	+	155295654	155296923	155295654	155295701	155296793	155296923	2223	3,114	4,0	31,40	0,0	197	99	0.445477347655	1.0	0.274,1.0	1.0,1.0	-0.363
2225	"ENSG00000167566.12"	"NCKAP5L"	chr12	-	50184928	50186371	50184928	50185834	50186228	50186371	2225	3,15	5,1	6,4	4,3	197	99	0.526391220705	1.0	0.232,0.883	0.43,0.401	0.142
2226	"ENSG00000142784.11"	"WDTC1"	chr1	+	27630111	27631684	27630111	27630286	27631549	27631684	2226	160,158	9,11	140,94	5,3	197	99	0.225247265	1.0	0.899,0.878	0.934,0.94	-0.048
2227	"ENSG00000142784.11"	"WDTC1"	chr1	+	27630111	27631684	27630111	27630286	27631491	27631684	2227	7,8	80,82	5,3	68,42	197	99	0.775725048826	1.0	0.042,0.047	0.036,0.035	0.009
2230	"ENSG00000137312.10"	"FLOT1"	chr6	-	30708966	30709481	30708966	30709110	30709438	30709481	2230	326,271	4,1	261,172	2,1	197	99	0.876746822461	1.0	0.976,0.993	0.985,0.989	-0.003
2231	"ENSG00000137312.10"	"FLOT1"	chr6	-	30708966	30709481	30708966	30709110	30709390	30709481	2231	162,121	358,211	130,81	252,181	197	99	0.8171659369	1.0	0.185,0.224	0.206,0.184	0.01
2232	"ENSG00000137312.10"	"FLOT1"	chr6	-	30698458	30698877	30698458	30698504	30698695	30698877	2232	37,11	85,176	15,9	120,81	197	99	0.189452135577	1.0	0.179,0.03	0.059,0.053	0.049
2239	"ENSG00000103035.6"	"PSMD7"	chr16	+	74336109	74336301	74336109	74336190	74336267	74336301	2239	3,1	0,2	5,3	0,0	175	99	1	1.0	1.0,0.22	1.0,1.0	-0.39
2245	"ENSG00000162910.14"	"MRPL55"	chr1	-	228295990	228296234	228295990	228296019	228296137	228296234	2245	16,11	39,34	9,9	14,17	197	99	0.21644604199	1.0	0.171,0.14	0.244,0.21	-0.071
2247	"ENSG00000162910.14"	"MRPL55"	chr1	-	228296137	228296722	228296137	228296175	228296655	228296722	2247	60,115	7,13	82,55	6,4	197	99	0.347166820931	1.0	0.812,0.816	0.873,0.874	-0.059
2248	"ENSG00000154222.10"	"CC2D1B"	chr1	-	52826095	52826804	52826095	52826221	52826645	52826804	2248	20,14	39,50	12,7	33,22	197	99	0.959270664683	1.0	0.205,0.123	0.155,0.138	0.017
2250	"ENSG00000154222.10"	"CC2D1B"	chr1	-	52823452	52824133	52823452	52823570	52824002	52824133	2250	23,17	30,44	17,11	23,15	197	99	0.361835915876	1.0	0.278,0.163	0.271,0.269	-0.049
2251	"ENSG00000154222.10"	"CC2D1B"	chr1	-	52823452	52824133	52823452	52823588	52824002	52824133	2251	18,12	2,4	15,11	2,2	197	99	0.766185852892	1.0	0.819,0.601	0.79,0.734	-0.052
2252	"ENSG00000122335.9"	"SERAC1"	chr6	-	158537216	158538853	158537216	158537314	158538758	158538853	2252	2,0	7,13	2,1	7,5	197	99	0.367472408892	1.0	0.126,0.0	0.126,0.091	-0.045
2256	"ENSG00000115685.10"	"PPP1R7"	chr2	+	242122061	242123067	242122061	242122231	242122793	242123067	2256	43,57	0,2	11,13	0,0	197	99	1	1.0	1.0,0.935	1.0,1.0	-0.032
2259	"ENSG00000179152.14"	"TCAIM"	chr3	+	44441846	44442826	44441846	44442079	44442694	44442826	2259	0,1	21,5	0,0	9,10	197	99	0.345195935538	1.0	0.0,0.091	0.0,0.0	0.045
2261	"ENSG00000105618.9"	"PRPF31"	chr19	+	54632431	54632745	54632431	54632560	54632646	54632745	2261	13,56	78,99	24,12	51,38	184	99	0.62781983237	1.0	0.082,0.233	0.202,0.145	-0.016
2262	"ENSG00000105618.9"	"PRPF31"	chr19	+	54631447	54631752	54631447	54631575	54631679	54631752	2262	5,11	112,192	5,2	103,77	197	99	0.764259135204	1.0	0.022,0.028	0.024,0.013	0.007
2264	"ENSG00000035141.3"	"FAM136A"	chr2	-	70527971	70528735	70527971	70528112	70528653	70528735	2264	3,12	1,0	11,6	1,1	197	99	0.59323143756	1.0	0.601,1.0	0.847,0.751	0.002
2266	"ENSG00000164172.14"	"MOCS2"	chr5	-	52396240	52397339	52396240	52396317	52397188	52397339	2266	30,107	0,2	32,37	0,0	197	99	1	1.0	1.0,0.964	1.0,1.0	-0.018
2267	"ENSG00000164172.14"	"MOCS2"	chr5	-	52396240	52397339	52396240	52396364	52397188	52397339	2267	2,2	50,116	0,0	43,44	197	99	0.473214909218	1.0	0.02,0.009	0.0,0.0	0.014
2269	"ENSG00000170242.13"	"USP47"	chr11	+	11976443	11976692	11976443	11976491	11976580	11976692	2269	0,0	6,45	1,1	28,24	187	99	0.450607065758	1.0	0.0,0.0	0.019,0.022	-0.02
2275	"ENSG00000102901.8"	"CENPT"	chr16	-	67865914	67866448	67865914	67866039	67866130	67866448	2275	14,14	3,6	8,4	4,3	189	99	0.376604333361	1.0	0.71,0.55	0.512,0.411	0.168
2276	"ENSG00000102901.8"	"CENPT"	chr16	-	67864807	67865261	67864807	67864834	67865118	67865261	2276	3,58	2,0	6,11	0,0	197	99	1	1.0	0.43,1.0	1.0,1.0	-0.285
2277	"ENSG00000102901.8"	"CENPT"	chr16	-	67863824	67864451	67863824	67863971	67864292	67864451	2277	98,108	0,1	23,25	0,0	197	99	1	1.0	1.0,0.982	1.0,1.0	-0.009
2278	"ENSG00000102901.8"	"CENPT"	chr16	-	67866130	67866448	67866130	67866218	67866357	67866448	2278	38,24	51,53	27,19	46,31	197	99	0.922478860394	1.0	0.272,0.185	0.228,0.235	-0.003
2280	"ENSG00000102901.8"	"CENPT"	chr16	-	67863667	67865261	67863667	67864451	67865118	67865261	2280	56,71	65,26	43,28	42,28	197	99	0.32454007124	1.0	0.302,0.578	0.34,0.334	0.103
2281	"ENSG00000102901.8"	"CENPT"	chr16	-	67863667	67865261	67863667	67863991	67865118	67865261	2281	40,105	0,3	61,49	0,1	197	99	0.819505402529	1.0	1.0,0.946	1.0,0.961	-0.007
2282	"ENSG00000102901.8"	"CENPT"	chr16	-	67865914	67866448	67865914	67866011	67866357	67866448	2282	32,25	8,6	17,10	5,2	197	99	0.892128554394	1.0	0.668,0.677	0.631,0.715	-0.0
2284	"ENSG00000102901.8"	"CENPT"	chr16	-	67863667	67864451	67863667	67863991	67864292	67864451	2284	123,73	35,30	104,70	43,31	197	99	0.313724055284	1.0	0.638,0.55	0.549,0.532	0.054
2285	"ENSG00000102901.8"	"CENPT"	chr16	-	67866130	67866448	67866130	67866257	67866357	67866448	2285	31,23	3,0	22,16	1,1	197	99	0.690073391885	1.0	0.839,1.0	0.917,0.889	0.016
2288	"ENSG00000245910.4"	"SNHG6"	chr8	-	67838432	67838633	67838432	67838537	67838612	67838633	2288	9,1	5,1	14,10	4,3	173	99	0.304449091573	1.0	0.507,0.364	0.667,0.656	-0.226
2289	"ENSG00000114054.9"	"PCCB"	chr3	+	136045644	136046097	136045644	136045752	136045996	136046097	2289	2,8	138,178	11,7	184,144	197	99	0.220400035725	1.0	0.007,0.022	0.029,0.024	-0.012
2290	"ENSG00000132017.6"	"DCAF15"	chr19	+	14071098	14071392	14071098	14071203	14071282	14071392	2290	70,67	0,1	20,24	0,0	177	99	1	1.0	1.0,0.974	1.0,1.0	-0.013
2291	"ENSG00000132017.6"	"DCAF15"	chr19	+	14071098	14071392	14071098	14071203	14071276	14071392	2291	9,20	32,45	10,6	35,27	171	99	0.363069767894	1.0	0.14,0.205	0.142,0.114	0.044
2292	"ENSG00000111906.13"	"HDDC2"	chr6	-	125613973	125614114	125613973	125614055	125614113	125614114	2292	0,0	1,0	1,0	1,1	156	99	1	1.0	0.0,NA	0.388,0.0	-0.194
229	"ENSG00000115970.14"	"THADA"	chr2	-	43518834	43519361	43518834	43518907	43519242	43519361	229	5,2	12,17	3,3	8,6	197	99	0.373285950967	1.0	0.173,0.056	0.159,0.201	-0.066
2301	"ENSG00000084774.9"	"CAD"	chr2	+	27456179	27456676	27456179	27456404	27456493	27456676	2301	25,8	85,63	13,9	67,50	187	99	0.671395121524	1.0	0.135,0.063	0.093,0.087	0.009
2302	"ENSG00000084774.9"	"CAD"	chr2	+	27465487	27465841	27465487	27465643	27465739	27465841	2302	0,0	159,73	1,0	82,63	194	99	1	1.0	0.0,0.0	0.006,0.0	-0.003
2304	"ENSG00000147168.8"	"IL2RG"	chrX	-	70330005	70330538	70330005	70330145	70330353	70330538	2304	2,1	77,37	2,2	61,51	197	99	0.781289421346	1.0	0.013,0.013	0.016,0.019	-0.005
2309	"ENSG00000197694.9"	"SPTAN1"	chr9	+	131386606	131387458	131386606	131386766	131387381	131387458	2309	0,2	42,19	1,0	12,9	197	99	0.441167394604	1.0	0.0,0.05	0.04,0.0	0.005
230	"ENSG00000177731.11"	"FLII"	chr17	-	18148667	18149322	18148667	18148974	18149251	18149322	230	2,25	1,0	5,6	0,0	197	99	1	1.0	0.501,1.0	1.0,1.0	-0.25
2311	"ENSG00000130935.5"	"NOL11"	chr17	+	65734237	65735126	65734237	65734471	65735074	65735126	2311	46,336	1,0	114,139	0,0	197	99	0.475196482908	1.0	0.959,1.0	1.0,1.0	-0.02
2312	"ENSG00000130935.5"	"NOL11"	chr17	+	65734237	65735126	65734237	65734471	65735067	65735126	2312	287,360	1,1	243,197	2,2	197	99	0.220239304573	1.0	0.993,0.995	0.984,0.98	0.012
2313	"ENSG00000130935.5"	"NOL11"	chr17	+	65733623	65734088	65733623	65733808	65733947	65734088	2313	6,1	0,0	4,5	1,0	197	99	1	1.0	1.0,1.0	0.668,1.0	0.166
2315	"ENSG00000145736.10"	"GTF2H2"	chr5	-	70344588	70344985	70344588	70344676	70344894	70344985	2315	0,5	29,14	1,1	18,13	197	99	0.629032472207	1.0	0.0,0.152	0.027,0.037	0.044
2316	"ENSG00000148343.14"	"FAM73B"	chr9	+	131831354	131832213	131831354	131831408	131832110	131832213	2316	30,28	2,0	18,15	0,1	197	99	0.818215486085	1.0	0.883,1.0	1.0,0.883	0.0
2319	"ENSG00000167895.10"	"TMC8"	chr17	+	76133315	76133895	76133315	76133439	76133797	76133895	2319	5,3	1,0	3,3	2,2	197	99	0.237773811371	1.0	0.715,1.0	0.43,0.43	0.427
231	"ENSG00000177731.11"	"FLII"	chr17	-	18148667	18148974	18148667	18148733	18148868	18148974	231	2,7	41,66	4,2	67,45	197	99	0.465123026946	1.0	0.024,0.051	0.029,0.022	0.012
2322	"ENSG00000127586.12"	"CHTF18"	chr16	+	838930	839360	838930	839125	839209	839360	2322	1,1	23,16	2,1	20,13	182	99	0.593633707158	1.0	0.023,0.033	0.052,0.04	-0.018
2324	"ENSG00000266964.1"	"FXYD1"	chr19	+	35633623	35633954	35633623	35633675	35633820	35633954	2324	0,3	4,4	1,1	4,3	197	99	0.594720657743	1.0	0.0,0.274	0.112,0.143	0.01
2327	"ENSG00000136271.6"	"DDX56"	chr7	-	44613181	44613524	44613181	44613343	44613434	44613524	2327	0,4	19,78	1,1	34,28	189	99	0.874187970988	1.0	0.0,0.026	0.015,0.018	-0.004
232	"ENSG00000177731.11"	"FLII"	chr17	-	18148868	18149376	18148868	18148974	18149151	18149376	232	44,112	0,1	104,75	0,0	197	99	0.527823462832	1.0	1.0,0.983	1.0,1.0	-0.008
2331	"ENSG00000150991.10"	"UBC"	chr12	-	125397907	125398320	125397907	125398041	125398269	125398320	2331	4702,4436	0,0	842,1017	1,0	197	99	1	1.0	1.0,1.0	0.998,1.0	0.001
2333	"ENSG00000073921.13"	"PICALM"	chr11	-	85779692	85779971	85779692	85779780	85779918	85779971	2333	159,668	2,0	329,330	0,0	197	99	0.672710157635	1.0	0.976,1.0	1.0,1.0	-0.012
2334	"ENSG00000073921.13"	"PICALM"	chr11	-	85779692	85779987	85779692	85779780	85779924	85779987	2334	169,1211	1,0	239,340	0,1	197	99	1	1.0	0.988,1.0	1.0,0.994	-0.003
2335	"ENSG00000081307.8"	"UBA5"	chr3	+	132390620	132391021	132390620	132390725	132390893	132391021	2335	0,5	67,20	5,4	44,35	197	99	0.355526352138	1.0	0.0,0.112	0.054,0.054	0.002
2336	"ENSG00000128272.10"	"ATF4"	chr22	+	39916568	39917676	39916568	39916610	39917358	39917676	2336	222,252	2,0	6,4	0,0	197	99	1	1.0	0.982,1.0	1.0,1.0	-0.009
2337	"ENSG00000128272.10"	"ATF4"	chr22	+	39916568	39917676	39916568	39916756	39917358	39917676	2337	88,45	499,525	130,85	788,587	197	99	0.239043800568	1.0	0.081,0.041	0.077,0.068	-0.012
233	"ENSG00000177731.11"	"FLII"	chr17	-	18148868	18149376	18148868	18148974	18149057	18149376	233	11,18	80,119	19,13	87,64	181	99	0.205558015528	1.0	0.07,0.076	0.107,0.1	-0.03
2342	"ENSG00000160766.10"	"GBAP1"	chr1	-	155186174	155186820	155186174	155186412	155186647	155186820	2342	2,6	7,7	1,1	4,3	197	99	0.560595317834	1.0	0.126,0.301	0.112,0.143	0.086
2343	"ENSG00000160766.10"	"GBAP1"	chr1	-	155185353	155185578	155185353	155185442	155185552	155185578	2343	3,30	0,2	6,8	0,0	197	99	1	1.0	1.0,0.883	1.0,1.0	-0.058
2344	"ENSG00000160766.10"	"GBAP1"	chr1	-	155187030	155187840	155187030	155187164	155187754	155187840	2344	7,16	3,6	4,4	4,3	197	99	0.258369320733	1.0	0.54,0.573	0.334,0.401	0.189
2345	"ENSG00000069869.11"	"NEDD4"	chr15	-	56126235	56126460	56126235	56126343	56126424	56126460	2345	0,2	42,24	1,1	21,20	179	99	0.541218714851	1.0	0.0,0.044	0.026,0.027	-0.005
2347	"ENSG00000111679.12"	"PTPN6"	chr12	+	7060771	7061340	7060771	7060894	7061145	7061340	2347	0,0	1,1	1,1	3,2	197	99	1	1.0	0.0,0.0	0.143,0.201	-0.172
234	"ENSG00000177731.11"	"FLII"	chr17	-	18149057	18149376	18149057	18149164	18149247	18149376	234	10,26	75,104	19,11	98,65	181	99	0.80001309351	1.0	0.068,0.12	0.096,0.085	0.004
2359	"ENSG00000100038.15"	"TOP3B"	chr22	-	22316800	22317265	22316800	22316974	22317118	22317265	2359	13,11	215,111	15,9	172,131	197	99	0.83624465448	1.0	0.029,0.047	0.042,0.033	0.0
235	"ENSG00000177731.11"	"FLII"	chr17	-	18148149	18148733	18148149	18148586	18148667	18148733	235	2,3	19,21	1,1	26,18	179	99	0.35222156281	1.0	0.055,0.073	0.021,0.03	0.038
2362	"ENSG00000100038.15"	"TOP3B"	chr22	-	22313503	22314108	22313503	22313604	22313958	22314108	2362	53,40	158,54	57,42	108,79	197	99	0.644132214235	1.0	0.144,0.271	0.21,0.211	-0.003
2363	"ENSG00000169764.10"	"UGP2"	chr2	+	64112722	64113020	64112722	64112817	64112904	64113020	2363	21,343	2,0	60,107	0,0	185	99	0.634940314294	1.0	0.849,1.0	1.0,1.0	-0.076
2364	"ENSG00000169764.10"	"UGP2"	chr2	+	64114535	64117319	64114535	64114778	64117214	64117319	2364	0,2	69,77	2,2	69,49	197	99	0.335672068331	1.0	0.0,0.013	0.014,0.02	-0.011
2366	"ENSG00000104518.6"	"GSDMD"	chr8	+	144641501	144642139	144641501	144641722	144641946	144642139	2366	0,0	2,8	1,0	5,4	197	99	1	1.0	0.0,0.0	0.091,0.0	-0.045
2367	"ENSG00000104518.6"	"GSDMD"	chr8	+	144643171	144643593	144643171	144643274	144643539	144643593	2367	4,7	7,4	3,3	4,2	197	99	0.951997361447	1.0	0.223,0.468	0.274,0.43	-0.006
2369	"ENSG00000100836.6"	"PABPN1"	chr14	+	23791022	23791504	23791022	23791245	23791389	23791504	2369	82,61	1,1	43,31	1,0	197	99	0.850640023731	1.0	0.976,0.968	0.956,1.0	-0.006
236	"ENSG00000177731.11"	"FLII"	chr17	-	18156857	18157496	18156857	18157033	18157392	18157496	236	3,5	63,56	3,3	62,43	197	99	0.873986567946	1.0	0.023,0.043	0.024,0.034	0.004
2370	"ENSG00000075702.12"	"WDR62"	chr19	+	36592115	36593753	36592115	36592219	36593653	36593753	2370	11,25	2,0	4,6	0,0	197	99	1	1.0	0.734,1.0	1.0,1.0	-0.133
2373	"ENSG00000178904.14"	"DPY19L3"	chr19	+	32929884	32930141	32929884	32929916	32930017	32930141	2373	2,4	1,1	9,7	3,2	197	99	0.792636171155	1.0	0.501,0.668	0.601,0.638	-0.035
2374	"ENSG00000178904.14"	"DPY19L3"	chr19	+	32958379	32959719	32958379	32958532	32959636	32959719	2374	23,10	0,0	16,12	1,1	197	99	1	1.0	1.0,1.0	0.889,0.858	0.127
2375	"ENSG00000100813.10"	"ACIN1"	chr14	-	23532248	23532786	23532248	23532274	23532644	23532786	2375	108,184	0,8	116,91	1,2	197	99	0.588323909972	1.0	1.0,0.92	0.983,0.958	-0.01
2377	"ENSG00000123472.8"	"ATPAF1"	chr1	-	47098408	47101642	47098408	47098528	47101568	47101642	2377	44,100	0,0	54,55	1,0	197	99	0.468094071226	1.0	1.0,1.0	0.964,1.0	0.018
2382	"ENSG00000272655.1"	"POLR2J4"	chr7	-	44053160	44054382	44053160	44053278	44054204	44054382	2382	15,13	11,1	10,5	5,4	197	99	0.504188144523	1.0	0.407,0.867	0.501,0.386	0.194
2383	"ENSG00000174444.10"	"RPL4"	chr15	-	66793286	66793842	66793286	66793443	66793712	66793842	2383	40,30	3286,3018	43,28	3695,2769	197	99	1	1.0	0.006,0.005	0.006,0.005	0.0
2384	"ENSG00000174444.10"	"RPL4"	chr15	-	66794949	66795502	66794949	66795115	66795395	66795502	2384	111,109	0,3	56,57	0,0	197	99	0.55220695029	1.0	1.0,0.948	1.0,1.0	-0.026
2385	"ENSG00000174444.10"	"RPL4"	chr15	-	66795395	66795867	66795395	66795502	66795695	66795867	2385	14,16	10531,8863	17,11	10223,8328	197	99	1	1.0	0.001,0.001	0.001,0.001	0.0
2386	"ENSG00000174444.10"	"RPL4"	chr15	-	66794949	66795502	66794949	66795088	66795395	66795502	2386	70,87	6502,5839	74,64	6401,5214	197	99	1	1.0	0.005,0.007	0.006,0.006	0.0
238	"ENSG00000163913.7"	"IFT122"	chr3	+	129233231	129234442	129233231	129233397	129234330	129234442	238	11,3	20,14	6,3	16,9	197	99	0.916730229225	1.0	0.217,0.097	0.159,0.143	0.006
2391	"ENSG00000104497.9"	"SNX16"	chr8	-	82751846	82752317	82751846	82751986	82752073	82752317	2391	5,24	2,1	16,11	2,1	185	99	0.666217977892	1.0	0.572,0.928	0.811,0.855	-0.083
2395	"ENSG00000107186.12"	"MPDZ"	chr9	-	13133822	13136181	13133822	13133903	13136090	13136181	2395	1,0	1,6	0,0	2,3	197	99	1	1.0	0.334,0.0	0.0,0.0	0.167
2396	"ENSG00000198837.5"	"DENND4B"	chr1	-	153903014	153903540	153903014	153903079	153903498	153903540	2396	6,91	2,0	55,50	0,0	197	99	0.859758011102	1.0	0.601,1.0	1.0,1.0	-0.2
2397	"ENSG00000198837.5"	"DENND4B"	chr1	-	153903014	153903540	153903014	153903079	153903167	153903540	2397	6,6	67,65	4,4	66,49	186	99	0.660778052411	1.0	0.045,0.047	0.031,0.042	0.009
2399	"ENSG00000198837.5"	"DENND4B"	chr1	-	153903167	153903540	153903167	153903333	153903498	153903540	2399	99,102	3,5	92,73	2,1	197	99	0.402415821042	1.0	0.943,0.911	0.959,0.973	-0.039
2400	"ENSG00000198837.5"	"DENND4B"	chr1	-	153913709	153913870	153913709	153913765	153913849	153913870	2400	0,1	0,89	0,0	30,52	182	99	1	1.0	NA,0.006	0.0,0.0	0.006
2401	"ENSG00000198837.5"	"DENND4B"	chr1	-	153905336	153905641	153905336	153905506	153905607	153905641	2401	20,37	0,0	33,20	1,1	197	99	0.644356712117	1.0	1.0,1.0	0.943,0.91	0.074
2402	"ENSG00000198837.5"	"DENND4B"	chr1	-	153903167	153903540	153903167	153903333	153903422	153903540	2402	6,8	23,40	5,4	43,29	187	99	0.247542999843	1.0	0.121,0.096	0.058,0.068	0.045
2404	"ENSG00000149792.4"	"MRPL49"	chr11	+	64893197	64894835	64893197	64893414	64893528	64894835	2404	480,513	3,4	381,313	1,2	197	99	0.676418835542	1.0	0.988,0.985	0.995,0.987	-0.005
2405	"ENSG00000120798.12"	"NR2C1"	chr12	-	95451506	95452265	95451506	95451654	95452085	95452265	2405	22,43	18,36	28,20	19,14	197	99	0.541165661318	1.0	0.381,0.375	0.425,0.418	-0.043
2407	"ENSG00000125247.11"	"TMTC4"	chr13	-	101277163	101277930	101277163	101277222	101277788	101277930	2407	16,0	1,0	8,14	0,0	197	99	1	1.0	0.889,NA	1.0,1.0	-0.111
2409	"ENSG00000094975.9"	"SUCO"	chr1	+	172557899	172559066	172557899	172558002	172558927	172559066	2409	117,92	2,1	20,25	0,0	197	99	1	1.0	0.967,0.979	1.0,1.0	-0.027
240	"ENSG00000155363.14"	"MOV10"	chr1	+	113240908	113242432	113240908	113241100	113242306	113242432	240	111,0	2,2	75,57	1,1	197	99	0.300545036538	1.0	0.965,0.0	0.974,0.966	-0.487
2413	"ENSG00000089916.13"	"GPATCH2L"	chr14	+	76639888	76643033	76639888	76639968	76642965	76643033	2413	2,5	22,30	3,2	23,16	197	99	0.965105510267	1.0	0.044,0.077	0.062,0.059	0.0
2415	"ENSG00000099958.10"	"DERL3"	chr22	-	24178920	24179341	24178920	24179149	24179250	24179341	2415	18,89	10,3	69,36	6,4	197	99	0.522432835384	1.0	0.475,0.937	0.852,0.819	-0.129
2416	"ENSG00000099958.10"	"DERL3"	chr22	-	24176689	24179341	24176689	24177119	24179250	24179341	2416	13,51	0,0	39,23	2,2	197	99	0.310220990626	1.0	1.0,1.0	0.907,0.852	0.121
2417	"ENSG00000099958.10"	"DERL3"	chr22	-	24180897	24181191	24180897	24180963	24181081	24181191	2417	3,5	15,48	7,4	32,19	197	99	0.323456442282	1.0	0.091,0.05	0.099,0.096	-0.027
2418	"ENSG00000115524.11"	"SF3B1"	chr2	-	198283519	198285266	198283519	198283675	198285151	198285266	2418	66,83	3,7	45,25	2,2	197	99	0.882162367311	1.0	0.917,0.856	0.919,0.863	-0.004
2419	"ENSG00000115524.11"	"SF3B1"	chr2	-	198283232	198283686	198283232	198283312	198283463	198283686	2419	67,46	2,0	11,10	0,0	197	99	1	1.0	0.944,1.0	1.0,1.0	-0.028
2420	"ENSG00000115524.11"	"SF3B1"	chr2	-	198284904	198285266	198284904	198284955	198285151	198285266	2420	11,106	2,0	23,17	0,0	197	99	1	1.0	0.734,1.0	1.0,1.0	-0.133
2423	"ENSG00000184371.9"	"CSF1"	chr1	+	110465787	110466812	110465787	110466333	110466681	110466812	2423	7,7	0,1	9,9	0,0	197	99	1	1.0	1.0,0.779	1.0,1.0	-0.111
2424	"ENSG00000130528.7"	"HRC"	chr19	-	49656486	49656692	49656486	49656588	49656663	49656692	2424	0,0	0,33	1,1	11,12	173	99	1	1.0	NA,0.0	0.049,0.046	-0.048
2428	"ENSG00000142002.12"	"DPP9"	chr19	-	4684674	4685783	4684674	4684821	4685637	4685783	2428	2,9	34,48	5,4	22,16	197	99	0.198396988303	1.0	0.029,0.086	0.103,0.112	-0.05
2430	"ENSG00000105447.8"	"GRWD1"	chr19	+	48949248	48949759	48949248	48949355	48949641	48949759	2430	27,100	0,1	52,36	0,1	197	99	0.67540184953	1.0	1.0,0.98	1.0,0.948	0.016
2432	"ENSG00000167799.5"	"NUDT8"	chr11	-	67395409	67395871	67395409	67395722	67395793	67395871	2432	7,3	43,20	6,4	28,23	169	99	0.660269864303	1.0	0.087,0.081	0.112,0.092	-0.018
2435	"ENSG00000106258.9"	"CYP3A5"	chr7	-	99270202	99270538	99270202	99270302	99270406	99270538	2435	0,5	0,4	3,2	1,1	197	99	1	1.0	NA,0.386	0.601,0.501	-0.165
2436	"ENSG00000106258.9"	"CYP3A5"	chr7	-	99270202	99270538	99270202	99270321	99270406	99270538	2436	1,0	2,0	1,1	0,0	183	99	1	1.0	0.213,NA	1.0,1.0	-0.787
2437	"ENSG00000148688.9"	"RPP30"	chr10	+	92654531	92655240	92654531	92654648	92655210	92655240	2437	5,9	28,46	5,3	32,23	197	99	0.742109670666	1.0	0.082,0.09	0.073,0.062	0.018
2439	"ENSG00000130158.9"	"DOCK6"	chr19	-	11313069	11313391	11313069	11313159	11313259	11313391	2439	3,2	14,0	3,1	13,8	197	99	1	1.0	0.097,1.0	0.104,0.059	0.467
2444	"ENSG00000099840.9"	"IZUMO4"	chr19	+	2097250	2097494	2097250	2097331	2097422	2097494	2444	0,2	3,17	0,0	6,5	189	99	1	1.0	0.0,0.058	0.0,0.0	0.029
2448	"ENSG00000099840.9"	"IZUMO4"	chr19	+	2097927	2098126	2097927	2097954	2098050	2098126	2448	0,0	8,1	2,1	7,4	194	99	1	1.0	0.0,0.0	0.127,0.113	-0.12
2449	"ENSG00000132549.14"	"VPS13B"	chr8	+	100883012	100883925	100883012	100883115	100883675	100883925	2449	20,7	11,5	5,5	4,5	197	99	0.48099496659	1.0	0.477,0.413	0.386,0.334	0.085
244	"ENSG00000157020.13"	"SEC13"	chr3	-	10360822	10361000	10360822	10360856	10360940	10361000	244	0,0	0,2	5,4	1,0	182	99	1	1.0	NA,0.0	0.731,1.0	-0.865
2450	"ENSG00000100983.5"	"GSS"	chr20	-	33530290	33530809	33530290	33530484	33530733	33530809	2450	82,61	0,0	69,55	1,1	197	99	0.381161023984	1.0	1.0,1.0	0.972,0.965	0.032
2451	"ENSG00000100983.5"	"GSS"	chr20	-	33530290	33530809	33530290	33530388	33530733	33530809	2451	301,238	0,0	291,240	1,1	197	99	1	1.0	1.0,1.0	0.993,0.992	0.008
2453	"ENSG00000109572.9"	"CLCN3"	chr4	+	170618339	170618885	170618339	170618476	170618668	170618885	2453	238,140	2,0	23,21	0,0	197	99	1	1.0	0.984,1.0	1.0,1.0	-0.008
2454	"ENSG00000109572.9"	"CLCN3"	chr4	+	170618339	170618885	170618339	170618476	170618746	170618885	2454	226,128	2,1	107,112	0,0	197	99	0.58758620897	1.0	0.983,0.985	1.0,1.0	-0.016
2455	"ENSG00000109572.9"	"CLCN3"	chr4	+	170618339	170618885	170618339	170618430	170618511	170618885	2455	131,108	0,2	118,91	1,1	179	99	0.87131741511	1.0	1.0,0.968	0.985,0.981	0.001
2456	"ENSG00000176986.10"	"SEC24C"	chr10	+	75529104	75529491	75529104	75529243	75529372	75529491	2456	4,8	119,160	9,6	132,91	197	99	0.280774315027	1.0	0.017,0.025	0.033,0.032	-0.011
2459	"ENSG00000166946.9"	"CCNDBP1"	chr15	+	43486278	43486659	43486278	43486335	43486612	43486659	2459	4,10	6,0	13,8	3,2	197	99	0.733618643217	1.0	0.251,1.0	0.685,0.668	-0.051
245	"ENSG00000157020.13"	"SEC13"	chr3	-	10346716	10347394	10346716	10346840	10347284	10347394	245	860,765	0,1	169,167	0,0	197	99	1	1.0	1.0,0.997	1.0,1.0	-0.002
2463	"ENSG00000214367.3"	"HAUS3"	chr4	-	2240330	2240770	2240330	2240515	2240662	2240770	2463	293,239	2,2	167,138	1,1	197	99	0.825284378464	1.0	0.987,0.984	0.988,0.986	-0.001
2465	"ENSG00000104894.7"	"CD37"	chr19	+	49842586	49843863	49842586	49842670	49843507	49843863	2465	14,31	5,17	37,23	19,10	197	99	0.936459269978	1.0	0.585,0.478	0.495,0.536	0.016
2467	"ENSG00000104894.7"	"CD37"	chr19	+	49838970	49840290	49838970	49839043	49840165	49840290	2467	1,2	39,38	3,2	50,29	197	99	0.648017027304	1.0	0.013,0.026	0.029,0.033	-0.011
2468	"ENSG00000104894.7"	"CD37"	chr19	+	49838970	49840290	49838970	49839039	49840165	49840290	2468	40,40	4,4	53,31	5,3	197	99	0.928185843316	1.0	0.834,0.834	0.842,0.839	-0.007
2474	"ENSG00000127948.9"	"POR"	chr7	+	75615476	75616173	75615476	75615559	75615654	75616173	2474	23,11	74,118	14,9	89,60	193	99	0.693041777313	1.0	0.138,0.046	0.075,0.071	0.019
2477	"ENSG00000125447.12"	"GGA3"	chr17	-	73235869	73237138	73235869	73236189	73236422	73237138	2477	13,12	84,57	10,7	83,56	197	99	0.317835037818	1.0	0.072,0.096	0.057,0.059	0.026
2478	"ENSG00000125447.12"	"GGA3"	chr17	-	73236422	73237138	73236422	73236493	73236892	73237138	2478	49,30	37,48	44,25	33,24	197	99	0.378741060063	1.0	0.4,0.239	0.401,0.344	-0.053
2479	"ENSG00000125447.12"	"GGA3"	chr17	-	73237480	73237777	73237480	73237597	73237695	73237777	2479	32,10	92,122	19,14	104,77	196	99	0.851672345719	1.0	0.149,0.04	0.084,0.084	0.01
247	"ENSG00000157020.13"	"SEC13"	chr3	-	10342614	10343058	10342614	10342845	10342936	10343058	247	960,874	1,0	131,159	0,0	189	99	1	1.0	0.998,1.0	1.0,1.0	-0.001
2480	"ENSG00000125447.12"	"GGA3"	chr17	-	73237480	73237777	73237480	73237531	73237695	73237777	2480	19,131	0,1	32,42	0,0	197	99	1	1.0	1.0,0.985	1.0,1.0	-0.008
2485	"ENSG00000256223.1"	"ZNF10"	chr12	+	133720454	133721111	133720454	133720607	133721019	133721111	2485	0,3	1,0	2,2	0,0	197	99	1	1.0	0.0,1.0	1.0,1.0	-0.5
2486	"ENSG00000173209.18"	"AHSA2"	chr2	+	61413580	61413910	61413580	61413632	61413793	61413910	2486	36,27	2,1	13,21	0,0	197	99	1	1.0	0.9,0.931	1.0,1.0	-0.085
2487	"ENSG00000173209.18"	"AHSA2"	chr2	+	61412636	61413632	61412636	61412753	61413580	61413632	2487	56,25	95,29	49,32	78,56	197	99	0.677174148356	1.0	0.229,0.302	0.24,0.223	0.034
2491	"ENSG00000204396.6"	"VWA7"	chr6	-	31734021	31734541	31734021	31734161	31734239	31734541	2491	5,8	5,3	2,1	4,2	176	99	0.329220513006	1.0	0.36,0.6	0.22,0.22	0.26
2493	"ENSG00000133641.13"	"C12orf29"	chr12	+	88437375	88439556	88437375	88437492	88439358	88439556	2493	2,3	81,126	3,2	91,71	197	99	0.661919499932	1.0	0.012,0.012	0.016,0.014	-0.003
2495	"ENSG00000119638.8"	"NEK9"	chr14	-	75572652	75573405	75572652	75572699	75573204	75573405	2495	24,12	25,12	12,10	14,8	197	99	0.896062408472	1.0	0.325,0.334	0.301,0.386	-0.014
2496	"ENSG00000119638.8"	"NEK9"	chr14	-	75572652	75573405	75572652	75572699	75573168	75573405	2496	20,7	0,0	8,7	1,1	197	99	1	1.0	1.0,1.0	0.801,0.779	0.21
2497	"ENSG00000119638.8"	"NEK9"	chr14	-	75572652	75573405	75572652	75572699	75573280	75573405	2497	36,24	2,0	16,20	0,0	197	99	1	1.0	0.9,1.0	1.0,1.0	-0.05
2498	"ENSG00000204351.7"	"SKIV2L"	chr6	+	31937056	31937528	31937056	31937197	31937291	31937528	2498	73,45	12,16	63,43	12,7	192	99	0.464786238639	1.0	0.758,0.592	0.73,0.76	-0.07
2499	"ENSG00000204351.7"	"SKIV2L"	chr6	+	31928817	31929452	31928817	31928871	31929323	31929452	2499	11,12	1,5	6,5	1,1	197	99	0.874000030315	1.0	0.847,0.547	0.751,0.715	-0.036
2500	"ENSG00000204351.7"	"SKIV2L"	chr6	+	31936399	31936866	31936399	31936573	31936647	31936866	2500	1,1	80,43	2,1	73,51	172	99	0.744290523662	1.0	0.007,0.013	0.016,0.011	-0.003
2501	"ENSG00000204351.7"	"SKIV2L"	chr6	+	31930490	31930868	31930490	31930575	31930656	31930868	2501	2,1	0,1	1,1	0,0	179	99	1	1.0	1.0,0.356	1.0,1.0	-0.322
2502	"ENSG00000204351.7"	"SKIV2L"	chr6	+	31935732	31936225	31935732	31935859	31936124	31936225	2502	60,62	0,1	132,82	1,0	197	99	0.525701879115	1.0	1.0,0.969	0.985,1.0	-0.008
2503	"ENSG00000204351.7"	"SKIV2L"	chr6	+	31930490	31930868	31930490	31930575	31930761	31930868	2503	6,10	145,85	7,4	143,103	197	99	0.304951320597	1.0	0.02,0.056	0.024,0.019	0.017
2504	"ENSG00000197530.8"	"MIB2"	chr1	+	1562216	1562587	1562216	1562379	1562453	1562587	2504	0,3	6,11	1,0	10,6	172	99	0.594918755904	1.0	0.0,0.136	0.054,0.0	0.041
2505	"ENSG00000197530.8"	"MIB2"	chr1	+	1560925	1562134	1560925	1561033	1562029	1562134	2505	11,11	6,6	12,5	7,4	197	99	0.809303386386	1.0	0.48,0.48	0.463,0.386	0.055
2507	"ENSG00000197530.8"	"MIB2"	chr1	+	1563398	1563779	1563398	1563559	1563652	1563779	2507	7,8	23,18	10,5	16,8	191	99	0.242313424531	1.0	0.136,0.187	0.245,0.245	-0.083
2508	"ENSG00000197530.8"	"MIB2"	chr1	+	1563652	1564102	1563652	1563779	1563868	1564102	2508	4,1	15,13	2,1	14,6	187	99	0.862388948782	1.0	0.124,0.039	0.07,0.081	0.006
2509	"ENSG00000247774.2"	"PCED1B-AS1"	chr12	-	47609947	47610217	47609947	47610047	47610166	47610217	2509	0,4	0,16	0,0	3,5	197	99	1	1.0	NA,0.112	0.0,0.0	0.112
250	"ENSG00000131899.6"	"LLGL1"	chr17	+	18138783	18140074	18138783	18138851	18139920	18140074	250	2,1	6,9	2,1	3,3	197	99	0.283418744445	1.0	0.143,0.053	0.251,0.143	-0.099
2515	"ENSG00000067829.14"	"IDH3G"	chrX	-	153051220	153051727	153051220	153051428	153051666	153051727	2515	38,41	115,69	38,24	95,62	197	99	0.701388218942	1.0	0.142,0.23	0.167,0.163	0.021
2516	"ENSG00000067829.14"	"IDH3G"	chrX	-	153051252	153051727	153051252	153051401	153051666	153051727	2516	126,79	0,3	105,74	1,0	197	99	0.768513161459	1.0	1.0,0.93	0.981,1.0	-0.025
2519	"ENSG00000116213.11"	"WRAP73"	chr1	-	3547330	3548221	3547330	3547681	3548029	3548221	2519	10,38	29,44	19,15	22,15	197	99	0.248245264897	1.0	0.148,0.303	0.303,0.334	-0.093
2520	"ENSG00000158062.16"	"UBXN11"	chr1	-	26610852	26612032	26610852	26610973	26611954	26612032	2520	46,18	25,14	24,18	11,8	197	99	0.397375430049	1.0	0.48,0.393	0.523,0.531	-0.091
2521	"ENSG00000129250.7"	"KIF1C"	chr17	+	4905900	4906137	4905900	4905937	4906025	4906137	2521	0,3	27,74	0,0	35,38	186	99	0.429810050852	1.0	0.0,0.021	0.0,0.0	0.011
2522	"ENSG00000129250.7"	"KIF1C"	chr17	+	4905900	4906137	4905900	4905937	4906058	4906137	2522	46,59	0,1	38,41	0,0	197	99	1	1.0	1.0,0.967	1.0,1.0	-0.016
2526	"ENSG00000173267.9"	"SNCG"	chr10	+	88719131	88719431	88719131	88719165	88719389	88719431	2526	86,20	3,1	67,46	1,0	197	99	0.366711002747	1.0	0.935,0.91	0.971,1.0	-0.063
2527	"ENSG00000173267.9"	"SNCG"	chr10	+	88719131	88719431	88719131	88719302	88719389	88719431	2527	96,53	1,0	53,46	0,0	185	99	0.707708245359	1.0	0.981,1.0	1.0,1.0	-0.01
2528	"ENSG00000168710.13"	"AHCYL1"	chr1	+	110560994	110561209	110560994	110561089	110561173	110561209	2528	1,1	67,92	1,2	43,57	182	99	0.322271019578	1.0	0.008,0.006	0.012,0.019	-0.009
2529	"ENSG00000168710.13"	"AHCYL1"	chr1	+	110561173	110561712	110561173	110561272	110561496	110561712	2529	3,5	2,0	6,6	2,2	197	99	0.84517005063	1.0	0.43,1.0	0.601,0.601	0.114
252	"ENSG00000204463.8"	"BAG6"	chr6	-	31608250	31608481	31608250	31608334	31608421	31608481	252	15,19	2,0	4,4	0,0	185	99	1	1.0	0.801,1.0	1.0,1.0	-0.099
2530	"ENSG00000071564.10"	"TCF3"	chr19	-	1620966	1621172	1620966	1621045	1621131	1621172	2530	0,3	89,67	0,0	2,1	184	99	1	1.0	0.0,0.024	0.0,0.0	0.012
2531	"ENSG00000071564.10"	"TCF3"	chr19	-	1615283	1615820	1615283	1615514	1615684	1615820	2531	86,144	1,2	118,98	2,1	197	99	0.933546241519	1.0	0.977,0.973	0.967,0.98	0.001
2532	"ENSG00000071564.10"	"TCF3"	chr19	-	1611247	1611848	1611247	1611368	1611702	1611848	2532	211,420	186,145	344,243	189,151	197	99	0.848104621697	1.0	0.363,0.593	0.478,0.447	0.015
2534	"ENSG00000071564.10"	"TCF3"	chr19	-	1619109	1619473	1619109	1619233	1619314	1619473	2534	2,2	48,64	1,1	41,24	179	99	0.83655770495	1.0	0.023,0.017	0.013,0.023	0.002
2535	"ENSG00000198218.6"	"QRICH1"	chr3	-	49070054	49070661	49070054	49070206	49070552	49070661	2535	49,32	112,115	40,25	85,65	197	99	0.364833028954	1.0	0.18,0.123	0.191,0.162	-0.025
2536	"ENSG00000149923.9"	"PPP4C"	chr16	+	30094066	30094888	30094066	30094284	30094714	30094888	2536	16,1	0,1	11,11	0,0	197	99	1	1.0	1.0,0.334	1.0,1.0	-0.333
2538	"ENSG00000149923.9"	"PPP4C"	chr16	+	30094066	30094888	30094066	30094168	30094714	30094888	2538	39,3	161,126	17,9	113,89	197	99	0.908711440262	1.0	0.109,0.012	0.07,0.048	0.001
2539	"ENSG00000149923.9"	"PPP4C"	chr16	+	30094714	30095102	30094714	30094888	30094975	30095102	2539	21,5	313,257	12,5	194,144	185	99	0.665169487932	1.0	0.035,0.01	0.032,0.018	-0.002
253	"ENSG00000165119.14"	"HNRNPK"	chr9	-	86593118	86593367	86593118	86593194	86593287	86593367	253	4,2	1755,1477	1,2	1326,1298	191	99	1	1.0	0.001,0.001	0.0,0.001	0.001
2541	"ENSG00000130827.5"	"PLXNA3"	chrX	+	153699189	153699660	153699189	153699352	153699447	153699660	2541	35,3	5,7	24,13	12,8	193	99	0.882742094555	1.0	0.782,0.18	0.506,0.455	0.0
2546	"ENSG00000102119.6"	"EMD"	chrX	+	153608301	153608822	153608301	153608379	153608636	153608822	2546	269,313	0,2	341,232	1,0	197	99	0.772059029099	1.0	1.0,0.987	0.994,1.0	-0.003
2549	"ENSG00000187514.10"	"PTMA"	chr2	+	232576057	232576693	232576057	232576129	232576596	232576693	2549	10,35	188,233	40,31	330,312	197	99	0.908379411146	1.0	0.026,0.07	0.057,0.048	-0.005
254	"ENSG00000165119.14"	"HNRNPK"	chr9	-	86593118	86593367	86593118	86593213	86593287	86593367	254	0,2	6,0	1,1	1,1	172	99	0.727964449239	1.0	0.0,1.0	0.365,0.365	0.135
2551	"ENSG00000187514.10"	"PTMA"	chr2	+	232576057	232576693	232576057	232576214	232576599	232576693	2551	292,212	1,0	11,13	0,0	197	99	1	1.0	0.993,1.0	1.0,1.0	-0.004
2553	"ENSG00000205560.8"	"CPT1B"	chr22	-	51007290	51007850	51007290	51007510	51007764	51007850	2553	3,2	2,0	3,3	2,1	197	99	0.839299006399	1.0	0.43,1.0	0.43,0.601	0.2
2557	"ENSG00000055609.13"	"KMT2C"	chr7	-	151832009	151835989	151832009	151834009	151835880	151835989	2557	12,28	123,95	19,13	102,80	197	99	0.891028082721	1.0	0.047,0.129	0.086,0.075	0.008
2558	"ENSG00000272888.1"	"AC013394.2"	chr15	+	93426814	93427008	93426814	93426849	93426973	93427008	2558	39,52	1,2	30,23	1,0	197	99	0.589537854576	1.0	0.951,0.929	0.938,1.0	-0.029
2560	"ENSG00000186635.10"	"ARAP1"	chr11	-	72423482	72424288	72423482	72423613	72424220	72424288	2560	17,10	45,42	19,11	47,33	197	99	0.566324514638	1.0	0.16,0.107	0.169,0.143	-0.022
2561	"ENSG00000186635.10"	"ARAP1"	chr11	-	72398483	72398783	72398483	72398547	72398732	72398783	2561	2,1	35,24	3,2	27,19	197	99	0.360122007545	1.0	0.028,0.021	0.053,0.05	-0.027
2562	"ENSG00000186635.10"	"ARAP1"	chr11	-	72406586	72406910	72406586	72406673	72406762	72406910	2562	1,0	97,85	1,0	63,51	187	99	1	1.0	0.005,0.0	0.008,0.0	-0.002
2563	"ENSG00000186635.10"	"ARAP1"	chr11	-	72407593	72408240	72407593	72407699	72408027	72408240	2563	20,26	110,87	23,13	93,72	197	99	0.819170588195	1.0	0.084,0.131	0.111,0.083	0.011
2566	"ENSG00000204619.3"	"PPP1R11"	chr6	+	30035982	30036475	30035982	30036207	30036366	30036475	2566	2,20	0,0	13,9	1,1	197	99	1	1.0	1.0,1.0	0.867,0.819	0.157
2567	"ENSG00000169592.10"	"INO80E"	chr16	+	30007564	30007938	30007564	30007712	30007867	30007938	2567	11,16	129,198	8,5	116,90	197	99	0.581920241333	1.0	0.041,0.039	0.033,0.027	0.01
2570	"ENSG00000100802.10"	"C14orf93"	chr14	-	23467635	23468611	23467635	23468365	23468571	23468611	2570	20,29	1,0	5,5	0,0	197	99	1	1.0	0.91,1.0	1.0,1.0	-0.045
2572	"ENSG00000248098.6"	"BCKDHA"	chr19	+	41916541	41916914	41916541	41916721	41916827	41916914	2572	1,4	127,67	4,3	106,74	197	99	0.537502247599	1.0	0.004,0.029	0.019,0.02	-0.003
2575	"ENSG00000130305.12"	"NSUN5"	chr7	-	72721579	72722550	72721579	72721640	72722427	72722550	2575	164,183	1,2	119,95	2,1	197	99	0.465109544237	1.0	0.988,0.979	0.968,0.979	0.01
2581	"ENSG00000170889.9"	"RPS9"	chr19	+	54710420	54711515	54710420	54710592	54711265	54711515	2581	36,48	63,51	69,41	99,43	197	99	0.809262083447	1.0	0.223,0.321	0.259,0.324	-0.019
2582	"ENSG00000183283.11"	"DAZAP2"	chr12	+	51634654	51634900	51634654	51634713	51634779	51634900	2582	307,169	10,7	243,166	7,4	164	99	0.55695675126	1.0	0.949,0.936	0.954,0.962	-0.015
2584	"ENSG00000107816.13"	"LZTS2"	chr10	+	102762253	102762703	102762253	102762374	102762555	102762703	2584	59,46	0,2	21,25	0,0	197	99	1	1.0	1.0,0.92	1.0,1.0	-0.04
2585	"ENSG00000140455.12"	"USP3"	chr15	+	63880718	63881014	63880718	63880775	63880900	63881014	2585	0,5	1,0	5,3	1,1	197	99	0.932528110573	1.0	0.0,1.0	0.715,0.601	-0.158
2586	"ENSG00000138750.10"	"NUP54"	chr4	-	77038816	77039347	77038816	77038895	77039227	77039347	2586	98,215	1,3	98,82	1,1	197	99	0.933231832109	1.0	0.98,0.973	0.98,0.976	-0.002
2588	"ENSG00000187994.9"	"RINL"	chr19	-	39366970	39367421	39366970	39367114	39367332	39367421	2588	23,27	0,1	16,12	1,1	197	99	0.329855347341	1.0	1.0,0.931	0.889,0.858	0.092
2589	"ENSG00000187994.9"	"RINL"	chr19	-	39366970	39367421	39366970	39367048	39367332	39367421	2589	12,15	0,1	3,5	0,0	197	99	1	1.0	1.0,0.883	1.0,1.0	-0.058
258	"ENSG00000141349.4"	"G6PC3"	chr17	+	42152336	42152819	42152336	42152455	42152677	42152819	258	5,1	84,43	2,2	57,43	197	99	0.902595653473	1.0	0.029,0.012	0.017,0.023	0.001
2592	"ENSG00000166140.13"	"ZFYVE19"	chr15	+	41106140	41106767	41106140	41106268	41106345	41106767	2592	6,38	17,5	19,14	14,11	175	99	0.780089717435	1.0	0.166,0.811	0.434,0.419	0.062
2593	"ENSG00000166140.13"	"ZFYVE19"	chr15	+	41102049	41102414	41102049	41102168	41102268	41102414	2593	6,12	57,79	6,5	67,39	197	99	0.658936081303	1.0	0.05,0.071	0.043,0.061	0.009
2594	"ENSG00000166140.13"	"ZFYVE19"	chr15	+	41102049	41102414	41102049	41102168	41102351	41102414	2594	0,117	0,0	70,80	2,2	197	99	1	1.0	NA,1.0	0.946,0.953	0.05
2595	"ENSG00000166140.13"	"ZFYVE19"	chr15	+	41105535	41106009	41105535	41105615	41105910	41106009	2595	5,9	40,37	7,4	33,19	197	99	0.673104687356	1.0	0.059,0.109	0.096,0.096	-0.012
259	"ENSG00000156858.7"	"PRR14"	chr16	+	30666671	30666913	30666671	30666741	30666848	30666913	259	64,232	0,3	110,80	0,0	197	99	0.570993127156	1.0	1.0,0.975	1.0,1.0	-0.012
2600	"ENSG00000088833.13"	"NSFL1C"	chr20	-	1426310	1426794	1426310	1426475	1426639	1426794	2600	75,43	3,1	87,52	5,3	197	99	0.544760069766	1.0	0.926,0.956	0.897,0.897	0.044
2602	"ENSG00000122678.10"	"POLM"	chr7	-	44113381	44114129	44113381	44113624	44113996	44114129	2602	7,1	0,0	2,2	1,0	197	99	1	1.0	1.0,1.0	0.501,1.0	0.25
2606	"ENSG00000108641.10"	"B9D1"	chr17	-	19246482	19247170	19246482	19246774	19247102	19247170	2606	1,10	26,4	10,7	12,8	197	99	0.420431547843	1.0	0.019,0.557	0.295,0.305	-0.012
2609	"ENSG00000074266.13"	"EED"	chr11	+	85974986	85977258	85974986	85975305	85977124	85977258	2609	0,1	76,104	0,0	36,39	197	99	1	1.0	0.0,0.005	0.0,0.0	0.003
260	"ENSG00000156858.7"	"PRR14"	chr16	+	30664041	30664424	30664041	30664163	30664234	30664424	260	16,12	29,41	12,7	41,23	169	99	0.453555697247	1.0	0.244,0.146	0.146,0.151	0.047
2614	"ENSG00000137411.12"	"VARS2"	chr6	+	30881981	30882814	30881981	30882121	30882586	30882814	2614	110,137	11,1	130,99	4,3	197	99	0.468914739866	1.0	0.834,0.986	0.942,0.943	-0.032
2615	"ENSG00000137411.12"	"VARS2"	chr6	+	30886540	30887625	30886540	30886702	30887534	30887625	2615	17,13	3,5	12,8	1,0	197	99	0.235121186968	1.0	0.74,0.566	0.858,1.0	-0.276
261	"ENSG00000156858.7"	"PRR14"	chr16	+	30662916	30663285	30662916	30662989	30663116	30663285	261	9,9	4,20	8,5	15,8	197	99	0.500596692814	1.0	0.531,0.184	0.211,0.239	0.133
2621	"ENSG00000237125.4"	"HAND2-AS1"	chr4	+	174457998	174463082	174457998	174458121	174462625	174463082	2621	8,13	0,1	3,4	0,1	197	99	0.441626270007	1.0	1.0,0.867	1.0,0.668	0.099
2622	"ENSG00000237125.4"	"HAND2-AS1"	chr4	+	174457998	174463082	174457998	174458121	174459213	174463082	2622	1,6	2,0	3,3	1,0	197	99	0.46848154578	1.0	0.201,1.0	0.601,1.0	-0.2
2626	"ENSG00000242114.1"	"MTFP1"	chr22	+	30822704	30823179	30822704	30822832	30823088	30823179	2626	2,7	0,0	3,2	1,0	197	99	1	1.0	1.0,1.0	0.601,1.0	0.2
2628	"ENSG00000108465.10"	"CDK5RAP3"	chr17	+	46058802	46059138	46058802	46058825	46058952	46059138	2628	290,149	9,1	216,162	4,2	197	99	0.578633996501	1.0	0.942,0.987	0.964,0.976	-0.006
262	"ENSG00000135409.6"	"AMHR2"	chr12	+	53819238	53819703	53819238	53819472	53819602	53819703	262	78,92	4,0	58,43	1,1	197	99	0.743655617413	1.0	0.907,1.0	0.967,0.956	-0.008
2630	"ENSG00000108465.10"	"CDK5RAP3"	chr17	+	46052879	46053379	46052879	46053004	46053234	46053379	2630	543,299	2,0	431,319	3,2	197	99	0.297567754737	1.0	0.993,1.0	0.986,0.988	0.009
2631	"ENSG00000108465.10"	"CDK5RAP3"	chr17	+	46050884	46051397	46050884	46051059	46051296	46051397	2631	66,32	8,4	89,61	9,6	197	99	0.594308085993	1.0	0.806,0.801	0.832,0.836	-0.03
2636	"ENSG00000108465.10"	"CDK5RAP3"	chr17	+	46048487	46048773	46048487	46048537	46048727	46048773	2636	26,8	1,0	30,22	1,0	197	99	1	1.0	0.929,1.0	0.938,1.0	-0.004
2637	"ENSG00000108465.10"	"CDK5RAP3"	chr17	+	46051765	46052703	46051765	46051814	46052537	46052703	2637	454,209	9,6	391,286	5,4	197	99	0.257931291356	1.0	0.962,0.946	0.975,0.973	-0.02
2638	"ENSG00000126749.10"	"EMG1"	chr12	+	7083713	7084310	7083713	7083855	7084251	7084310	2638	1,0	146,153	3,2	114,99	197	99	0.311822317054	1.0	0.003,0.0	0.013,0.01	-0.01
2640	"ENSG00000165782.6"	"TMEM55B"	chr14	-	20926016	20926861	20926016	20926505	20926747	20926861	2640	64,149	1,3	57,42	0,0	197	99	0.436655313004	1.0	0.97,0.961	1.0,1.0	-0.034
2642	"ENSG00000124177.10"	"CHD6"	chr20	-	40041963	40043705	40041963	40042155	40043461	40043705	2642	2,18	0,3	3,3	0,0	197	99	1	1.0	1.0,0.751	1.0,1.0	-0.125
2643	"ENSG00000124177.10"	"CHD6"	chr20	-	40125448	40126866	40125448	40126141	40126807	40126866	2643	0,4	51,53	3,2	50,30	197	99	0.483023672673	1.0	0.0,0.037	0.029,0.032	-0.012
2644	"ENSG00000108671.5"	"PSMD11"	chr17	+	30807506	30808489	30807506	30807649	30808328	30808489	2644	260,614	13,28	323,204	11,8	197	99	0.462828031037	1.0	0.91,0.917	0.937,0.928	-0.019
2646	"ENSG00000108671.5"	"PSMD11"	chr17	+	30806268	30807215	30806268	30806394	30807163	30807215	2646	28,11	0,1	46,25	2,1	197	99	0.873014197517	1.0	1.0,0.847	0.92,0.926	0.0
2647	"ENSG00000120733.9"	"KDM3B"	chr5	+	137721710	137722310	137721710	137721879	137722092	137722310	2647	256,154	2,0	108,112	0,0	197	99	0.89984241238	1.0	0.985,1.0	1.0,1.0	-0.008
2648	"ENSG00000120733.9"	"KDM3B"	chr5	+	137721710	137722310	137721710	137721879	137721977	137722310	2648	231,140	1,1	208,165	3,2	196	99	0.409476770747	1.0	0.992,0.986	0.972,0.977	0.015
2649	"ENSG00000093009.5"	"CDC45"	chr22	+	19467260	19467740	19467260	19467542	19467680	19467740	2649	31,57	414,533	42,32	341,296	197	99	0.229438392131	1.0	0.036,0.051	0.058,0.052	-0.012
264	"ENSG00000135409.6"	"AMHR2"	chr12	+	53819238	53819703	53819238	53819357	53819472	53819703	264	5,18	3,3	12,8	7,3	197	99	0.474743452132	1.0	0.456,0.751	0.463,0.573	0.086
2652	"ENSG00000131652.9"	"THOC6"	chr16	+	3075924	3076289	3075924	3076167	3076251	3076289	2652	3,11	16,81	9,8	47,41	182	99	0.496266475831	1.0	0.093,0.069	0.094,0.096	-0.014
2653	"ENSG00000131652.9"	"THOC6"	chr16	+	3075708	3076289	3075708	3075824	3075924	3076289	2653	3,5	44,34	4,4	40,29	197	99	0.812035015411	1.0	0.033,0.069	0.048,0.065	-0.005
2654	"ENSG00000131652.9"	"THOC6"	chr16	+	3074041	3074265	3074041	3074087	3074193	3074265	2654	4,27	0,1	10,13	0,0	197	99	1	1.0	1.0,0.931	1.0,1.0	-0.034
2655	"ENSG00000131652.9"	"THOC6"	chr16	+	3075924	3076167	3075924	3075962	3076063	3076167	2655	29,15	1,0	52,41	0,0	197	99	1	1.0	0.936,1.0	1.0,1.0	-0.032
2656	"ENSG00000131652.9"	"THOC6"	chr16	+	3075924	3076289	3075924	3075989	3076045	3076289	2656	6,0	0,1	8,7	1,0	154	99	0.568624364521	1.0	1.0,0.0	0.837,1.0	-0.418
2660	"ENSG00000137841.7"	"PLCB2"	chr15	-	40583465	40584125	40583465	40583688	40584049	40584125	2660	2,2	2,0	4,3	2,1	197	99	0.266145413911	1.0	0.334,1.0	0.501,0.601	0.116
2662	"ENSG00000164663.9"	"USP49"	chr6	-	41766461	41766667	41766461	41766530	41766612	41766667	2662	9,0	0,0	8,6	1,0	180	99	1	1.0	1.0,NA	0.815,1.0	0.093
2663	"ENSG00000197355.6"	"UAP1L1"	chr9	+	139976449	139978990	139976449	139976516	139977088	139978990	2663	3,0	6,4	3,2	7,4	197	99	0.656526170131	1.0	0.201,0.0	0.177,0.201	-0.088
2666	"ENSG00000175054.10"	"ATR"	chr3	-	142168079	142172075	142168079	142168444	142171969	142172075	2666	8,8	22,48	3,3	26,18	197	99	0.508152223827	1.0	0.155,0.077	0.055,0.077	0.05
2667	"ENSG00000139531.8"	"SUOX"	chr12	+	56395995	56396504	56395995	56396055	56396326	56396504	2667	4,6	41,14	2,2	32,23	197	99	0.213160866817	1.0	0.047,0.177	0.03,0.042	0.076
2669	"ENSG00000099326.4"	"MZF1"	chr19	-	59081710	59082796	59081710	59081894	59082360	59082796	2669	58,5	0,2	29,21	4,3	197	99	0.543259917768	1.0	1.0,0.557	0.785,0.779	-0.004
266	"ENSG00000135409.6"	"AMHR2"	chr12	+	53819238	53819703	53819238	53819271	53819472	53819703	266	8,15	6,13	10,6	8,6	197	99	0.979490633797	1.0	0.401,0.367	0.386,0.334	0.024
2670	"ENSG00000099326.4"	"MZF1"	chr19	-	59081710	59082796	59081710	59081894	59082665	59082796	2670	3,36	0,1	7,11	0,0	197	99	1	1.0	1.0,0.948	1.0,1.0	-0.026
2672	"ENSG00000198563.9"	"DDX39B"	chr6	-	31506539	31506716	31506539	31506632	31506706	31506716	2672	34,21	0,2	5,4	0,0	172	99	1	1.0	1.0,0.858	1.0,1.0	-0.071
2674	"ENSG00000198563.9"	"DDX39B"	chr6	-	31502587	31503262	31502587	31502631	31503143	31503262	2674	805,316	6,1	678,516	2,2	197	99	0.384652746097	1.0	0.985,0.994	0.994,0.992	-0.003
2675	"ENSG00000198563.9"	"DDX39B"	chr6	-	31508098	31509778	31508098	31508441	31509632	31509778	2675	35,44	0,2	21,27	0,0	197	99	1	1.0	1.0,0.917	1.0,1.0	-0.041
2677	"ENSG00000175634.10"	"RPS6KB2"	chr11	+	67201465	67201746	67201465	67201528	67201668	67201746	2677	11,5	69,39	6,4	68,49	197	99	0.235469401439	1.0	0.074,0.061	0.042,0.039	0.027
2679	"ENSG00000175634.10"	"RPS6KB2"	chr11	+	67202052	67202872	67202052	67202165	67202459	67202872	2679	0,13	118,97	4,2	105,72	197	99	0.35091672651	1.0	0.0,0.063	0.019,0.014	0.015
267	"ENSG00000135409.6"	"AMHR2"	chr12	+	53819238	53819703	53819238	53819271	53819602	53819703	267	96,97	0,3	62,42	1,1	197	99	0.596211501291	1.0	1.0,0.942	0.969,0.955	0.009
2681	"ENSG00000118495.14"	"PLAGL1"	chr6	-	144285923	144287367	144285923	144285955	144287294	144287367	2681	14,13	8,6	10,8	3,3	197	99	0.464769272479	1.0	0.468,0.521	0.626,0.573	-0.105
2682	"ENSG00000185838.9"	"GNB1L"	chr22	-	19841965	19842366	19841965	19842062	19842182	19842366	2682	16,46	9,26	27,16	16,10	197	99	0.84737039048	1.0	0.472,0.471	0.459,0.446	0.019
2684	"ENSG00000164620.4"	"RELL2"	chr5	+	141016516	141017976	141016516	141017308	141017736	141017976	2684	13,13	11,11	20,14	12,8	197	99	0.40363754007	1.0	0.373,0.373	0.456,0.468	-0.089
2687	"ENSG00000163002.8"	"NUP35"	chr2	+	184024215	184026408	184024215	184024380	184025781	184026408	2687	1,0	69,164	1,1	56,55	197	99	0.531597688989	1.0	0.007,0.0	0.009,0.009	-0.005
2688	"ENSG00000198000.7"	"NOL8"	chr9	-	95060538	95061236	95060538	95060618	95061125	95061236	2688	30,17	0,1	23,25	0,0	197	99	1	1.0	1.0,0.895	1.0,1.0	-0.052
268	"ENSG00000135409.6"	"AMHR2"	chr12	+	53819238	53819703	53819238	53819271	53819469	53819703	268	12,16	2,2	10,6	1,1	197	99	0.906784338393	1.0	0.751,0.801	0.834,0.751	-0.016
2690	"ENSG00000239382.6"	"ALKBH6"	chr19	-	36503922	36504205	36503922	36503991	36504187	36504205	2690	2,9	0,1	1,1	0,0	197	99	1	1.0	1.0,0.819	1.0,1.0	-0.091
2691	"ENSG00000239382.6"	"ALKBH6"	chr19	-	36503922	36504324	36503922	36503991	36504211	36504324	2691	14,8	2,0	17,14	3,2	197	99	0.610003525534	1.0	0.779,1.0	0.74,0.779	0.13
2694	"ENSG00000130066.12"	"SAT1"	chrX	+	23802869	23803546	23802869	23802934	23803444	23803546	2694	58,190	0,2	108,94	0,0	197	99	0.538991926049	1.0	1.0,0.979	1.0,1.0	-0.01
2696	"ENSG00000011304.12"	"PTBP1"	chr19	+	804291	804702	804291	804438	804531	804702	2696	7,3	94,129	3,1	96,71	191	99	0.455223439425	1.0	0.037,0.012	0.016,0.007	0.013
2698	"ENSG00000011304.12"	"PTBP1"	chr19	+	804291	804702	804291	804438	804540	804702	2698	105,120	4,2	94,69	2,2	197	99	0.957355101986	1.0	0.93,0.968	0.959,0.945	-0.003
2699	"ENSG00000011304.12"	"PTBP1"	chr19	+	808359	808762	808359	808452	808545	808762	2699	4,9	410,505	12,6	425,326	191	99	0.280102440043	1.0	0.005,0.009	0.014,0.009	-0.005
2700	"ENSG00000137070.13"	"IL11RA"	chr9	+	34655214	34655662	34655214	34655314	34655601	34655662	2700	7,7	2,2	5,3	2,1	197	99	0.795557676895	1.0	0.638,0.638	0.557,0.601	0.059
2701	"ENSG00000102317.13"	"RBM3"	chrX	+	48433948	48434471	48433948	48434055	48434309	48434471	2701	87,77	4,1	84,54	2,1	197	99	0.807390931416	1.0	0.916,0.975	0.955,0.964	-0.014
2702	"ENSG00000102317.13"	"RBM3"	chrX	+	48433377	48433671	48433377	48433424	48433555	48433671	2702	39,17	4,2	15,10	1,1	197	99	0.692971514935	1.0	0.831,0.81	0.883,0.834	-0.038
2703	"ENSG00000102317.13"	"RBM3"	chrX	+	48433948	48434807	48433948	48434055	48434701	48434807	2703	62,54	540,204	59,36	352,305	197	99	0.489854906438	1.0	0.055,0.117	0.078,0.056	0.019
2704	"ENSG00000102317.13"	"RBM3"	chrX	+	48433948	48434471	48433948	48434055	48434202	48434471	2704	24,36	3,28	41,26	9,5	197	99	0.339363813073	1.0	0.801,0.393	0.696,0.723	-0.113
2705	"ENSG00000102317.13"	"RBM3"	chrX	+	48433948	48434807	48433948	48434471	48434701	48434807	2705	163,118	24,24	143,96	21,13	197	99	0.496583938811	1.0	0.773,0.712	0.774,0.788	-0.039
2706	"ENSG00000102317.13"	"RBM3"	chrX	+	48433948	48434807	48433948	48434018	48434701	48434807	2706	675,238	1,0	435,376	1,0	197	99	1	1.0	0.997,1.0	0.995,1.0	0.001
2707	"ENSG00000102317.13"	"RBM3"	chrX	+	48434286	48434807	48434286	48434397	48434701	48434807	2707	228,169	1,0	136,123	1,0	197	99	0.641212324639	1.0	0.991,1.0	0.986,1.0	0.003
2710	"ENSG00000152527.9"	"PLEKHH2"	chr2	+	43937627	43939522	43937627	43937714	43939363	43939522	2710	0,2	1,5	2,2	3,2	197	99	0.490194076963	1.0	0.0,0.167	0.251,0.334	-0.209
2712	"ENSG00000023191.12"	"RNH1"	chr11	-	499014	499999	499014	499185	499828	499999	2712	36,23	79,150	37,22	103,66	197	99	0.293498867557	1.0	0.186,0.072	0.153,0.143	-0.019
2713	"ENSG00000005961.13"	"ITGA2B"	chr17	-	42461305	42461506	42461305	42461314	42461452	42461506	2713	3,3	40,8	3,2	32,19	197	99	0.853830723908	1.0	0.036,0.159	0.045,0.05	0.05
2715	"ENSG00000005961.13"	"ITGA2B"	chr17	-	42461678	42461953	42461678	42461722	42461905	42461953	2715	5,0	32,0	1,2	30,19	197	99	1	1.0	0.073,NA	0.016,0.05	0.04
2716	"ENSG00000077235.13"	"GTF3C1"	chr16	-	27474861	27476157	27474861	27474913	27475640	27476157	2716	0,13	2,2	6,4	5,3	197	99	0.728232949312	1.0	0.0,0.766	0.376,0.401	-0.006
2717	"ENSG00000077235.13"	"GTF3C1"	chr16	-	27474861	27476157	27474861	27474913	27475715	27476157	2717	5,23	7,8	13,9	5,4	197	99	0.494177301102	1.0	0.264,0.591	0.566,0.531	-0.121
2718	"ENSG00000136718.5"	"IMP4"	chr2	+	131100469	131100767	131100469	131100535	131100658	131100767	2718	7,15	8,20	3,3	8,7	197	99	0.391020281514	1.0	0.305,0.274	0.159,0.177	0.121
2719	"ENSG00000136718.5"	"IMP4"	chr2	+	131100466	131100767	131100466	131100508	131100658	131100767	2719	7,18	48,65	6,5	43,31	197	99	0.432327486314	1.0	0.068,0.122	0.066,0.075	0.024
2720	"ENSG00000136718.5"	"IMP4"	chr2	+	131103139	131103506	131103139	131103272	131103351	131103506	2720	7,2	117,158	3,2	112,87	177	99	0.893020759518	1.0	0.032,0.007	0.015,0.013	0.006
2721	"ENSG00000136718.5"	"IMP4"	chr2	+	131103351	131103685	131103351	131103506	131103630	131103685	2721	459,500	7,1	398,319	3,2	197	99	0.905538210568	1.0	0.971,0.996	0.985,0.988	-0.003
2723	"ENSG00000136718.5"	"IMP4"	chr2	+	131103630	131103822	131103630	131103685	131103773	131103822	2723	1,2	281,295	5,4	240,194	186	99	0.462571393883	1.0	0.002,0.004	0.011,0.011	-0.008
2724	"ENSG00000136718.5"	"IMP4"	chr2	+	131102948	131103272	131102948	131103058	131103139	131103272	2724	28,37	189,127	25,19	116,99	179	99	0.959335421702	1.0	0.076,0.139	0.107,0.096	0.006
2725	"ENSG00000118762.3"	"PKD2"	chr4	+	88986525	88987031	88986525	88986647	88986913	88987031	2725	1,0	2,0	0,0	1,1	197	99	1	1.0	0.201,NA	0.0,0.0	0.201
2726	"ENSG00000115275.7"	"MOGS"	chr2	-	74692022	74692537	74692022	74692114	74692440	74692537	2726	25,51	6,2	40,25	3,2	197	99	0.785152220165	1.0	0.677,0.928	0.87,0.863	-0.064
2727	"ENSG00000136279.14"	"DBNL"	chr7	+	44098030	44098582	44098030	44098079	44098500	44098582	2727	7,2	29,18	3,2	20,16	197	99	0.745709203681	1.0	0.108,0.053	0.07,0.059	0.016
2729	"ENSG00000132361.12"	"CLUH"	chr17	-	2597193	2597570	2597193	2597333	2597416	2597570	2729	6,2	70,96	4,2	67,45	181	99	0.76266925249	1.0	0.045,0.011	0.032,0.024	-0.0
272	"ENSG00000149483.7"	"TMEM138"	chr11	+	61131723	61131990	61131723	61131787	61131885	61131990	272	104,85	0,1	8,7	0,0	196	99	1	1.0	1.0,0.977	1.0,1.0	-0.012
2732	"ENSG00000004660.10"	"CAMKK1"	chr17	-	3784920	3785858	3784920	3784942	3785821	3785858	2732	2,0	1,3	1,0	1,0	197	99	1	1.0	0.501,0.0	0.334,NA	-0.084
2733	"ENSG00000173465.3"	"SSSCA1"	chr11	+	65337957	65338121	65337957	65337981	65338074	65338121	2733	17,28	80,113	11,10	48,45	191	99	0.940907540487	1.0	0.099,0.114	0.106,0.103	0.002
2735	"ENSG00000168071.17"	"CCDC88B"	chr11	+	64118631	64119088	64118631	64118727	64118947	64119088	2735	2,9	3,0	8,3	2,1	197	99	0.21638867779	1.0	0.251,1.0	0.668,0.601	-0.009
2736	"ENSG00000187145.10"	"MRPS21"	chr1	+	150266339	150266869	150266339	150266372	150266754	150266869	2736	38,156	0,1	92,84	0,0	197	99	0.684772231505	1.0	1.0,0.987	1.0,1.0	-0.006
2737	"ENSG00000001631.10"	"KRIT1"	chr7	-	91864716	91865856	91864716	91864960	91865726	91865856	2737	22,6	52,86	14,10	63,43	197	99	0.726665312222	1.0	0.175,0.034	0.1,0.105	0.002
273	"ENSG00000149483.7"	"TMEM138"	chr11	+	61131723	61131990	61131723	61131787	61131947	61131990	273	140,138	1,0	108,85	1,1	197	99	0.402660426507	1.0	0.986,1.0	0.982,0.977	0.013
2743	"ENSG00000137210.9"	"TMEM14B"	chr6	+	10755374	10755712	10755374	10755465	10755691	10755712	2743	1,14	0,2	4,6	0,0	197	99	1	1.0	1.0,0.779	1.0,1.0	-0.111
2744	"ENSG00000160789.15"	"LMNA"	chr1	+	156107444	156108548	156107444	156107534	156108278	156108548	2744	44,44	28,47	45,29	36,25	197	99	0.965352214256	1.0	0.441,0.32	0.386,0.368	0.004
2747	"ENSG00000160789.15"	"LMNA"	chr1	+	156106711	156107023	156106711	156106819	156106903	156107023	2747	9,7	532,485	9,4	504,354	182	99	1	1.0	0.009,0.008	0.01,0.006	0.001
2752	"ENSG00000185507.15"	"IRF7"	chr11	-	615096	615647	615096	615259	615344	615647	2752	1,4	0,1	4,1	2,2	183	99	0.448279799548	1.0	1.0,0.684	0.52,0.213	0.476
2753	"ENSG00000183323.8"	"CCDC125"	chr5	-	68616063	68616410	68616063	68616172	68616291	68616410	2753	72,51	23,18	45,32	22,14	197	99	0.251920366971	1.0	0.611,0.587	0.507,0.535	0.078
2756	"ENSG00000073350.9"	"LLGL2"	chr17	+	73570533	73570749	73570533	73570576	73570690	73570749	2756	3,0	26,31	2,1	18,11	197	99	0.32432041557	1.0	0.055,0.0	0.053,0.044	-0.021
2758	"ENSG00000073350.9"	"LLGL2"	chr17	+	73570293	73570749	73570293	73570341	73570533	73570749	2758	3,5	19,18	2,1	9,6	197	99	0.879345724106	1.0	0.074,0.122	0.1,0.077	0.01
2759	"ENSG00000048140.13"	"TSPAN17"	chr5	+	176079743	176082021	176079743	176079914	176081895	176082021	2759	29,28	254,182	20,15	199,145	197	99	0.341151739967	1.0	0.054,0.072	0.048,0.049	0.014
2761	"ENSG00000127419.12"	"TMEM175"	chr4	+	941496	941942	941496	941680	941903	941942	2761	29,24	18,6	16,13	12,7	197	99	0.387750178818	1.0	0.447,0.668	0.401,0.483	0.115
2766	"ENSG00000072694.14"	"FCGR2B"	chr1	+	161641181	161643019	161641181	161641439	161642764	161643019	2766	14,0	3,4	3,2	1,0	197	99	0.509343369994	1.0	0.701,0.0	0.601,1.0	-0.45
2767	"ENSG00000072694.14"	"FCGR2B"	chr1	+	161643749	161647155	161643749	161643863	161647117	161647155	2767	6,6	8,4	4,2	3,2	197	99	0.889849448837	1.0	0.274,0.43	0.401,0.334	-0.016
2770	"ENSG00000178761.10"	"FAM219B"	chr15	-	75197004	75198706	75197004	75197572	75198618	75198706	2770	6,4	27,13	7,6	17,11	197	99	0.222282813955	1.0	0.1,0.134	0.171,0.215	-0.076
2772	"ENSG00000178761.10"	"FAM219B"	chr15	-	75192332	75195127	75192332	75194404	75194944	75195127	2772	79,63	5,12	69,48	9,7	197	99	0.753707243315	1.0	0.888,0.725	0.794,0.775	0.022
2773	"ENSG00000178761.10"	"FAM219B"	chr15	-	75197004	75197572	75197004	75197053	75197494	75197572	2773	26,12	6,10	17,13	9,6	197	99	0.820546298398	1.0	0.685,0.376	0.487,0.521	0.026
2774	"ENSG00000178761.10"	"FAM219B"	chr15	-	75194341	75195127	75194341	75194470	75194944	75195127	2774	75,61	0,1	27,31	0,0	197	99	1	1.0	1.0,0.968	1.0,1.0	-0.016
2776	"ENSG00000168060.10"	"NAALADL1"	chr11	-	64813660	64813998	64813660	64813834	64813916	64813998	2776	1,4	0,0	1,0	1,0	180	99	1	1.0	1.0,1.0	0.355,NA	0.645
2778	"ENSG00000137824.11"	"RMDN3"	chr15	-	41046794	41046988	41046794	41046828	41046926	41046988	2778	50,73	2,1	33,26	0,0	196	99	0.346999604043	1.0	0.927,0.974	1.0,1.0	-0.049
2782	"ENSG00000141577.9"	"AZI1"	chr17	-	79163396	79163775	79163396	79163643	79163714	79163775	2782	2,7	33,28	2,1	30,17	169	99	0.425758893441	1.0	0.034,0.128	0.038,0.033	0.045
2783	"ENSG00000124222.17"	"STX16"	chr20	+	57226338	57227194	57226338	57226490	57227128	57227194	2783	126,141	3,3	142,100	1,1	197	99	0.37976498288	1.0	0.955,0.959	0.986,0.98	-0.026
2785	"ENSG00000124222.17"	"STX16"	chr20	+	57226921	57227143	57226921	57226998	57227128	57227143	2785	17,199	0,1	57,59	0,0	197	99	0.865856638449	1.0	1.0,0.99	1.0,1.0	-0.005
278	"ENSG00000154134.10"	"ROBO3"	chr11	+	124747414	124748027	124747414	124747554	124747832	124748027	278	0,1	0,3	1,1	0,0	197	99	1	1.0	NA,0.143	1.0,1.0	-0.857
2790	"ENSG00000141294.5"	"LRRC46"	chr17	+	45911790	45912765	45911790	45911899	45912718	45912765	2790	0,4	3,3	1,1	2,2	197	99	0.717481229476	1.0	0.0,0.401	0.201,0.201	-0.001
2792	"ENSG00000181085.10"	"MAPK15"	chr8	+	144802399	144803010	144802399	144802457	144802907	144803010	2792	22,17	0,2	9,10	0,0	197	99	1	1.0	1.0,0.81	1.0,1.0	-0.095
2793	"ENSG00000181085.10"	"MAPK15"	chr8	+	144802399	144803010	144802399	144802457	144802872	144803010	2793	39,39	1,3	19,12	0,0	197	99	1	1.0	0.951,0.867	1.0,1.0	-0.091
2795	"ENSG00000112655.11"	"PTK7"	chr6	+	43109909	43111358	43109909	43110037	43111154	43111358	2795	0,2	7,1	1,1	3,2	197	99	0.615733301873	1.0	0.0,0.501	0.143,0.201	0.079
2797	"ENSG00000244045.6"	"TMEM199"	chr17	+	26687551	26687870	26687551	26687594	26687757	26687870	2797	1,1	16,12	1,1	5,5	197	99	0.214955795568	1.0	0.03,0.04	0.091,0.091	-0.056
2799	"ENSG00000076706.10"	"MCAM"	chr11	-	119181465	119182131	119181465	119181895	119182052	119182131	2799	215,119	1,5	169,128	6,5	197	99	0.2047898047	1.0	0.991,0.923	0.934,0.928	0.026
2800	"ENSG00000076706.10"	"MCAM"	chr11	-	119183479	119185286	119183479	119183659	119185198	119185286	2800	4,7	68,34	3,3	45,37	197	99	0.588262037678	1.0	0.029,0.094	0.032,0.039	0.026
2803	"ENSG00000076706.10"	"MCAM"	chr11	-	119181465	119181895	119181465	119181613	119181799	119181895	2803	15,10	29,21	16,11	26,21	197	99	0.707135999471	1.0	0.206,0.193	0.236,0.208	-0.022
2804	"ENSG00000076706.10"	"MCAM"	chr11	-	119181465	119182131	119181465	119181895	119181989	119182131	2804	20,7	189,122	14,10	156,122	192	99	0.919365923727	1.0	0.052,0.029	0.044,0.041	-0.002
280	"ENSG00000154134.10"	"ROBO3"	chr11	+	124748479	124749237	124748479	124748692	124749085	124749237	280	2,2	4,1	1,1	2,1	197	99	0.76340143151	1.0	0.201,0.501	0.201,0.334	0.083
2810	"ENSG00000198925.6"	"ATG9A"	chr2	-	220092491	220092775	220092491	220092535	220092643	220092775	2810	0,2	18,32	1,1	19,13	197	99	0.550870790952	1.0	0.0,0.03	0.026,0.037	-0.017
2811	"ENSG00000198925.6"	"ATG9A"	chr2	-	220081085	220081554	220081085	220081187	220081373	220081554	2811	18,7	65,15	13,9	34,23	197	99	0.592761533118	1.0	0.122,0.19	0.161,0.164	-0.007
2813	"ENSG00000149930.13"	"TAOK2"	chr16	+	29997585	29999719	29997585	29997825	29999679	29999719	2813	25,47	2,2	35,22	3,2	197	99	0.535207922385	1.0	0.863,0.922	0.854,0.847	0.042
2814	"ENSG00000148187.13"	"MRRF"	chr9	+	125047447	125048225	125047447	125047566	125048058	125048225	2814	25,6	25,7	20,15	17,10	197	99	0.459443578781	1.0	0.334,0.301	0.372,0.43	-0.084
2819	"ENSG00000105223.14"	"PLD3"	chr19	+	40872304	40872551	40872304	40872417	40872516	40872551	2819	2,0	103,70	0,0	48,51	197	99	1	1.0	0.01,0.0	0.0,0.0	0.005
2820	"ENSG00000072778.15"	"ACADVL"	chr17	+	7127617	7127835	7127617	7127712	7127798	7127835	2820	4,3	231,157	1,1	128,116	184	99	0.75790831022	1.0	0.009,0.01	0.004,0.005	0.005
2821	"ENSG00000072778.15"	"ACADVL"	chr17	+	7124084	7124377	7124084	7124149	7124242	7124377	2821	29,20	202,119	24,16	131,102	191	99	0.631129826361	1.0	0.069,0.08	0.087,0.075	-0.006
2822	"ENSG00000072778.15"	"ACADVL"	chr17	+	7127639	7127871	7127639	7127712	7127802	7127871	2822	415,379	17,20	302,255	15,12	188	99	0.856463154795	1.0	0.928,0.909	0.914,0.918	0.003
2823	"ENSG00000072778.15"	"ACADVL"	chr17	+	7127131	7127388	7127131	7127177	7127286	7127388	2823	1121,667	0,5	940,679	3,2	197	99	0.907888554989	1.0	1.0,0.985	0.994,0.994	-0.002
2825	"ENSG00000072778.15"	"ACADVL"	chr17	+	7123440	7123995	7123440	7123516	7123922	7123995	2825	29,43	3,16	43,28	5,3	197	99	0.218758167685	1.0	0.829,0.575	0.812,0.824	-0.116
2826	"ENSG00000072778.15"	"ACADVL"	chr17	+	7127535	7127712	7127535	7127542	7127639	7127712	2826	14,43	0,0	24,16	1,0	195	99	1	1.0	1.0,1.0	0.924,1.0	0.038
2827	"ENSG00000072778.15"	"ACADVL"	chr17	+	7127131	7127388	7127131	7127194	7127286	7127388	2827	76,80	952,568	84,62	830,597	190	99	0.896612234609	1.0	0.04,0.068	0.05,0.051	0.004
2828	"ENSG00000072778.15"	"ACADVL"	chr17	+	7125985	7126556	7125985	7126184	7126451	7126556	2828	487,283	283,233	359,250	242,192	197	99	0.770231810508	1.0	0.464,0.379	0.427,0.396	0.01
2829	"ENSG00000072778.15"	"ACADVL"	chr17	+	7123782	7123995	7123782	7123848	7123922	7123995	2829	43,64	263,145	70,46	191,144	172	99	0.257919937148	1.0	0.086,0.203	0.174,0.155	-0.02
2830	"ENSG00000115053.11"	"NCL"	chr2	-	232322976	232323836	232322976	232323100	232323711	232323836	2830	36,38	2353,2488	32,19	1423,1386	197	99	0.870839964054	1.0	0.008,0.008	0.011,0.007	-0.001
2831	"ENSG00000115053.11"	"NCL"	chr2	-	232322976	232323836	232322976	232323055	232323711	232323836	2831	3058,2997	0,5	1597,1700	1,1	197	99	1	1.0	1.0,0.997	0.999,0.999	-0.001
2832	"ENSG00000143499.9"	"SMYD2"	chr1	+	214504292	214507651	214504292	214504465	214507542	214507651	2832	16,38	9,2	13,10	1,1	197	99	0.94022633653	1.0	0.472,0.905	0.867,0.834	-0.162
2833	"ENSG00000143499.9"	"SMYD2"	chr1	+	214505360	214507651	214505360	214505535	214507542	214507651	2833	16,28	90,10	15,10	50,38	197	99	0.212702319979	1.0	0.082,0.585	0.131,0.117	0.209
2835	"ENSG00000165188.9"	"RNF183"	chr9	-	116063951	116064593	116063951	116064031	116064474	116064593	2835	2,2	3,0	0,1	0,0	197	99	1	1.0	0.251,1.0	NA,1.0	-0.375
2836	"ENSG00000118894.10"	"FAM86A"	chr16	-	5140084	5140566	5140084	5140350	5140432	5140566	2836	0,2	2,17	2,1	7,5	180	99	0.407503635444	1.0	0.0,0.061	0.136,0.099	-0.087
2838	"ENSG00000269893.2"	"SNHG8"	chr4	+	119199863	119200292	119199863	119199964	119200098	119200292	2838	129,139	2,0	148,156	0,0	197	99	0.297223912904	1.0	0.97,1.0	1.0,1.0	-0.015
2840	"ENSG00000100201.14"	"DDX17"	chr22	-	38884021	38884252	38884021	38884120	38884250	38884252	2840	490,251	2,2	314,264	1,1	197	99	0.821604471654	1.0	0.992,0.984	0.994,0.993	-0.006
2842	"ENSG00000136816.11"	"TOR1B"	chr9	+	132566351	132566759	132566351	132566617	132566721	132566759	2842	6,25	1,0	11,12	0,0	197	99	1	1.0	0.751,1.0	1.0,1.0	-0.125
2844	"ENSG00000143549.15"	"TPM3"	chr1	-	154143124	154145454	154143124	154143187	154145383	154145454	2844	9,0	2,0	26,13	1,1	197	99	1	1.0	0.693,NA	0.929,0.867	-0.205
2846	"ENSG00000165458.9"	"INPPL1"	chr11	+	71944553	71944788	71944553	71944554	71944698	71944788	2846	86,99	0,1	39,27	0,0	197	99	0.751749349567	1.0	1.0,0.98	1.0,1.0	-0.01
2849	"ENSG00000172500.8"	"FIBP"	chr11	-	65652405	65652607	65652405	65652469	65652587	65652607	2849	15,18	1,0	7,6	0,0	197	99	1	1.0	0.883,1.0	1.0,1.0	-0.058
284	"ENSG00000185187.8"	"SIGIRR"	chr11	-	406348	407164	406348	406513	407061	407164	284	50,130	0,2	83,59	1,0	197	99	0.908373663005	1.0	1.0,0.97	0.977,1.0	-0.003
2850	"ENSG00000172500.8"	"FIBP"	chr11	-	65652040	65652469	65652040	65652127	65652405	65652469	2850	15,4	114,103	9,5	71,51	197	99	0.403616401137	1.0	0.062,0.019	0.06,0.047	-0.013
2852	"ENSG00000204713.6"	"TRIM27"	chr6	-	28870778	28876617	28870778	28872442	28876584	28876617	2852	24,35	1,1	38,27	3,2	197	99	0.517866973956	1.0	0.923,0.946	0.864,0.872	0.067
2853	"ENSG00000204713.6"	"TRIM27"	chr6	-	28870778	28872442	28870778	28872050	28872330	28872442	2853	566,401	9,4	380,281	4,2	197	99	0.617617586957	1.0	0.969,0.981	0.979,0.986	-0.007
2855	"ENSG00000130299.12"	"GTPBP3"	chr19	+	17448816	17449260	17448816	17449064	17449173	17449260	2855	8,2	19,24	7,5	19,11	197	99	0.308073073706	1.0	0.175,0.04	0.156,0.186	-0.063
2856	"ENSG00000130299.12"	"GTPBP3"	chr19	+	17449762	17450075	17449762	17449835	17449887	17450075	2856	14,7	0,0	19,13	1,1	150	99	1	1.0	1.0,1.0	0.926,0.896	0.089
2857	"ENSG00000112851.10"	"ERBB2IP"	chr5	+	65370831	65371058	65370831	65370896	65370929	65371058	2857	0,7	0,1	6,5	1,1	131	99	1	1.0	NA,0.841	0.819,0.791	0.036
2858	"ENSG00000132589.11"	"FLOT2"	chr17	-	27209757	27210249	27209757	27209868	27210125	27210249	2858	28,20	1,0	11,12	0,0	197	99	1	1.0	0.934,1.0	1.0,1.0	-0.033
285	"ENSG00000244687.7"	"UBE2V1"	chr20	-	48732021	48732496	48732021	48732158	48732396	48732496	285	44,19	0,3	14,14	1,0	197	99	0.800464188873	1.0	1.0,0.761	0.876,1.0	-0.057
2863	"ENSG00000120889.8"	"TNFRSF10B"	chr8	-	22885777	22886115	22885777	22885984	22886041	22886115	2863	75,40	0,1	20,23	0,0	155	99	1	1.0	1.0,0.962	1.0,1.0	-0.019
286	"ENSG00000244687.7"	"UBE2V1"	chr20	-	48732021	48732491	48732021	48732158	48732366	48732491	286	25,13	5,1	13,11	1,1	197	99	0.784166173989	1.0	0.715,0.867	0.867,0.847	-0.066
2870	"ENSG00000022556.11"	"NLRP2"	chr19	+	55501389	55501761	55501389	55501464	55501582	55501761	2870	25,24	1,0	11,12	0,0	197	99	1	1.0	0.926,1.0	1.0,1.0	-0.037
2871	"ENSG00000022556.11"	"NLRP2"	chr19	+	55481366	55481663	55481366	55481521	55481590	55481663	2871	50,89	0,2	62,47	1,1	167	99	0.760925661972	1.0	1.0,0.963	0.974,0.965	0.012
2873	"ENSG00000164828.13"	"SUN1"	chr7	+	892245	892589	892245	892304	892449	892589	2873	106,87	25,37	86,61	27,16	197	99	0.760616502642	1.0	0.681,0.542	0.615,0.657	-0.024
2874	"ENSG00000188554.9"	"NBR1"	chr17	+	41322510	41322960	41322510	41322548	41322871	41322960	2874	29,11	3,0	34,33	1,1	197	99	0.416550064017	1.0	0.829,1.0	0.945,0.943	-0.029
2875	"ENSG00000188554.9"	"NBR1"	chr17	+	41322510	41322960	41322510	41322548	41322866	41322960	2875	0,15	0,2	13,17	0,0	197	99	1	1.0	NA,0.79	1.0,1.0	-0.21
2876	"ENSG00000139641.8"	"ESYT1"	chr12	+	56524823	56525100	56524823	56524897	56525027	56525100	2876	7,0	319,269	6,4	208,182	197	99	0.245958376728	1.0	0.011,0.0	0.014,0.011	-0.007
2879	"ENSG00000186866.12"	"POFUT2"	chr21	-	46683842	46687628	46683842	46685550	46687504	46687628	2879	36,23	24,66	39,25	54,30	197	99	0.864802989951	1.0	0.43,0.149	0.266,0.295	0.009
287	"ENSG00000244687.7"	"UBE2V1"	chr20	-	48732021	48732496	48732021	48732158	48732400	48732496	287	29,14	2,0	9,10	0,0	197	99	1	1.0	0.879,1.0	1.0,1.0	-0.06
2880	"ENSG00000163346.12"	"PBXIP1"	chr1	-	154923946	154924397	154923946	154924011	154924270	154924397	2880	2,0	14,36	2,1	25,18	197	99	0.599926813228	1.0	0.067,0.0	0.039,0.027	0.001
2882	"ENSG00000026950.12"	"BTN3A1"	chr6	+	26410121	26410260	26410121	26410142	26410233	26410260	2882	0,6	5,5	1,1	3,2	189	99	0.627699748313	1.0	0.0,0.386	0.149,0.208	0.015
2886	"ENSG00000131748.11"	"STARD3"	chr17	+	37814225	37814775	37814225	37814279	37814665	37814775	2886	79,99	1,0	68,50	1,1	197	99	0.384433466215	1.0	0.975,1.0	0.972,0.962	0.021
2887	"ENSG00000131748.11"	"STARD3"	chr17	+	37818503	37819737	37818503	37818597	37819056	37819737	2887	4,3	114,84	5,3	75,48	197	99	0.232458017781	1.0	0.017,0.018	0.032,0.03	-0.013
2889	"ENSG00000221978.7"	"CCNL2"	chr1	-	1326145	1328183	1326145	1326245	1328058	1328183	2889	380,100	3,4	387,259	7,6	197	99	0.632582941755	1.0	0.985,0.926	0.965,0.956	-0.005
288	"ENSG00000244687.7"	"UBE2V1"	chr20	-	48713019	48713357	48713019	48713071	48713208	48713357	288	10,54	1,15	23,17	2,2	197	99	0.281433780704	1.0	0.834,0.644	0.852,0.81	-0.092
2890	"ENSG00000221978.7"	"CCNL2"	chr1	-	1326145	1326955	1326145	1326245	1326676	1326955	2890	669,179	4,6	695,457	6,4	197	99	0.451790363967	1.0	0.988,0.937	0.983,0.983	-0.02
2891	"ENSG00000221978.7"	"CCNL2"	chr1	-	1326145	1328183	1326145	1326245	1328169	1328183	2891	434,95	4,10	388,261	8,5	197	99	0.302711023476	1.0	0.982,0.827	0.961,0.963	-0.057
2892	"ENSG00000221978.7"	"CCNL2"	chr1	-	1326145	1328183	1326145	1326245	1327975	1328183	2892	116,115	2,0	147,170	0,0	197	99	0.21136978123	1.0	0.967,1.0	1.0,1.0	-0.016
2893	"ENSG00000221978.7"	"CCNL2"	chr1	-	1326145	1328183	1326145	1326955	1328169	1328183	2893	311,6	0,0	274,204	1,1	197	99	0.684080755727	1.0	1.0,1.0	0.993,0.99	0.008
2895	"ENSG00000135424.11"	"ITGA7"	chr12	-	56088561	56089421	56088561	56088754	56089305	56089421	2895	0,0	1,0	1,0	1,1	197	99	1	1.0	0.0,NA	0.334,0.0	-0.167
289	"ENSG00000244687.7"	"UBE2V1"	chr20	-	48732021	48732491	48732021	48732158	48732235	48732491	289	14,8	3,0	7,6	1,1	175	99	0.804877478739	1.0	0.725,1.0	0.798,0.772	0.078
28	"ENSG00000061273.13"	"HDAC7"	chr12	-	48185653	48186452	48185653	48185787	48186320	48186452	28	25,20	1,3	22,17	2,2	197	99	0.873860391258	1.0	0.926,0.77	0.847,0.81	0.02
2903	"ENSG00000156599.6"	"ZDHHC5"	chr11	+	57457502	57457909	57457502	57457675	57457806	57457909	2903	4,8	53,76	7,5	50,38	197	99	0.362367067295	1.0	0.037,0.05	0.066,0.062	-0.021
2906	"ENSG00000126746.13"	"ZNF384"	chr12	-	6787975	6788349	6787975	6787985	6788111	6788349	2906	1,4	0,2	2,3	0,0	197	99	1	1.0	1.0,0.501	1.0,1.0	-0.25
2907	"ENSG00000130731.11"	"C16orf13"	chr16	-	684718	684935	684718	684797	684888	684935	2907	0,6	237,151	4,4	122,158	189	99	0.308841545798	1.0	0.0,0.02	0.017,0.013	-0.005
290	"ENSG00000187325.4"	"TAF9B"	chrX	-	77393245	77393595	77393245	77393380	77393458	77393595	290	1,1	59,59	0,1	35,38	176	99	0.830915562907	1.0	0.009,0.009	0.0,0.015	0.001
2910	"ENSG00000170144.14"	"HNRNPA3"	chr2	+	178081454	178081668	178081454	178081475	178081635	178081668	2910	179,173	22,18	120,151	14,14	197	99	0.779092908727	1.0	0.803,0.828	0.812,0.844	-0.013
2911	"ENSG00000170144.14"	"HNRNPA3"	chr2	+	178081230	178081478	178081230	178081320	178081403	178081478	2911	70,89	1563,1460	16,16	306,272	181	99	0.682499254384	1.0	0.024,0.032	0.028,0.031	-0.001
2912	"ENSG00000170144.14"	"HNRNPA3"	chr2	+	178081454	178081668	178081454	178081499	178081587	178081668	2912	9,18	322,265	8,8	165,221	186	99	0.87729366228	1.0	0.015,0.035	0.025,0.019	0.003
2915	"ENSG00000188895.7"	"MSL1"	chr17	+	38289294	38289911	38289294	38289362	38289786	38289911	2915	3,5	78,49	2,1	57,49	197	99	0.402258476068	1.0	0.019,0.049	0.017,0.01	0.021
2919	"ENSG00000008988.5"	"RPS20"	chr8	-	56986253	56986718	56986253	56986327	56986618	56986718	2919	29,18	4637,2233	45,32	4211,3442	197	99	1	1.0	0.003,0.004	0.005,0.005	-0.002
291	"ENSG00000136003.11"	"ISCU"	chr12	+	108957835	108958168	108957835	108957931	108958054	108958168	291	44,60	18,69	43,29	29,18	197	99	0.762113794561	1.0	0.551,0.304	0.427,0.447	-0.01
2920	"ENSG00000008988.5"	"RPS20"	chr8	-	56986618	56987065	56986618	56986718	56986939	56987065	2920	3,9	6476,3606	15,8	6375,5326	197	99	1	1.0	0.0,0.001	0.001,0.001	-0.001
2923	"ENSG00000154889.12"	"MPPE1"	chr18	-	11886497	11886777	11886497	11886620	11886711	11886777	2923	10,1	3,1	7,4	4,2	189	99	0.70097951274	1.0	0.636,0.344	0.478,0.512	-0.005
2925	"ENSG00000172375.8"	"C2CD2L"	chr11	+	118982230	118983102	118982230	118982339	118983037	118983102	2925	21,13	31,14	17,10	20,16	197	99	0.865253661218	1.0	0.254,0.318	0.299,0.239	0.017
2929	"ENSG00000008300.10"	"CELSR3"	chr3	-	48677106	48678957	48677106	48677992	48678756	48678957	2929	0,1	1,5	0,0	2,2	197	99	1	1.0	0.0,0.091	0.0,0.0	0.045
2930	"ENSG00000008300.10"	"CELSR3"	chr3	-	48679283	48679900	48679283	48679442	48679790	48679900	2930	6,2	4,0	2,1	3,2	197	99	0.371940613933	1.0	0.43,1.0	0.251,0.201	0.489
2931	"ENSG00000105696.4"	"TMEM59L"	chr19	+	18728964	18729302	18728964	18729082	18729184	18729302	2931	0,1	0,1	0,0	1,0	197	99	1	1.0	NA,0.334	0.0,NA	0.334
2933	"ENSG00000198721.8"	"ECI2"	chr6	-	4117541	4119509	4117541	4117685	4119419	4119509	2933	5,3	132,258	8,5	212,164	197	99	0.31755926502	1.0	0.019,0.006	0.019,0.015	-0.005
2936	"ENSG00000180376.12"	"CCDC66"	chr3	+	56597711	56598153	56597711	56597853	56597997	56598153	2936	34,38	0,1	25,28	0,0	197	99	1	1.0	1.0,0.95	1.0,1.0	-0.025
2940	"ENSG00000188786.9"	"MTF1"	chr1	-	38323020	38323381	38323020	38323171	38323247	38323381	2940	3,37	0,4	5,6	0,0	174	99	1	1.0	1.0,0.84	1.0,1.0	-0.08
2941	"ENSG00000142327.7"	"RNPEPL1"	chr2	+	241514446	241515027	241514446	241514559	241514918	241515027	2941	3,1	27,44	3,2	27,16	197	99	0.280251861801	1.0	0.053,0.011	0.053,0.059	-0.024
2942	"ENSG00000140326.8"	"CDAN1"	chr15	-	43027297	43027525	43027297	43027376	43027458	43027525	2942	0,6	27,33	0,1	8,9	180	99	0.45755219565	1.0	0.0,0.091	0.0,0.058	0.016
2944	"ENSG00000140365.11"	"COMMD4"	chr15	+	75631325	75631648	75631325	75631445	75631548	75631648	2944	11,23	0,0	13,14	1,0	197	99	1	1.0	1.0,1.0	0.867,1.0	0.067
2945	"ENSG00000140365.11"	"COMMD4"	chr15	+	75630402	75630761	75630402	75630474	75630695	75630761	2945	18,7	132,22	10,6	63,60	197	99	0.548519255018	1.0	0.064,0.138	0.074,0.048	0.04
2946	"ENSG00000108788.7"	"MLX"	chr17	+	40720487	40720961	40720487	40720577	40720735	40720961	2946	8,3	2,0	7,7	0,0	197	99	1	1.0	0.668,1.0	1.0,1.0	-0.166
2947	"ENSG00000108788.7"	"MLX"	chr17	+	40721221	40721624	40721221	40721321	40721524	40721624	2947	36,23	144,197	27,18	141,110	197	99	0.879557035288	1.0	0.112,0.055	0.088,0.076	0.002
2949	"ENSG00000108788.7"	"MLX"	chr17	+	40721524	40722201	40721524	40721624	40722114	40722201	2949	126,105	1,1	78,76	0,0	197	99	0.916039274043	1.0	0.984,0.981	1.0,1.0	-0.018
2950	"ENSG00000108788.7"	"MLX"	chr17	+	40720487	40720961	40720487	40720577	40720880	40720961	2950	43,318	0,2	60,95	0,0	197	99	0.754752506461	1.0	1.0,0.988	1.0,1.0	-0.006
2951	"ENSG00000108788.7"	"MLX"	chr17	+	40720487	40720961	40720487	40720577	40720854	40720961	2951	29,11	170,239	18,13	145,116	197	99	0.455471596443	1.0	0.079,0.023	0.059,0.053	-0.005
2952	"ENSG00000108788.7"	"MLX"	chr17	+	40719089	40719346	40719089	40719184	40719283	40719346	2952	6,13	2,0	1,0	0,0	197	99	1	1.0	0.601,1.0	1.0,NA	-0.2
2955	"ENSG00000032742.13"	"IFT88"	chr13	+	21141808	21142136	21141808	21141924	21142023	21142136	2955	1,0	0,2	2,1	1,1	197	99	0.447915809462	1.0	1.0,0.0	0.501,0.334	0.083
2956	"ENSG00000205581.6"	"HMGN1"	chr21	-	40717071	40720265	40717071	40717200	40720217	40720265	2956	122,203	2991,1954	198,123	2411,1841	197	99	0.400248946358	1.0	0.02,0.05	0.04,0.032	-0.001
2957	"ENSG00000205581.6"	"HMGN1"	chr21	-	40717755	40719218	40717755	40717884	40719172	40719218	2957	168,239	6,11	150,108	3,2	197	99	0.235818013657	1.0	0.934,0.916	0.962,0.964	-0.038
2958	"ENSG00000205581.6"	"HMGN1"	chr21	-	40720347	40720503	40720347	40720377	40720470	40720503	2958	3,13	634,521	13,5	543,404	191	99	0.896241023524	1.0	0.002,0.013	0.012,0.006	-0.002
295	"ENSG00000197102.6"	"DYNC1H1"	chr14	+	102515776	102516219	102515776	102515919	102516050	102516219	295	5,2	97,99	7,4	119,71	197	99	0.394563151353	1.0	0.025,0.01	0.029,0.028	-0.011
2962	"ENSG00000159069.9"	"FBXW5"	chr9	-	139836497	139837147	139836497	139836918	139836998	139837147	2962	14,8	83,44	7,4	47,35	178	99	0.679229314417	1.0	0.086,0.092	0.076,0.06	0.021
2963	"ENSG00000159069.9"	"FBXW5"	chr9	-	139836998	139837395	139836998	139837147	139837220	139837395	2963	41,69	72,46	42,22	52,37	171	99	0.45664646951	1.0	0.248,0.465	0.319,0.256	0.069
2966	"ENSG00000164111.10"	"ANXA5"	chr4	-	122617735	122618130	122617735	122617779	122618017	122618130	2966	0,1	5,103	0,0	20,20	197	99	0.771856991346	1.0	0.0,0.005	0.0,0.0	0.003
2969	"ENSG00000070756.9"	"PABPC1"	chr8	-	101730000	101730508	101730000	101730116	101730458	101730508	2969	1877,1361	31,30	2164,1682	35,23	197	99	0.280608003776	1.0	0.968,0.958	0.969,0.974	-0.009
296	"ENSG00000162852.9"	"CNST"	chr1	+	246797225	246797889	246797225	246797312	246797774	246797889	296	0,0	124,48	1,1	57,48	197	99	0.440003783757	1.0	0.0,0.0	0.009,0.01	-0.009
2973	"ENSG00000100425.14"	"BRD1"	chr22	-	50181037	50181535	50181037	50181142	50181224	50181535	2973	7,28	0,2	15,9	1,1	180	99	0.614905335781	1.0	1.0,0.885	0.892,0.832	0.081
2975	"ENSG00000182796.8"	"TMEM198B"	chr12	+	56228634	56230030	56228634	56229399	56229909	56230030	2975	66,16	1,4	26,18	1,1	197	99	0.551804209244	1.0	0.971,0.668	0.929,0.9	-0.095
297	"ENSG00000143761.9"	"ARF1"	chr1	+	228284778	228285153	228284778	228284963	228285042	228285153	297	3,0	872,1597	12,5	1011,735	177	99	1	1.0	0.002,0.0	0.007,0.004	-0.004
2982	"ENSG00000171720.5"	"HDAC3"	chr5	-	141007680	141008206	141007680	141007779	141008125	141008206	2982	6,9	4,4	16,11	10,6	197	99	0.850905022263	1.0	0.43,0.531	0.446,0.48	0.018
2984	"ENSG00000171720.5"	"HDAC3"	chr5	-	141009426	141009692	141009426	141009483	141009610	141009692	2984	14,18	110,71	20,14	98,71	197	99	0.674135447823	1.0	0.06,0.113	0.093,0.09	-0.005
2986	"ENSG00000133112.12"	"TPT1"	chr13	-	45914846	45915293	45914846	45914955	45915176	45915293	2986	5,0	1,0	7,3	1,0	197	99	1	1.0	0.715,NA	0.779,1.0	-0.174
2987	"ENSG00000140043.7"	"PTGR2"	chr14	+	74343700	74346879	74343700	74343871	74346757	74346879	2987	3,7	2,8	4,3	3,3	197	99	0.923645513163	1.0	0.43,0.305	0.401,0.334	-0.0
298	"ENSG00000148288.7"	"GBGT1"	chr9	-	136028339	136030699	136028339	136029629	136030564	136030699	298	48,61	12,1	66,40	7,3	197	99	0.880614365251	1.0	0.668,0.968	0.826,0.87	-0.03
2993	"ENSG00000099957.12"	"P2RX6"	chr22	+	21380299	21380618	21380299	21380365	21380540	21380618	2993	7,3	7,1	2,1	2,1	197	99	0.69902915565	1.0	0.334,0.601	0.334,0.334	0.134
2997	"ENSG00000117395.6"	"EBNA1BP2"	chr1	-	43637111	43637640	43637111	43637310	43637556	43637640	2997	255,229	0,1	130,146	0,0	197	99	1	1.0	1.0,0.991	1.0,1.0	-0.004
299	"ENSG00000148288.7"	"GBGT1"	chr9	-	136028339	136030699	136028339	136029648	136030564	136030699	299	14,10	34,71	14,10	53,29	197	99	0.537483300722	1.0	0.171,0.066	0.117,0.148	-0.014
29	"ENSG00000061273.13"	"HDAC7"	chr12	-	48192567	48192923	48192567	48192755	48192848	48192923	29	0,0	1,0	0,1	0,0	191	99	1	1.0	0.0,NA	NA,1.0	-1.0
3000	"ENSG00000106034.13"	"CPED1"	chr7	+	120629228	120629924	120629228	120629329	120629444	120629924	3000	137,114	9,12	81,100	5,7	197	99	0.630925103053	1.0	0.884,0.827	0.891,0.878	-0.029
3001	"ENSG00000160200.13"	"CBS"	chr21	-	44473300	44474093	44473300	44473757	44473993	44474093	3001	1298,591	6,2	781,723	7,5	197	99	0.187964321423	1.0	0.991,0.993	0.982,0.986	0.008
3002	"ENSG00000160200.13"	"CBS"	chr21	-	44473300	44474093	44473300	44473757	44473971	44474093	3002	1240,513	100,70	725,672	75,61	197	99	0.803561905041	1.0	0.862,0.786	0.829,0.847	-0.014
3003	"ENSG00000160200.13"	"CBS"	chr21	-	44473300	44474093	44473300	44473757	44473900	44474093	3003	958,418	14,10	538,502	9,8	197	99	0.91777707962	1.0	0.972,0.955	0.968,0.969	-0.005
3004	"ENSG00000144744.12"	"UBA3"	chr3	-	69105150	69105392	69105150	69105214	69105333	69105392	3004	7,7	93,111	4,6	59,71	197	99	0.715436765066	1.0	0.036,0.031	0.033,0.041	-0.004
3006	"ENSG00000186364.7"	"NUDT17"	chr1	-	145588377	145588635	145588377	145588470	145588609	145588635	3006	21,22	2,4	22,13	3,2	197	99	0.846554122107	1.0	0.841,0.734	0.787,0.766	0.011
3008	"ENSG00000197958.8"	"RPL12"	chr9	-	130211753	130211979	130211753	130211800	130211888	130211979	3008	2,24	1,5	5,5	3,3	186	99	0.230621443143	1.0	0.516,0.719	0.47,0.47	0.147
3009	"ENSG00000105341.14"	"ATP5SL"	chr19	-	41937223	41939339	41937223	41938313	41939176	41939339	3009	12,46	23,26	19,12	30,18	197	99	0.29265343992	1.0	0.208,0.471	0.241,0.251	0.093
300	"ENSG00000148288.7"	"GBGT1"	chr9	-	136031287	136031452	136031287	136031323	136031401	136031452	300	6,0	11,9	2,2	7,5	176	99	0.797373448834	1.0	0.235,0.0	0.138,0.184	-0.044
3010	"ENSG00000156273.11"	"BACH1"	chr21	+	30699449	30699714	30699449	30699490	30699601	30699714	3010	102,116	1,0	6,5	0,0	197	99	1	1.0	0.981,1.0	1.0,1.0	-0.01
3018	"ENSG00000174652.13"	"ZNF266"	chr19	-	9529437	9529975	9529437	9529571	9529892	9529975	3018	32,3	1,0	28,19	4,3	197	99	1	1.0	0.941,1.0	0.779,0.761	0.2
3019	"ENSG00000174652.13"	"ZNF266"	chr19	-	9529437	9529975	9529437	9529571	9529726	9529975	3019	31,3	9,0	22,15	4,3	197	99	0.669760423085	1.0	0.634,1.0	0.734,0.715	0.093
301	"ENSG00000108591.5"	"DRG2"	chr17	+	18002330	18003749	18002330	18002391	18003676	18003749	301	3,25	2,0	7,9	0,0	197	99	1	1.0	0.43,1.0	1.0,1.0	-0.285
3021	"ENSG00000080823.17"	"MOK"	chr14	-	102698871	102700126	102698871	102699045	102700024	102700126	3021	15,3	6,22	3,2	12,7	197	99	0.446838696271	1.0	0.557,0.064	0.112,0.126	0.192
3023	"ENSG00000261067.2"	"RP11-264B17.3"	chr16	+	28992790	28993866	28992790	28992936	28993676	28993866	3023	1,21	3,30	6,4	7,5	197	99	0.576865218891	1.0	0.143,0.26	0.301,0.287	-0.092
3024	"ENSG00000110911.10"	"SLC11A2"	chr12	-	51374791	51375586	51374791	51374813	51375421	51375586	3024	17,3	0,1	7,7	0,0	197	99	1	1.0	1.0,0.601	1.0,1.0	-0.2
302	"ENSG00000108591.5"	"DRG2"	chr17	+	18002330	18003749	18002330	18002391	18002946	18003749	302	4,6	25,20	3,2	24,18	197	99	0.383555403272	1.0	0.074,0.131	0.059,0.053	0.047
3032	"ENSG00000129657.10"	"SEC14L1"	chr17	+	75209999	75212884	75209999	75210101	75212630	75212884	3032	86,114	8,12	104,71	7,6	197	99	0.488778560731	1.0	0.844,0.827	0.882,0.856	-0.034
3033	"ENSG00000129657.10"	"SEC14L1"	chr17	+	75084830	75085353	75084830	75085067	75085234	75085353	3033	20,15	2,1	22,16	1,1	197	99	0.689893878793	1.0	0.834,0.883	0.917,0.889	-0.044
3034	"ENSG00000188130.9"	"MAPK12"	chr22	-	50694043	50694628	50694043	50694123	50694513	50694628	3034	18,29	0,0	15,13	0,1	197	99	1	1.0	1.0,1.0	1.0,0.867	0.067
3035	"ENSG00000188130.9"	"MAPK12"	chr22	-	50687090	50687288	50687090	50687180	50687259	50687288	3035	0,0	0,3	1,1	4,4	177	99	1	1.0	NA,0.0	0.123,0.123	-0.123
3038	"ENSG00000136877.10"	"FPGS"	chr9	+	130566746	130566979	130566746	130566831	130566914	130566979	3038	0,3	81,90	0,0	24,34	181	99	0.988568862632	1.0	0.0,0.018	0.0,0.0	0.009
3039	"ENSG00000273088.1"	"RP11-201K10.3"	chr1	-	155145040	155145368	155145040	155145104	155145213	155145368	3039	18,9	184,208	9,8	124,144	197	99	0.931110055179	1.0	0.047,0.021	0.035,0.027	0.003
303	"ENSG00000108591.5"	"DRG2"	chr17	+	18002330	18003749	18002330	18002407	18002946	18003749	303	4,6	0,3	2,2	1,0	197	99	0.939078366548	1.0	1.0,0.501	0.501,1.0	0.0
3042	"ENSG00000088280.14"	"ASAP3"	chr1	-	23759968	23760186	23759968	23760025	23760118	23760186	3042	0,5	0,46	1,1	32,35	191	99	1	1.0	NA,0.053	0.016,0.015	0.037
3045	"ENSG00000106263.13"	"EIF3B"	chr7	+	2419028	2420375	2419028	2419146	2419913	2420375	3045	158,139	89,116	135,108	90,64	197	99	0.652427568145	1.0	0.471,0.376	0.43,0.459	-0.021
3048	"ENSG00000106263.13"	"EIF3B"	chr7	+	2405951	2406226	2405951	2406052	2406159	2406226	3048	82,616	2,0	226,301	0,0	197	99	0.812276157353	1.0	0.954,1.0	1.0,1.0	-0.023
304	"ENSG00000108591.5"	"DRG2"	chr17	+	18002946	18003749	18002946	18003037	18003676	18003749	304	17,17	49,23	14,10	41,27	197	99	0.404791203961	1.0	0.148,0.271	0.146,0.157	0.058
3051	"ENSG00000141458.8"	"NPC1"	chr18	-	21113318	21114523	21113318	21113481	21114409	21114523	3051	0,11	20,30	13,7	32,23	197	99	0.270828282319	1.0	0.0,0.156	0.17,0.133	-0.074
3052	"ENSG00000141458.8"	"NPC1"	chr18	-	21113318	21114523	21113318	21113481	21114472	21114523	3052	10,81	4,0	24,25	0,0	197	99	1	1.0	0.557,1.0	1.0,1.0	-0.222
3053	"ENSG00000182979.13"	"MTA1"	chr14	+	105935803	105936329	105935803	105935835	105936177	105936329	3053	9,4	39,54	6,5	59,36	197	99	0.685374034005	1.0	0.104,0.036	0.049,0.065	0.013
3054	"ENSG00000182979.13"	"MTA1"	chr14	+	105930799	105931200	105930799	105930904	105931010	105931200	3054	9,3	123,134	4,3	132,98	197	99	0.463720097081	1.0	0.035,0.011	0.015,0.015	0.008
3055	"ENSG00000182979.13"	"MTA1"	chr14	+	105916394	105916661	105916394	105916521	105916609	105916661	3055	83,161	0,0	116,118	1,0	186	99	0.564159813065	1.0	1.0,1.0	0.984,1.0	0.008
3056	"ENSG00000182979.13"	"MTA1"	chr14	+	105916394	105916661	105916394	105916521	105916597	105916661	3056	36,47	131,190	46,32	151,111	174	99	0.49940923162	1.0	0.135,0.123	0.148,0.141	-0.015
3057	"ENSG00000132275.6"	"RRP8"	chr11	-	6622155	6622832	6622155	6622285	6622378	6622832	3057	5,0	30,28	5,2	28,18	191	99	0.37937674272	1.0	0.08,0.0	0.085,0.054	-0.03
3058	"ENSG00000104886.5"	"PLEKHJ1"	chr19	-	2234008	2234239	2234008	2234060	2234148	2234239	3058	1,2	100,23	1,1	77,75	186	99	0.594043712562	1.0	0.005,0.044	0.007,0.007	0.017
3059	"ENSG00000104886.5"	"PLEKHJ1"	chr19	-	2235760	2235989	2235760	2235827	2235921	2235989	3059	0,6	26,66	0,0	31,30	192	99	0.198699828691	1.0	0.0,0.045	0.0,0.0	0.022
305	"ENSG00000108591.5"	"DRG2"	chr17	+	18002946	18003749	18002946	18003029	18003676	18003749	305	67,38	0,2	56,39	2,1	197	99	0.636706183135	1.0	1.0,0.905	0.934,0.951	0.01
3061	"ENSG00000170291.10"	"ELP5"	chr17	+	7161906	7163259	7161906	7162002	7162889	7163259	3061	18,37	0,0	23,14	2,1	197	99	0.207287019938	1.0	1.0,1.0	0.852,0.876	0.136
3062	"ENSG00000086232.8"	"EIF2AK1"	chr7	-	6085701	6086068	6085701	6085782	6085916	6086068	3062	1,2	0,1	1,1	0,0	197	99	1	1.0	1.0,0.501	1.0,1.0	-0.25
3063	"ENSG00000138032.16"	"PPM1B"	chr2	+	44428324	44429184	44428324	44428467	44429120	44429184	3063	5,155	1,1	75,90	0,0	197	99	0.686050168866	1.0	0.715,0.987	1.0,1.0	-0.149
3064	"ENSG00000116251.5"	"RPL22"	chr1	-	6257711	6259623	6257711	6257816	6259510	6259623	3064	72,34	7,0	23,19	1,1	197	99	0.554370266707	1.0	0.838,1.0	0.92,0.905	0.006
3065	"ENSG00000116251.5"	"RPL22"	chr1	-	6257711	6259623	6257711	6257816	6259498	6259623	3065	70,26	2,6	23,21	2,1	197	99	0.586650427843	1.0	0.946,0.685	0.852,0.913	-0.067
3066	"ENSG00000116251.5"	"RPL22"	chr1	-	6257711	6259623	6257711	6257816	6259582	6259623	3066	69,18	1,0	20,20	1,1	197	99	0.22325440729	1.0	0.972,1.0	0.91,0.91	0.076
3067	"ENSG00000184584.8"	"TMEM173"	chr5	-	138860743	138861289	138860743	138860927	138861062	138861289	3067	36,23	72,44	21,15	35,25	197	99	0.535262701498	1.0	0.201,0.208	0.232,0.232	-0.027
3068	"ENSG00000184584.8"	"TMEM173"	chr5	-	138860374	138861289	138860374	138860483	138860743	138861289	3068	16,10	156,78	6,5	65,51	197	99	0.918763597342	1.0	0.049,0.061	0.044,0.047	0.01
3069	"ENSG00000146670.5"	"CDCA5"	chr11	-	64850835	64851022	64850835	64850871	64850956	64851022	3069	1,11	98,161	4,2	90,66	183	99	0.977980957208	1.0	0.005,0.036	0.023,0.016	0.001
3070	"ENSG00000089820.11"	"ARHGAP4"	chrX	-	153175624	153176065	153175624	153175858	153175959	153176065	3070	7,1	70,60	6,5	58,37	197	99	0.203459799788	1.0	0.048,0.008	0.049,0.064	-0.029
3071	"ENSG00000089820.11"	"ARHGAP4"	chrX	-	153178671	153179054	153178671	153178756	153178862	153179054	3071	19,12	62,28	17,11	40,24	197	99	0.464195881633	1.0	0.133,0.177	0.176,0.187	-0.026
3072	"ENSG00000168028.9"	"RPSA"	chr3	+	39453386	39453925	39453386	39453552	39453764	39453925	3072	8,30	2773,1212	23,13	3090,2392	197	99	0.765973480458	1.0	0.001,0.012	0.004,0.003	0.003
3074	"ENSG00000181038.9"	"METTL23"	chr17	+	74729059	74729459	74729059	74729297	74729374	74729459	3074	5,12	125,53	5,4	61,47	175	99	0.898646199497	1.0	0.022,0.114	0.044,0.046	0.023
3082	"ENSG00000234608.3"	"MAPKAPK5-AS1"	chr12	-	112279130	112279514	112279130	112279202	112279487	112279514	3082	42,26	0,1	22,23	0,0	197	99	1	1.0	1.0,0.929	1.0,1.0	-0.035
3083	"ENSG00000234608.3"	"MAPKAPK5-AS1"	chr12	-	112279130	112279514	112279130	112279274	112279487	112279514	3083	78,35	3,1	106,82	5,4	197	99	0.840909775155	1.0	0.929,0.946	0.914,0.912	0.024
3084	"ENSG00000234608.3"	"MAPKAPK5-AS1"	chr12	-	112279130	112279514	112279130	112279274	112279508	112279514	3084	31,36	2,0	16,19	0,0	197	99	1	1.0	0.886,1.0	1.0,1.0	-0.057
3085	"ENSG00000125457.9"	"MIF4GD"	chr17	-	73263826	73264273	73263826	73263982	73264163	73264273	3085	6,6	71,33	5,4	31,21	197	99	0.340122034562	1.0	0.041,0.084	0.075,0.087	-0.018
3086	"ENSG00000141013.10"	"GAS8"	chr16	+	90102788	90103807	90102788	90102994	90103639	90103807	3086	8,5	57,48	5,4	49,30	197	99	0.937630238852	1.0	0.066,0.05	0.049,0.063	0.002
3087	"ENSG00000102125.11"	"TAZ"	chrX	+	153647881	153648433	153647881	153647962	153648370	153648433	3087	42,10	6,0	30,20	6,4	197	99	0.394934254241	1.0	0.779,1.0	0.715,0.715	0.174
3088	"ENSG00000102125.11"	"TAZ"	chrX	+	153647881	153648433	153647881	153648085	153648370	153648433	3088	22,15	13,8	25,16	12,7	197	99	0.629448359705	1.0	0.46,0.485	0.511,0.535	-0.05
3089	"ENSG00000102125.11"	"TAZ"	chrX	+	153648370	153648603	153648370	153648433	153648550	153648603	3089	7,10	40,20	8,5	32,23	197	99	0.737957119554	1.0	0.081,0.201	0.112,0.098	0.036
3090	"ENSG00000102125.11"	"TAZ"	chrX	+	153647881	153648085	153647881	153647962	153648043	153648085	3090	23,8	5,6	14,9	6,3	179	99	0.962863754313	1.0	0.718,0.424	0.563,0.624	-0.022
3096	"ENSG00000109118.9"	"PHF12"	chr17	-	27250926	27254081	27250926	27251320	27254008	27254081	3096	12,7	41,51	10,6	51,36	197	99	0.782776832544	1.0	0.128,0.065	0.09,0.077	0.013
3097	"ENSG00000161960.10"	"EIF4A1"	chr17	+	7480886	7481562	7480886	7481024	7481144	7481562	3097	1,91	2451,3354	35,27	2268,2051	197	99	0.418770173544	1.0	0.0,0.013	0.008,0.007	-0.001
3098	"ENSG00000161960.10"	"EIF4A1"	chr17	+	7477577	7477996	7477577	7477626	7477865	7477996	3098	476,798	21,16	709,648	18,15	197	99	0.477196665	1.0	0.919,0.962	0.952,0.956	-0.013
3099	"ENSG00000161960.10"	"EIF4A1"	chr17	+	7477577	7477996	7477577	7477626	7477863	7477996	3099	0,11	473,780	14,11	694,637	197	99	1	1.0	0.0,0.007	0.01,0.009	-0.006
30	"ENSG00000061273.13"	"HDAC7"	chr12	-	48177861	48179254	48177861	48178000	48179169	48179254	30	22,33	60,78	35,27	66,50	197	99	0.233529596707	1.0	0.156,0.175	0.21,0.213	-0.046
3102	"ENSG00000161960.10"	"EIF4A1"	chr17	+	7481144	7481562	7481144	7481234	7481437	7481562	3102	98,31	1,3	118,80	1,1	197	99	0.248667473425	1.0	0.98,0.839	0.983,0.976	-0.07
3104	"ENSG00000161960.10"	"EIF4A1"	chr17	+	7481144	7481562	7481144	7481234	7481544	7481562	3104	1706,1741	27,49	1777,1512	42,30	197	99	1	1.0	0.969,0.947	0.955,0.962	-0.0
3107	"ENSG00000136908.13"	"DPM2"	chr9	-	130698831	130699802	130698831	130698934	130699712	130699802	3107	185,254	278,291	155,115	197,186	197	99	0.550440463052	1.0	0.251,0.305	0.283,0.237	0.018
3108	"ENSG00000138668.14"	"HNRNPD"	chr4	-	83294598	83295136	83294598	83294930	83295076	83295136	3108	460,655	0,1	269,269	0,0	197	99	1	1.0	1.0,0.997	1.0,1.0	-0.002
310	"ENSG00000148719.10"	"DNAJB12"	chr10	-	74092587	74095689	74092587	74094375	74095537	74095689	310	39,53	24,11	29,23	17,12	197	99	0.346253041132	1.0	0.45,0.708	0.462,0.491	0.102
3114	"ENSG00000163882.5"	"POLR2H"	chr3	+	184082794	184083031	184082794	184082837	184082920	184083031	3114	15,20	544,346	24,17	507,448	181	99	0.810305075639	1.0	0.015,0.031	0.025,0.02	0.001
3115	"ENSG00000109171.10"	"SLAIN2"	chr4	+	48384584	48384944	48384584	48384656	48384744	48384944	3115	77,138	1,1	109,85	2,1	186	99	0.652438347719	1.0	0.976,0.987	0.967,0.978	0.009
3119	"ENSG00000170421.7"	"KRT8"	chr12	-	53294371	53295856	53294371	53295003	53295647	53295856	3119	0,7	1070,1191	6,6	1073,795	197	99	1	1.0	0.0,0.003	0.003,0.004	-0.002
311	"ENSG00000143126.7"	"CELSR2"	chr1	+	109814899	109815350	109814899	109815027	109815261	109815350	311	1,3	17,24	1,1	21,13	197	99	0.821193637279	1.0	0.029,0.059	0.023,0.037	0.014
3120	"ENSG00000170421.7"	"KRT8"	chr12	-	53294371	53295003	53294371	53294467	53294942	53295003	3120	0,0	856,858	8,4	872,675	197	99	1	1.0	0.0,0.0	0.005,0.003	-0.004
312	"ENSG00000143126.7"	"CELSR2"	chr1	+	109815261	109815649	109815261	109815350	109815454	109815649	312	2,0	51,37	2,1	32,22	197	99	0.307965771799	1.0	0.019,0.0	0.03,0.022	-0.017
3131	"ENSG00000172732.7"	"MUS81"	chr11	+	65632190	65632794	65632190	65632616	65632690	65632794	3131	18,86	151,94	47,31	82,63	172	99	0.278645008737	1.0	0.064,0.345	0.248,0.221	-0.03
3134	"ENSG00000172732.7"	"MUS81"	chr11	+	65632190	65632616	65632190	65632286	65632471	65632616	3134	18,69	1,0	31,21	0,0	197	99	0.355338542944	1.0	0.9,1.0	1.0,1.0	-0.05
313	"ENSG00000143126.7"	"CELSR2"	chr1	+	109814007	109814344	109814007	109814134	109814256	109814344	313	56,55	0,0	66,41	1,0	197	99	0.683301682133	1.0	1.0,1.0	0.971,1.0	0.014
3140	"ENSG00000172660.7"	"TAF15"	chr17	+	34171480	34172042	34171480	34171570	34171883	34172042	3140	782,417	1,3	594,461	1,1	197	99	0.723531124976	1.0	0.997,0.986	0.997,0.996	-0.005
3143	"ENSG00000010322.11"	"NISCH"	chr3	+	52511589	52512298	52511589	52511658	52512112	52512298	3143	7,4	89,94	5,3	55,40	197	99	0.393363729417	1.0	0.038,0.021	0.044,0.036	-0.01
3144	"ENSG00000010322.11"	"NISCH"	chr3	+	52511589	52512298	52511589	52511658	52512170	52512298	3144	20,128	0,1	37,40	0,0	197	99	1	1.0	1.0,0.985	1.0,1.0	-0.008
3146	"ENSG00000072849.6"	"DERL2"	chr17	-	5384420	5384709	5384420	5384462	5384615	5384709	3146	6,18	0,4	12,9	0,0	197	99	1	1.0	1.0,0.693	1.0,1.0	-0.153
3148	"ENSG00000167792.7"	"NDUFV1"	chr11	+	67377851	67378678	67377851	67378041	67378540	67378678	3148	519,434	0,1	261,297	0,0	197	99	1	1.0	1.0,0.995	1.0,1.0	-0.002
3149	"ENSG00000167792.7"	"NDUFV1"	chr11	+	67374428	67374795	67374428	67374547	67374769	67374795	3149	13,20	0,0	13,9	1,1	197	99	1	1.0	1.0,1.0	0.867,0.819	0.157
314	"ENSG00000143126.7"	"CELSR2"	chr1	+	109813838	109814344	109813838	109813918	109814007	109814344	314	4,2	36,45	1,1	37,21	187	99	0.687513998385	1.0	0.056,0.023	0.014,0.025	0.02
3151	"ENSG00000167792.7"	"NDUFV1"	chr11	+	67375870	67376193	67375870	67375949	67376022	67376193	3151	63,68	843,547	57,50	497,436	171	99	0.280005444056	1.0	0.041,0.067	0.062,0.062	-0.008
3152	"ENSG00000167792.7"	"NDUFV1"	chr11	+	67375870	67376193	67375870	67375949	67376030	67376193	3152	1020,692	17,26	655,543	17,15	179	99	0.793500999401	1.0	0.971,0.936	0.955,0.952	0.0
3156	"ENSG00000075624.9"	"ACTB"	chr7	-	5567634	5568350	5567634	5567816	5567911	5568350	3156	11,0	3610,4578	31,25	2724,2034	193	99	1	1.0	0.002,0.0	0.006,0.006	-0.005
3159	"ENSG00000075624.9"	"ACTB"	chr7	-	5566781	5567522	5566781	5567242	5567363	5567522	3159	5109,6698	2,7	3602,2880	3,2	197	99	1	1.0	0.999,0.998	0.998,0.999	0.0
315	"ENSG00000143126.7"	"CELSR2"	chr1	+	109812554	109813661	109812554	109812755	109813548	109813661	315	8,10	0,1	16,11	1,0	197	99	0.790259986226	1.0	1.0,0.834	0.889,1.0	-0.027
3162	"ENSG00000012124.10"	"CD22"	chr19	+	35822921	35823827	35822921	35822977	35823449	35823827	3162	5,6	0,1	4,3	1,1	197	99	0.546878854808	1.0	1.0,0.751	0.668,0.601	0.241
3166	"ENSG00000113328.14"	"CCNG1"	chr5	+	162864576	162864810	162864576	162864670	162864770	162864810	3166	246,160	84,62	361,258	131,84	197	99	0.786501437891	1.0	0.595,0.565	0.581,0.607	-0.014
3167	"ENSG00000171863.8"	"RPS7"	chr2	+	3622914	3623274	3622914	3623038	3623181	3623274	3167	10,23	62,68	9,7	32,24	197	99	0.608855968102	1.0	0.075,0.145	0.124,0.128	-0.016
3169	"ENSG00000172809.8"	"RPL38"	chr17	+	72199842	72200097	72199842	72199929	72200056	72200097	3169	69,39	1,4	28,17	2,1	197	99	0.573388383846	1.0	0.972,0.831	0.876,0.895	0.016
316	"ENSG00000143126.7"	"CELSR2"	chr1	+	109814007	109814344	109814007	109814134	109814221	109814344	316	1,4	66,55	2,1	53,34	185	99	0.857906644887	1.0	0.008,0.037	0.02,0.015	0.005
3170	"ENSG00000172809.8"	"RPL38"	chr17	+	72199842	72200097	72199842	72199875	72200056	72200097	3170	1519,816	1,1	1547,1256	1,0	197	99	1	1.0	0.999,0.998	0.999,1.0	-0.001
3171	"ENSG00000172809.8"	"RPL38"	chr17	+	72199842	72200097	72199842	72199909	72200056	72200097	3171	66,45	11,5	28,17	5,5	197	99	0.30781667991	1.0	0.751,0.819	0.738,0.631	0.1
3173	"ENSG00000170522.5"	"ELOVL6"	chr4	-	111119402	111119706	111119402	111119523	111119611	111119706	3173	7,56	0,1	19,21	0,0	186	99	1	1.0	1.0,0.968	1.0,1.0	-0.016
3176	"ENSG00000138434.12"	"SSFA2"	chr2	+	182779942	182783402	182779942	182781154	182783324	182783402	3176	21,9	21,39	15,9	32,24	197	99	0.769985847978	1.0	0.334,0.104	0.191,0.159	0.044
3177	"ENSG00000138434.12"	"SSFA2"	chr2	+	182779942	182783402	182779942	182781732	182783324	182783402	3177	14,7	2,0	10,7	1,1	197	99	0.825138853656	1.0	0.779,1.0	0.834,0.779	0.083
3179	"ENSG00000106123.7"	"EPHB6"	chr7	+	142560513	142561085	142560513	142560591	142560884	142561085	3179	4,2	14,16	3,2	12,8	197	99	0.665019954376	1.0	0.126,0.059	0.112,0.112	-0.02
3181	"ENSG00000106123.7"	"EPHB6"	chr7	+	142563714	142564360	142563714	142564071	142564235	142564360	3181	15,15	52,47	18,14	49,33	197	99	0.413640442622	1.0	0.127,0.138	0.156,0.176	-0.033
3183	"ENSG00000133619.13"	"KRBA1"	chr7	+	149420651	149420980	149420651	149420666	149420824	149420980	3183	1,2	1,0	1,3	0,0	197	99	1	1.0	0.334,1.0	1.0,1.0	-0.333
319	"ENSG00000065717.10"	"TLE2"	chr19	-	3019280	3019771	3019280	3019464	3019696	3019771	319	11,9	11,2	7,4	4,2	197	99	0.918099812102	1.0	0.334,0.693	0.468,0.501	0.029
31	"ENSG00000061273.13"	"HDAC7"	chr12	-	48183595	48185091	48183595	48183703	48185041	48185091	31	7,12	49,53	10,8	40,26	197	99	0.288985482696	1.0	0.067,0.102	0.112,0.134	-0.039
3201	"ENSG00000017483.10"	"SLC38A5"	chrX	-	48316919	48317420	48316919	48317150	48317299	48317420	3201	331,317	0,0	206,196	1,1	197	99	0.396215128321	1.0	1.0,1.0	0.99,0.99	0.01
3203	"ENSG00000132196.9"	"HSD17B7"	chr1	+	162772707	162773325	162772707	162772739	162773220	162773325	3203	0,3	1,2	3,2	1,1	197	99	0.535945838454	1.0	0.0,0.43	0.601,0.501	-0.336
3204	"ENSG00000090061.13"	"CCNK"	chr14	+	99969055	99969981	99969055	99969321	99969947	99969981	3204	0,0	349,329	7,4	442,351	197	99	1	1.0	0.0,0.0	0.008,0.006	-0.007
3205	"ENSG00000090061.13"	"CCNK"	chr14	+	99967102	99968713	99967102	99967208	99968543	99968713	3205	5,21	1,21	5,5	3,1	197	99	0.587828550476	1.0	0.715,0.334	0.456,0.715	-0.061
3206	"ENSG00000169738.3"	"DCXR"	chr17	-	79994066	79994324	79994066	79994184	79994259	79994324	3206	39,45	472,236	45,29	329,248	173	99	0.808562448863	1.0	0.045,0.098	0.073,0.063	0.004
3207	"ENSG00000169738.3"	"DCXR"	chr17	-	79994066	79994519	79994066	79994184	79994419	79994519	3207	82,113	2,0	106,65	1,0	197	99	0.857743641133	1.0	0.954,1.0	0.982,1.0	-0.014
320	"ENSG00000065717.10"	"TLE2"	chr19	-	3019280	3019771	3019280	3019461	3019696	3019771	320	22,10	5,7	11,5	3,2	197	99	0.738423944551	1.0	0.689,0.418	0.648,0.557	-0.049
3210	"ENSG00000169738.3"	"DCXR"	chr17	-	79994066	79994519	79994066	79994324	79994419	79994519	3210	92,99	246,158	104,64	200,144	193	99	0.944913407134	1.0	0.161,0.243	0.211,0.186	0.004
3211	"ENSG00000169738.3"	"DCXR"	chr17	-	79994419	79994639	79994419	79994519	79994596	79994639	3211	24,21	109,44	17,16	71,61	175	99	0.52566898668	1.0	0.111,0.213	0.119,0.129	0.038
3212	"ENSG00000169738.3"	"DCXR"	chr17	-	79994066	79994324	79994066	79994198	79994259	79994324	3212	30,36	0,0	23,18	0,1	159	99	0.344829025907	1.0	1.0,1.0	1.0,0.918	0.041
3213	"ENSG00000169738.3"	"DCXR"	chr17	-	79994596	79994889	79994596	79994639	79994734	79994889	3213	0,0	93,20	2,2	87,64	193	99	0.289096289906	1.0	0.0,0.0	0.012,0.016	-0.014
3214	"ENSG00000169738.3"	"DCXR"	chr17	-	79994734	79995423	79994734	79994889	79995325	79995423	3214	27,25	33,22	20,13	24,17	197	99	0.631598165697	1.0	0.291,0.363	0.295,0.278	0.04
3215	"ENSG00000169738.3"	"DCXR"	chr17	-	79994159	79994347	79994159	79994184	79994289	79994347	3215	284,181	5,9	148,156	3,4	197	99	0.753791459162	1.0	0.966,0.91	0.961,0.951	-0.018
3216	"ENSG00000169738.3"	"DCXR"	chr17	-	79994066	79994324	79994066	79994156	79994259	79994324	3216	342,175	0,0	159,185	1,0	197	99	0.6695994159	1.0	1.0,1.0	0.988,1.0	0.006
3217	"ENSG00000156239.7"	"N6AMT1"	chr21	-	30244512	30248813	30244512	30245061	30248633	30248813	3217	40,33	15,5	23,18	8,6	197	99	0.563932176203	1.0	0.573,0.768	0.591,0.601	0.075
3219	"ENSG00000125611.11"	"CHCHD5"	chr2	+	113343550	113343942	113343550	113343691	113343792	113343942	3219	7,46	0,1	26,25	0,0	197	99	1	1.0	1.0,0.959	1.0,1.0	-0.02
321	"ENSG00000122008.11"	"POLK"	chr5	+	74893571	74893865	74893571	74893614	74893758	74893865	321	2,5	49,22	3,2	23,16	197	99	0.582253176096	1.0	0.02,0.103	0.062,0.059	0.001
3220	"ENSG00000125611.11"	"CHCHD5"	chr2	+	113343550	113343942	113343550	113343691	113343776	113343942	3220	3,0	106,78	4,3	103,78	183	99	0.278756025055	1.0	0.015,0.0	0.021,0.02	-0.013
3225	"ENSG00000172053.10"	"QARS"	chr3	-	49137193	49137524	49137193	49137286	49137393	49137524	3225	8,2	1035,735	19,11	1001,728	197	99	1	1.0	0.004,0.001	0.009,0.008	-0.006
3226	"ENSG00000172053.10"	"QARS"	chr3	-	49137193	49137524	49137193	49137286	49137426	49137524	3226	957,703	19,19	964,711	21,13	197	99	0.644484487362	1.0	0.962,0.949	0.958,0.965	-0.006
3228	"ENSG00000172053.10"	"QARS"	chr3	-	49140777	49141139	49140777	49140864	49141063	49141139	3228	89,42	1,3	56,44	4,3	197	99	0.237823455676	1.0	0.978,0.876	0.876,0.881	0.048
3229	"ENSG00000179532.8"	"DNHD1"	chr11	+	6518814	6520191	6518814	6518897	6519952	6520191	3229	14,6	1,0	9,10	0,0	197	99	1	1.0	0.876,1.0	1.0,1.0	-0.062
3231	"ENSG00000179532.8"	"DNHD1"	chr11	+	6519000	6519462	6519000	6519074	6519306	6519462	3231	9,13	1,0	5,6	0,0	197	99	1	1.0	0.819,1.0	1.0,1.0	-0.091
3233	"ENSG00000179532.8"	"DNHD1"	chr11	+	6591238	6591626	6591238	6591330	6591476	6591626	3233	9,3	0,3	5,3	2,1	197	99	0.80707316605	1.0	1.0,0.334	0.557,0.601	0.088
3235	"ENSG00000179532.8"	"DNHD1"	chr11	+	6519445	6520191	6519445	6519466	6519952	6520191	3235	13,7	0,3	12,10	1,1	197	99	0.724288797138	1.0	1.0,0.54	0.858,0.834	-0.076
3236	"ENSG00000179532.8"	"DNHD1"	chr11	+	6579283	6579923	6579283	6579527	6579714	6579923	3236	4,15	6,15	3,1	7,4	197	99	0.35509408991	1.0	0.251,0.334	0.177,0.112	0.148
3237	"ENSG00000179532.8"	"DNHD1"	chr11	+	6519000	6519462	6519000	6519074	6519353	6519462	3237	27,4	2,1	11,8	2,1	197	99	0.850360327481	1.0	0.872,0.668	0.734,0.801	0.002
3238	"ENSG00000179532.8"	"DNHD1"	chr11	+	6569092	6569632	6569092	6569270	6569439	6569632	3238	64,14	6,3	39,28	5,4	197	99	0.948172003115	1.0	0.843,0.701	0.797,0.779	-0.016
3239	"ENSG00000179532.8"	"DNHD1"	chr11	+	6591238	6593257	6591238	6592653	6592865	6593257	3239	3,17	6,2	5,3	4,2	197	99	0.622232597127	1.0	0.201,0.81	0.386,0.43	0.098
3240	"ENSG00000179532.8"	"DNHD1"	chr11	+	6591238	6592653	6591238	6591626	6591847	6592653	3240	3,11	3,3	3,2	3,2	197	99	0.414544316139	1.0	0.334,0.648	0.334,0.334	0.157
3241	"ENSG00000120509.6"	"PDZD11"	chrX	-	69509104	69509443	69509104	69509204	69509371	69509443	3241	6,17	27,35	6,4	16,11	197	99	0.879100530485	1.0	0.1,0.196	0.159,0.155	-0.009
3244	"ENSG00000176170.9"	"SPHK1"	chr17	+	74381531	74382218	74381531	74381735	74382065	74382218	3244	10,12	2,2	8,6	1,0	197	99	0.54653012047	1.0	0.715,0.751	0.801,1.0	-0.168
3246	"ENSG00000172269.12"	"DPAGT1"	chr11	-	118971727	118972570	118971727	118971848	118972204	118972570	3246	27,12	173,178	19,12	173,128	197	99	0.817395718213	1.0	0.073,0.033	0.052,0.045	0.004
3248	"ENSG00000177054.9"	"ZDHHC13"	chr11	+	19187848	19192115	19187848	19187932	19191957	19192115	3248	6,14	29,21	5,3	18,13	197	99	0.5918059142	1.0	0.094,0.251	0.122,0.104	0.059
3250	"ENSG00000064607.12"	"SUGP2"	chr19	-	19114976	19115455	19114976	19115082	19115238	19115455	3250	373,275	3,10	285,216	4,2	197	99	0.411824761567	1.0	0.984,0.933	0.973,0.982	-0.019
3251	"ENSG00000064607.12"	"SUGP2"	chr19	-	19135427	19137035	19135427	19136265	19136663	19137035	3251	431,393	7,0	408,280	2,1	197	99	0.504298623935	1.0	0.969,1.0	0.99,0.993	-0.007
3258	"ENSG00000134905.12"	"CARS2"	chr13	-	111298313	111299586	111298313	111298437	111299447	111299586	3258	19,15	31,36	10,9	32,19	197	99	0.439739189025	1.0	0.235,0.173	0.136,0.192	0.04
3259	"ENSG00000177042.10"	"TMEM80"	chr11	+	698868	700235	698868	698888	700141	700235	3259	14,36	11,9	16,10	5,4	197	99	0.666478148472	1.0	0.39,0.668	0.617,0.557	-0.058
3260	"ENSG00000144354.9"	"CDCA7"	chr2	+	174228545	174229717	174228545	174228623	174229522	174229717	3260	93,20	62,145	57,42	86,67	197	99	0.506162988638	1.0	0.43,0.065	0.25,0.24	0.003
3261	"ENSG00000204592.5"	"HLA-E"	chr6	+	30457502	30458142	30457502	30457772	30458090	30458142	3261	31,26	0,3	26,17	2,1	197	99	0.881953813383	1.0	1.0,0.813	0.867,0.895	0.025
3262	"ENSG00000204650.9"	"CRHR1-IT1"	chr17	+	43707269	43707822	43707269	43707524	43707611	43707822	3262	0,7	0,0	5,4	1,1	185	99	1	1.0	NA,1.0	0.728,0.682	0.295
3263	"ENSG00000160957.8"	"RECQL4"	chr8	-	145741371	145742148	145741371	145741797	145742072	145742148	3263	159,119	1,0	141,116	0,0	197	99	0.640361486108	1.0	0.988,1.0	1.0,1.0	-0.006
3267	"ENSG00000125967.12"	"NECAB3"	chr20	-	32244892	32245663	32244892	32244952	32245595	32245663	3267	72,30	3,6	38,24	5,4	197	99	0.452672744259	1.0	0.923,0.715	0.793,0.751	0.047
3268	"ENSG00000125967.12"	"NECAB3"	chr20	-	32247302	32247538	32247302	32247356	32247458	32247538	3268	8,6	5,8	7,4	7,4	197	99	0.792007768387	1.0	0.446,0.274	0.334,0.334	0.026
3269	"ENSG00000125967.12"	"NECAB3"	chr20	-	32257180	32257518	32257180	32257278	32257492	32257518	3269	14,4	72,38	10,9	46,33	197	99	0.286924013545	1.0	0.089,0.05	0.098,0.121	-0.04
3270	"ENSG00000125967.12"	"NECAB3"	chr20	-	32247690	32248201	32247690	32247864	32248064	32248201	3270	40,34	5,0	45,29	0,0	197	99	0.321875344617	1.0	0.801,1.0	1.0,1.0	-0.099
3272	"ENSG00000125967.12"	"NECAB3"	chr20	-	32247690	32248201	32247690	32247804	32248064	32248201	3272	81,74	2,0	64,41	2,1	197	99	0.397698624689	1.0	0.953,1.0	0.941,0.954	0.029
3273	"ENSG00000125967.12"	"NECAB3"	chr20	-	32247690	32248201	32247690	32247840	32248064	32248201	3273	51,38	0,0	44,30	1,0	197	99	1	1.0	1.0,1.0	0.957,1.0	0.022
3274	"ENSG00000103064.9"	"SLC7A6"	chr16	+	68308593	68309152	68308593	68308779	68309029	68309152	3274	25,229	0,1	81,98	0,0	197	99	0.847576916772	1.0	1.0,0.991	1.0,1.0	-0.004
3275	"ENSG00000103064.9"	"SLC7A6"	chr16	+	68331136	68335722	68331136	68331379	68332393	68335722	3275	61,96	11,9	46,38	7,5	197	99	0.783063984094	1.0	0.736,0.843	0.768,0.793	0.009
3276	"ENSG00000103064.9"	"SLC7A6"	chr16	+	68308593	68308998	68308593	68308779	68308927	68308998	3276	24,175	1,0	52,55	0,0	197	99	0.326920807923	1.0	0.923,1.0	1.0,1.0	-0.038
3282	"ENSG00000115317.7"	"HTRA2"	chr2	+	74758465	74758829	74758465	74758498	74758723	74758829	3282	12,22	146,102	16,10	103,88	197	99	0.981020448227	1.0	0.04,0.098	0.072,0.054	0.006
3283	"ENSG00000115317.7"	"HTRA2"	chr2	+	74758465	74758829	74758465	74758498	74758693	74758829	3283	6,18	0,2	11,8	0,0	197	99	1	1.0	1.0,0.819	1.0,1.0	-0.091
3284	"ENSG00000115317.7"	"HTRA2"	chr2	+	74758465	74758829	74758465	74758538	74758723	74758829	3284	16,18	2,1	14,11	3,1	197	99	0.535000101437	1.0	0.801,0.9	0.701,0.847	0.077
3285	"ENSG00000154767.10"	"XPC"	chr3	-	14188966	14189501	14188966	14189134	14189407	14189501	3285	7,4	0,2	7,7	0,0	197	99	1	1.0	1.0,0.501	1.0,1.0	-0.25
3286	"ENSG00000136169.12"	"SETDB2"	chr13	+	50050611	50051175	50050611	50050834	50050957	50051175	3286	20,4	2,0	21,15	3,2	197	99	0.659474433112	1.0	0.834,1.0	0.779,0.79	0.133
3287	"ENSG00000136169.12"	"SETDB2"	chr13	+	50050611	50051175	50050611	50050834	50050928	50051175	3287	14,0	2,1	17,12	2,2	192	99	0.475519278638	1.0	0.783,0.0	0.814,0.756	-0.393
3288	"ENSG00000134901.8"	"KDELC1"	chr13	-	103443250	103443780	103443250	103443488	103443607	103443780	3288	0,3	26,21	2,1	22,19	197	99	0.826539619731	1.0	0.0,0.067	0.044,0.026	-0.001
3289	"ENSG00000181929.7"	"PRKAG1"	chr12	-	49399088	49399326	49399088	49399147	49399244	49399326	3289	1,4	32,121	5,2	58,44	195	99	0.218861079689	1.0	0.016,0.017	0.042,0.023	-0.016
3290	"ENSG00000181929.7"	"PRKAG1"	chr12	-	49398289	49398801	49398289	49398416	49398746	49398801	3290	3,1	221,340	4,3	273,201	197	99	1	1.0	0.007,0.001	0.007,0.007	-0.003
3294	"ENSG00000197226.8"	"TBC1D9B"	chr5	-	179292837	179294302	179292837	179292888	179294175	179294302	3294	43,10	5,7	24,19	5,3	197	99	0.624354348253	1.0	0.812,0.418	0.707,0.761	-0.119
3296	"ENSG00000103126.10"	"AXIN1"	chr16	-	339439	343718	339439	339607	343487	343718	3296	6,1	50,83	5,2	60,44	197	99	0.632079579329	1.0	0.057,0.006	0.04,0.022	0.001
3298	"ENSG00000196118.7"	"C16orf93"	chr16	-	30770662	30771045	30770662	30770878	30770974	30771045	3298	21,0	1,1	15,10	2,2	194	99	0.647072919434	1.0	0.915,0.0	0.793,0.718	-0.298
3299	"ENSG00000196118.7"	"C16orf93"	chr16	-	30770662	30771045	30770662	30770779	30770974	30771045	3299	24,13	11,2	18,12	5,4	197	99	0.793316794319	1.0	0.523,0.766	0.644,0.601	0.022
3300	"ENSG00000196118.7"	"C16orf93"	chr16	-	30770332	30770568	30770332	30770422	30770498	30770568	3300	2,0	13,0	1,1	9,7	174	99	1	1.0	0.08,NA	0.059,0.075	0.013
3301	"ENSG00000196118.7"	"C16orf93"	chr16	-	30771604	30771989	30771604	30771774	30771926	30771989	3301	37,9	1,4	17,13	4,4	197	99	0.414410732022	1.0	0.949,0.531	0.681,0.62	0.089
3302	"ENSG00000103253.13"	"HAGHL"	chr16	+	778793	779715	778793	778895	779287	779715	3302	8,3	2,0	8,5	3,2	197	99	0.577888177622	1.0	0.668,1.0	0.573,0.557	0.269
3303	"ENSG00000103253.13"	"HAGHL"	chr16	+	779008	779715	779008	779088	779287	779715	3303	42,33	15,6	45,31	12,9	197	99	0.916884518096	1.0	0.585,0.734	0.653,0.634	0.016
3307	"ENSG00000213782.3"	"DDX47"	chr12	+	12976136	12976950	12976136	12976253	12976803	12976950	3307	26,17	95,118	19,12	88,79	197	99	0.794982108705	1.0	0.121,0.068	0.098,0.071	0.01
330	"ENSG00000198258.6"	"UBL5"	chr19	+	9939002	9939351	9939002	9939052	9939267	9939351	330	40,297	0,1	71,125	0,0	197	99	0.546870983788	1.0	1.0,0.993	1.0,1.0	-0.004
3311	"ENSG00000114062.13"	"UBE3A"	chr15	-	25599499	25599722	25599499	25599573	25599674	25599722	3311	1,0	122,110	0,0	47,60	197	99	1	1.0	0.004,0.0	0.0,0.0	0.002
3313	"ENSG00000108523.11"	"RNF167"	chr17	+	4843781	4844288	4843781	4844021	4844167	4844288	3313	212,292	4,13	213,156	10,5	197	99	0.574992954868	1.0	0.964,0.919	0.915,0.94	0.014
3314	"ENSG00000108523.11"	"RNF167"	chr17	+	4843781	4844288	4843781	4844021	4844217	4844288	3314	229,294	11,17	220,159	7,7	197	99	0.355738472773	1.0	0.913,0.897	0.94,0.919	-0.024
3315	"ENSG00000165282.9"	"PIGO"	chr9	-	35091236	35092764	35091236	35091288	35092539	35092764	3315	24,17	3,1	23,17	4,2	197	99	0.583687919585	1.0	0.801,0.895	0.743,0.81	0.072
3316	"ENSG00000059758.3"	"CDK17"	chr12	-	96674321	96674663	96674321	96674411	96674585	96674663	3316	24,19	0,0	19,13	1,0	197	99	1	1.0	1.0,1.0	0.905,1.0	0.047
3318	"ENSG00000164080.9"	"RAD54L2"	chr3	+	51672159	51673686	51672159	51672337	51673434	51673686	3318	3,0	17,20	2,2	14,9	197	99	0.319664248039	1.0	0.081,0.0	0.067,0.1	-0.043
3319	"ENSG00000164080.9"	"RAD54L2"	chr3	+	51664287	51664947	51664287	51664404	51664720	51664947	3319	2,0	5,23	1,1	11,9	197	99	0.656368666926	1.0	0.167,0.0	0.044,0.053	0.035
3321	"ENSG00000169228.9"	"RAB24"	chr5	-	176729128	176729497	176729128	176729179	176729397	176729497	3321	114,36	74,76	73,56	63,49	197	99	0.424941455413	1.0	0.436,0.192	0.368,0.365	-0.052
3322	"ENSG00000169228.9"	"RAB24"	chr5	-	176729128	176729497	176729128	176729179	176729371	176729497	3322	34,27	0,1	16,13	0,0	197	99	1	1.0	1.0,0.931	1.0,1.0	-0.034
3323	"ENSG00000185324.17"	"CDK10"	chr16	+	89759681	89759875	89759681	89759734	89759805	89759875	3323	23,23	21,10	36,24	18,13	169	99	0.531320580872	1.0	0.391,0.574	0.54,0.52	-0.048
3324	"ENSG00000185324.17"	"CDK10"	chr16	+	89759681	89760640	89759681	89759734	89760580	89760640	3324	20,30	0,2	36,28	0,1	197	99	0.790102248226	1.0	1.0,0.883	1.0,0.934	-0.026
3325	"ENSG00000185324.17"	"CDK10"	chr16	+	89759681	89760640	89759681	89759875	89760580	89760640	3325	28,38	38,16	52,35	37,28	197	99	0.942416091352	1.0	0.27,0.544	0.414,0.386	0.007
3326	"ENSG00000144559.6"	"TAMM41"	chr3	-	11849306	11851156	11849306	11849369	11850990	11851156	3326	7,0	23,14	1,1	21,14	197	99	0.348351126675	1.0	0.133,0.0	0.023,0.035	0.038
3327	"ENSG00000198590.7"	"C3orf35"	chr3	+	37458509	37459592	37458509	37458633	37458743	37459592	3327	12,7	2,0	6,4	2,1	197	99	0.392035432772	1.0	0.751,1.0	0.601,0.668	0.241
3328	"ENSG00000143382.9"	"ADAMTSL4"	chr1	+	150525373	150525729	150525373	150525428	150525639	150525729	3328	301,141	1,0	297,231	2,1	197	99	0.599695006539	1.0	0.993,1.0	0.987,0.991	0.007
3329	"ENSG00000079337.11"	"RAPGEF3"	chr12	-	48142236	48143319	48142236	48142714	48143172	48143319	3329	1,0	3,2	1,0	1,1	197	99	0.567782525893	1.0	0.143,0.0	0.334,0.0	-0.096
3332	"ENSG00000102786.10"	"INTS6"	chr13	-	51957464	51957877	51957464	51957597	51957724	51957877	3332	1,2	23,47	0,0	12,13	197	99	0.406956121323	1.0	0.021,0.021	0.0,0.0	0.021
3334	"ENSG00000159433.7"	"STARD9"	chr15	+	42955478	42956115	42955478	42955688	42956017	42956115	3334	2,4	6,4	3,3	6,4	197	99	0.887782123755	1.0	0.143,0.334	0.201,0.274	0.001
3335	"ENSG00000159433.7"	"STARD9"	chr15	+	42954991	42956115	42954991	42955089	42955478	42956115	3335	0,2	2,17	1,0	4,4	197	99	0.611662509035	1.0	0.0,0.056	0.112,0.0	-0.028
3338	"ENSG00000095059.11"	"DHPS"	chr19	-	12790270	12790533	12790270	12790357	12790457	12790533	3338	173,95	1,0	141,114	1,1	197	99	0.675397325829	1.0	0.989,1.0	0.986,0.983	0.01
3339	"ENSG00000095059.11"	"DHPS"	chr19	-	12790270	12790533	12790270	12790357	12790436	12790533	3339	16,16	108,68	25,16	94,68	177	99	0.256194615607	1.0	0.077,0.116	0.129,0.116	-0.026
333	"ENSG00000248734.2"	"CTD-2260A17.1"	chr5	+	96120663	96121194	96120663	96120772	96121088	96121194	333	3,0	1,0	1,1	0,0	197	99	1	1.0	0.601,NA	1.0,1.0	-0.399
3344	"ENSG00000163359.11"	"COL6A3"	chr2	-	238250707	238253486	238250707	238250804	238252992	238253486	3344	0,1	0,7	0,0	1,1	197	99	1	1.0	NA,0.067	0.0,0.0	0.067
3346	"ENSG00000090447.7"	"TFAP4"	chr16	-	4311779	4312423	4311779	4311950	4312324	4312423	3346	1,12	27,100	4,2	68,50	197	99	0.234841820995	1.0	0.018,0.057	0.029,0.02	0.013
3347	"ENSG00000090447.7"	"TFAP4"	chr16	-	4310090	4310596	4310090	4310246	4310455	4310596	3347	1,2	3,6	1,0	8,5	197	99	0.364813371934	1.0	0.143,0.143	0.059,0.0	0.113
3348	"ENSG00000144802.7"	"NFKBIZ"	chr3	+	101571934	101572707	101571934	101572078	101572444	101572707	3348	5,2	1,0	1,0	0,0	197	99	1	1.0	0.715,1.0	1.0,NA	-0.143
3349	"ENSG00000165637.9"	"VDAC2"	chr10	+	76978820	76979114	76978820	76978973	76979061	76979114	3349	17,23	1436,1870	15,10	1283,995	186	99	1	1.0	0.006,0.007	0.006,0.005	0.001
3350	"ENSG00000158941.12"	"CCAR2"	chr8	+	22476662	22477981	22476662	22476868	22477150	22477981	3350	8,8	70,85	9,6	53,36	197	99	0.192509272507	1.0	0.054,0.045	0.079,0.077	-0.028
3352	"ENSG00000013573.12"	"DDX11"	chr12	+	31242336	31243028	31242336	31242424	31242824	31243028	3352	46,103	32,41	66,53	34,21	197	99	0.717026692237	1.0	0.419,0.558	0.494,0.559	-0.038
3353	"ENSG00000013573.12"	"DDX11"	chr12	+	31241977	31243028	31241977	31242085	31242819	31243028	3353	20,15	0,3	20,15	1,1	197	99	0.627406091078	1.0	1.0,0.715	0.91,0.883	-0.039
3355	"ENSG00000013573.12"	"DDX11"	chr12	+	31256510	31257725	31256510	31256665	31256740	31257725	3355	69,122	43,31	122,87	31,23	173	99	0.189570318329	1.0	0.479,0.693	0.693,0.684	-0.103
3356	"ENSG00000013573.12"	"DDX11"	chr12	+	31242336	31243028	31242336	31242424	31242773	31243028	3356	7,25	0,1	22,21	1,0	197	99	1	1.0	1.0,0.926	0.917,1.0	0.005
3358	"ENSG00000013573.12"	"DDX11"	chr12	+	31231111	31231348	31231111	31231222	31231323	31231348	3358	0,0	0,2	1,1	5,3	197	99	1	1.0	NA,0.0	0.091,0.143	-0.117
3359	"ENSG00000013573.12"	"DDX11"	chr12	+	31230878	31231222	31230878	31231041	31231128	31231222	3359	8,5	0,0	7,8	0,1	185	99	1	1.0	1.0,1.0	1.0,0.811	0.095
3362	"ENSG00000163374.15"	"YY1AP1"	chr1	-	155630507	155631214	155630507	155630724	155631097	155631214	3362	6,4	1,0	3,4	0,0	197	99	1	1.0	0.751,1.0	1.0,1.0	-0.125
3367	"ENSG00000150433.5"	"TMEM218"	chr11	-	124972027	124972705	124972027	124972247	124972629	124972705	3367	38,23	6,2	21,15	3,2	197	99	0.819501775078	1.0	0.761,0.852	0.779,0.79	0.022
3368	"ENSG00000150433.5"	"TMEM218"	chr11	-	124972027	124972705	124972027	124972247	124972532	124972705	3368	17,6	8,3	12,7	3,2	197	99	0.380115737637	1.0	0.516,0.501	0.668,0.638	-0.145
3369	"ENSG00000150433.5"	"TMEM218"	chr11	-	124972027	124972705	124972027	124972213	124972629	124972705	3369	39,25	14,2	21,16	8,5	197	99	0.397940769784	1.0	0.583,0.863	0.569,0.617	0.13
336	"ENSG00000149547.10"	"EI24"	chr11	+	125452241	125452315	125452241	125452299	125452301	125452315	336	2,11	0,1	4,4	0,0	100	99	1	1.0	1.0,0.916	1.0,1.0	-0.042
3370	"ENSG00000150433.5"	"TMEM218"	chr11	-	124972027	124972705	124972027	124972213	124972532	124972705	3370	18,7	0,0	13,8	3,2	197	99	1	1.0	1.0,1.0	0.685,0.668	0.323
3371	"ENSG00000089685.10"	"BIRC5"	chr17	+	76212046	76212862	76212046	76212147	76212744	76212862	3371	10,1	0,1	8,6	0,0	197	99	1	1.0	1.0,0.334	1.0,1.0	-0.333
3372	"ENSG00000089685.10"	"BIRC5"	chr17	+	76212046	76212862	76212046	76212115	76212744	76212862	3372	11,3	4,6	8,6	7,7	197	99	0.652980292221	1.0	0.58,0.201	0.365,0.301	0.057
3381	"ENSG00000013441.11"	"CLK1"	chr2	-	201724402	201726189	201724402	201724469	201725960	201726189	3381	64,43	21,18	49,33	17,16	197	99	0.740361996793	1.0	0.605,0.546	0.592,0.509	0.025
3382	"ENSG00000095319.10"	"NUP188"	chr9	+	131757414	131757793	131757414	131757507	131757597	131757793	3382	2,0	1,0	9,4	1,1	188	99	1	1.0	0.513,NA	0.826,0.678	-0.239
3384	"ENSG00000198270.8"	"TMEM116"	chr12	-	112371689	112374634	112371689	112371834	112374495	112374634	3384	22,4	21,23	24,12	27,18	197	99	0.393925249018	1.0	0.345,0.08	0.309,0.251	-0.068
3387	"ENSG00000145833.11"	"DDX46"	chr5	+	134146910	134147535	134146910	134147048	134147385	134147535	3387	6,4	296,382	6,4	306,258	197	99	1	1.0	0.01,0.005	0.01,0.008	-0.002
3388	"ENSG00000145833.11"	"DDX46"	chr5	+	134152119	134153404	134152119	134152296	134153185	134153404	3388	0,2	95,135	2,1	119,93	197	99	1	1.0	0.0,0.007	0.008,0.005	-0.003
3389	"ENSG00000145833.11"	"DDX46"	chr5	+	134152119	134153404	134152119	134152293	134153185	134153404	3389	91,135	42,21	127,93	24,21	197	99	0.420133152654	1.0	0.521,0.764	0.727,0.69	-0.066
338	"ENSG00000133997.7"	"MED6"	chr14	-	71057982	71058531	71057982	71058098	71058438	71058531	338	2,5	1,0	0,1	0,0	197	99	1	1.0	0.501,1.0	NA,1.0	-0.25
3390	"ENSG00000143776.14"	"CDC42BPA"	chr1	-	227216357	227216951	227216357	227216437	227216760	227216951	3390	337,305	1,0	105,134	0,0	197	99	1	1.0	0.994,1.0	1.0,1.0	-0.003
3394	"ENSG00000174292.8"	"TNK1"	chr17	+	7286154	7286639	7286154	7286408	7286568	7286639	3394	3,1	1,8	3,2	3,2	197	99	0.710294075376	1.0	0.601,0.059	0.334,0.334	-0.004
3397	"ENSG00000158411.6"	"MITD1"	chr2	-	99785725	99786073	99785725	99785933	99786012	99786073	3397	20,46	85,52	23,14	50,36	177	99	0.86478265785	1.0	0.116,0.331	0.205,0.179	0.032
3399	"ENSG00000140854.8"	"KATNB1"	chr16	+	57789752	57789978	57789752	57789829	57789903	57789978	3399	0,3	17,12	4,3	27,24	172	99	0.827652844619	1.0	0.0,0.126	0.079,0.067	-0.01
339	"ENSG00000031823.10"	"RANBP3"	chr19	-	5924837	5925748	5924837	5924916	5925644	5925748	339	2,0	128,210	2,1	152,122	197	99	1	1.0	0.008,0.0	0.007,0.004	-0.001
33	"ENSG00000168970.16"	"JMJD7-PLA2G4B"	chr15	+	42138140	42138580	42138140	42138245	42138448	42138580	33	14,16	1,0	8,8	0,0	197	99	1	1.0	0.876,1.0	1.0,1.0	-0.062
3400	"ENSG00000180879.9"	"SSR4"	chrX	+	153063525	153063948	153063525	153063591	153063783	153063948	3400	7,1	192,102	6,5	182,131	197	99	0.657838264052	1.0	0.018,0.005	0.016,0.019	-0.006
3401	"ENSG00000196465.6"	"MYL6B"	chr12	+	56548596	56548982	56548596	56548624	56548838	56548982	3401	6,2	40,31	3,2	29,20	197	99	0.901025680152	1.0	0.07,0.031	0.049,0.048	0.002
3402	"ENSG00000139620.8"	"KANSL2"	chr12	-	49075164	49076008	49075164	49075424	49075969	49076008	3402	0,0	6,28	1,1	15,12	197	99	0.358131237703	1.0	0.0,0.0	0.032,0.04	-0.036
3403	"ENSG00000104327.3"	"CALB1"	chr8	-	91094253	91094616	91094253	91094330	91094439	91094616	3403	7,0	1,0	2,2	1,0	197	99	1	1.0	0.779,NA	0.501,1.0	0.029
3406	"ENSG00000140400.10"	"MAN2C1"	chr15	-	75650802	75651149	75650802	75650959	75651044	75651149	3406	28,35	47,34	30,23	38,27	183	99	0.883054351228	1.0	0.244,0.358	0.299,0.315	-0.006
3408	"ENSG00000140400.10"	"MAN2C1"	chr15	-	75653626	75654061	75653626	75653722	75653944	75654061	3408	4,3	79,54	5,4	77,53	197	99	0.652087888166	1.0	0.025,0.027	0.032,0.037	-0.009
3409	"ENSG00000140400.10"	"MAN2C1"	chr15	-	75651682	75652116	75651682	75651707	75651960	75652116	3409	46,31	2,1	42,30	1,1	197	99	0.851296157324	1.0	0.92,0.94	0.955,0.938	-0.016
340	"ENSG00000196262.9"	"PPIA"	chr7	+	44838990	44839473	44838990	44839079	44839300	44839473	340	30,30	14033,12607	62,39	10332,10447	197	99	1	1.0	0.001,0.001	0.003,0.002	-0.002
3410	"ENSG00000140400.10"	"MAN2C1"	chr15	-	75652430	75652864	75652430	75652552	75652647	75652864	3410	21,46	0,1	17,11	1,0	193	99	0.406414121197	1.0	1.0,0.959	0.897,1.0	0.031
3411	"ENSG00000235592.1"	"GS1-600G8.4"	chrX	+	13346882	13347294	13346882	13346943	13347114	13347294	3411	4,43	0,0	6,16	5,6	197	99	1	1.0	1.0,1.0	0.376,0.573	0.526
3412	"ENSG00000235592.1"	"GS1-600G8.4"	chrX	+	13346708	13346943	13346708	13346779	13346882	13346943	3412	1,9	6,36	1,2	5,16	197	99	0.842485235889	1.0	0.077,0.112	0.091,0.059	0.02
3413	"ENSG00000205220.7"	"PSMB10"	chr16	-	67969865	67970215	67969865	67970006	67970117	67970215	3413	5,1	14,7	1,1	9,6	197	99	0.788127527573	1.0	0.152,0.067	0.053,0.077	0.044
3416	"ENSG00000164050.8"	"PLXNB1"	chr3	-	48451863	48452445	48451863	48451967	48452276	48452445	3416	1,2	4,9	2,2	9,6	197	99	0.964718204029	1.0	0.112,0.1	0.1,0.143	-0.015
3417	"ENSG00000164050.8"	"PLXNB1"	chr3	-	48451863	48452445	48451863	48451902	48452276	48452445	3417	2,7	0,2	12,7	0,0	197	99	1	1.0	1.0,0.638	1.0,1.0	-0.181
3419	"ENSG00000164050.8"	"PLXNB1"	chr3	-	48448129	48448305	48448129	48448147	48448229	48448305	3419	1,1	0,0	2,1	2,2	180	99	1	1.0	1.0,1.0	0.355,0.216	0.715
341	"ENSG00000075336.7"	"TIMM21"	chr18	+	71822379	71822638	71822379	71822442	71822540	71822638	341	18,23	89,91	16,11	63,52	196	99	0.878777874345	1.0	0.093,0.113	0.114,0.097	-0.003
3420	"ENSG00000164050.8"	"PLXNB1"	chr3	-	48453271	48453713	48453271	48453418	48453646	48453713	3420	10,4	12,13	4,2	13,10	197	99	0.317125885308	1.0	0.295,0.134	0.134,0.091	0.102
3423	"ENSG00000124224.12"	"PPP4R1L"	chr20	-	56820838	56822562	56820838	56821308	56822377	56822562	3423	21,5	5,3	19,10	6,3	197	99	0.868530719595	1.0	0.679,0.456	0.614,0.626	-0.052
3424	"ENSG00000105726.12"	"ATP13A1"	chr19	-	19766124	19766463	19766124	19766262	19766336	19766463	3424	2,3	70,62	3,1	63,46	172	99	0.875741050371	1.0	0.016,0.027	0.027,0.012	0.002
3425	"ENSG00000105726.12"	"ATP13A1"	chr19	-	19756455	19756794	19756455	19756599	19756682	19756794	3425	26,42	99,91	50,23	93,64	181	99	0.265852198161	1.0	0.126,0.202	0.227,0.164	-0.032
3426	"ENSG00000105726.12"	"ATP13A1"	chr19	-	19758222	19758568	19758222	19758337	19758407	19758568	3426	6,12	48,53	10,6	47,33	168	99	0.725139761478	1.0	0.069,0.118	0.111,0.097	-0.011
3427	"ENSG00000105726.12"	"ATP13A1"	chr19	-	19767468	19767725	19767468	19767575	19767655	19767725	3427	16,15	29,18	15,9	22,18	178	99	0.854468689216	1.0	0.235,0.317	0.275,0.218	0.03
3428	"ENSG00000105726.12"	"ATP13A1"	chr19	-	19760549	19762606	19760549	19760749	19762497	19762606	3428	1,20	38,49	11,6	40,26	197	99	0.664567135079	1.0	0.013,0.17	0.121,0.104	-0.021
3430	"ENSG00000186166.4"	"CCDC84"	chr11	+	118882648	118882964	118882648	118882713	118882824	118882964	3430	8,12	6,3	5,3	3,1	197	99	0.954933394779	1.0	0.401,0.668	0.456,0.601	0.006
3431	"ENSG00000183569.13"	"SERHL2"	chr22	+	42951669	42952089	42951669	42951711	42952053	42952089	3431	0,2	0,0	0,0	0,1	197	99	1	1.0	NA,1.0	NA,0.0	1.0
3433	"ENSG00000204220.5"	"PFDN6"	chr6	+	33257403	33257697	33257403	33257467	33257546	33257697	3433	135,110	0,3	60,56	1,1	177	99	0.485212679093	1.0	1.0,0.954	0.971,0.969	0.007
3434	"ENSG00000227372.6"	"TP73-AS1"	chr1	-	3652547	3656951	3652547	3654418	3656796	3656951	3434	32,17	5,0	43,32	4,2	197	99	0.792078271135	1.0	0.763,1.0	0.844,0.889	0.015
3436	"ENSG00000141002.14"	"TCF25"	chr16	+	89970525	89971504	89970525	89970613	89971345	89971504	3436	29,27	58,35	43,26	51,35	197	99	0.299538396339	1.0	0.201,0.279	0.298,0.272	-0.045
3437	"ENSG00000141002.14"	"TCF25"	chr16	+	89970525	89971504	89970525	89970613	89971410	89971504	3437	72,74	1,0	27,34	0,0	197	99	1	1.0	0.973,1.0	1.0,1.0	-0.014
3438	"ENSG00000068903.15"	"SIRT2"	chr19	-	39380328	39380601	39380328	39380385	39380494	39380601	3438	0,0	103,82	1,0	97,62	197	99	1	1.0	0.0,0.0	0.005,0.0	-0.003
3439	"ENSG00000186470.9"	"BTN3A2"	chr6	+	26373503	26373641	26373503	26373524	26373614	26373641	3439	2,2	17,11	1,1	5,4	188	99	0.397548743953	1.0	0.058,0.087	0.095,0.116	-0.033
343	"ENSG00000184163.3"	"FAM132A"	chr1	-	1179333	1179655	1179333	1179485	1179570	1179655	343	2,6	0,0	6,4	1,1	183	99	1	1.0	1.0,1.0	0.764,0.684	0.276
3440	"ENSG00000186470.9"	"BTN3A2"	chr6	+	26368217	26368495	26368217	26368278	26368405	26368495	3440	0,9	0,1	3,2	1,1	197	99	1	1.0	NA,0.819	0.601,0.501	0.268
3442	"ENSG00000184162.10"	"NR2C2AP"	chr19	-	19312224	19312850	19312224	19312372	19312739	19312850	3442	82,59	1,0	58,43	1,2	197	99	0.28689209317	1.0	0.976,1.0	0.967,0.915	0.047
3444	"ENSG00000132313.10"	"MRPL35"	chr2	+	86437602	86440917	86437602	86437736	86440768	86440917	3444	102,92	1,0	38,47	0,0	197	99	0.663660004908	1.0	0.981,1.0	1.0,1.0	-0.01
3445	"ENSG00000227057.3"	"WDR46"	chr6	-	33248204	33248764	33248204	33248299	33248621	33248764	3445	43,58	1,0	11,9	0,0	197	99	1	1.0	0.956,1.0	1.0,1.0	-0.022
3446	"ENSG00000227057.3"	"WDR46"	chr6	-	33246884	33247387	33246884	33247151	33247273	33247387	3446	17,11	108,81	9,8	67,53	197	99	0.960309374675	1.0	0.073,0.064	0.063,0.071	0.002
3448	"ENSG00000227057.3"	"WDR46"	chr6	-	33255924	33256247	33255924	33256012	33256134	33256247	3448	8,11	143,79	9,7	80,72	197	99	0.546218811545	1.0	0.027,0.065	0.054,0.047	-0.005
3449	"ENSG00000104973.10"	"MED25"	chr19	+	50335192	50335414	50335192	50335278	50335356	50335414	3449	0,1	16,70	1,1	64,43	176	99	0.964114901062	1.0	0.0,0.008	0.009,0.013	-0.007
3450	"ENSG00000104973.10"	"MED25"	chr19	+	50339482	50340236	50339482	50339663	50340103	50340236	3450	5,14	13,20	12,7	13,10	197	99	0.416903921691	1.0	0.162,0.26	0.317,0.26	-0.077
3451	"ENSG00000163728.6"	"TTC14"	chr3	+	180326488	180327791	180326488	180326598	180327417	180327791	3451	61,72	6,14	75,56	8,5	197	99	0.352931890315	1.0	0.836,0.721	0.825,0.849	-0.058
3452	"ENSG00000197858.6"	"GPAA1"	chr8	+	145138291	145138764	145138291	145138403	145138616	145138764	3452	20,24	42,44	26,18	37,25	197	99	0.258417544736	1.0	0.193,0.215	0.261,0.266	-0.059
3453	"ENSG00000197858.6"	"GPAA1"	chr8	+	145139945	145140349	145139945	145140041	145140236	145140349	3453	113,74	0,2	44,30	0,0	197	99	0.421251381632	1.0	1.0,0.949	1.0,1.0	-0.026
3454	"ENSG00000197858.6"	"GPAA1"	chr8	+	145140191	145140646	145140191	145140382	145140460	145140646	3454	0,14	2,0	6,7	1,1	176	99	0.546231015188	1.0	0.0,1.0	0.771,0.797	-0.284
3455	"ENSG00000197858.6"	"GPAA1"	chr8	+	145140191	145140646	145140191	145140382	145140475	145140646	3455	55,37	183,96	32,22	125,84	191	99	0.275458700265	1.0	0.135,0.167	0.117,0.12	0.033
345	"ENSG00000157796.13"	"WDR19"	chr4	+	39274599	39276578	39274599	39274681	39276427	39276578	345	20,7	9,10	7,6	6,4	197	99	0.928190834257	1.0	0.528,0.26	0.37,0.43	-0.006
3462	"ENSG00000056586.11"	"RC3H2"	chr9	-	125627627	125627936	125627627	125627820	125627902	125627936	3462	72,40	0,0	36,29	1,1	180	99	0.192403433747	1.0	1.0,1.0	0.952,0.941	0.054
3463	"ENSG00000096093.10"	"EFHC1"	chr6	+	52317485	52319085	52317485	52317635	52318892	52319085	3463	32,19	8,1	15,10	6,3	197	99	0.209514308496	1.0	0.668,0.905	0.557,0.626	0.195
3464	"ENSG00000167964.8"	"RAB26"	chr16	+	2202820	2203223	2202820	2202886	2202989	2203223	3464	1,4	14,0	1,1	4,3	197	99	0.658313169926	1.0	0.035,1.0	0.112,0.143	0.39
3465	"ENSG00000167964.8"	"RAB26"	chr16	+	2202989	2203223	2202989	2203046	2203146	2203223	3465	11,7	8,0	10,6	2,1	197	99	0.64405959367	1.0	0.409,1.0	0.715,0.751	-0.028
3466	"ENSG00000168288.8"	"MMADHC"	chr2	-	150443602	150444116	150443602	150443663	150444113	150444116	3466	11,14	2,0	1,1	0,0	197	99	1	1.0	0.734,1.0	1.0,1.0	-0.133
346	"ENSG00000131187.5"	"F12"	chr5	-	176830481	176831091	176830481	176830618	176830859	176831091	346	10,13	9,4	8,5	3,1	197	99	0.50392342872	1.0	0.358,0.62	0.573,0.715	-0.155
3471	"ENSG00000140521.7"	"POLG"	chr15	-	89866750	89867132	89866750	89866783	89867045	89867132	3471	0,0	1,1	2,1	1,1	197	99	1	1.0	0.0,0.0	0.501,0.334	-0.417
3472	"ENSG00000140521.7"	"POLG"	chr15	-	89870243	89870580	89870243	89870283	89870397	89870580	3472	30,24	0,1	24,22	0,0	197	99	1	1.0	1.0,0.923	1.0,1.0	-0.038
3473	"ENSG00000183426.11"	"NPIPA1"	chr16	+	15029016	15029254	15029016	15029133	15029201	15029254	3473	28,12	0,1	22,14	1,1	166	99	0.628836603952	1.0	1.0,0.877	0.929,0.893	0.027
3474	"ENSG00000148824.14"	"MTG1"	chr10	+	135215652	135216277	135215652	135215749	135216195	135216277	3474	4,2	60,22	3,2	28,21	197	99	0.505781385849	1.0	0.032,0.044	0.051,0.046	-0.011
3475	"ENSG00000148824.14"	"MTG1"	chr10	+	135215032	135215749	135215032	135215094	135215652	135215749	3475	8,12	16,5	11,8	5,5	197	99	0.344389565544	1.0	0.201,0.547	0.525,0.446	-0.112
3478	"ENSG00000109180.10"	"OCIAD1"	chr4	+	48833079	48833275	48833079	48833158	48833243	48833275	3478	136,207	0,5	129,168	4,5	183	99	0.240054213451	1.0	1.0,0.957	0.946,0.948	0.031
3479	"ENSG00000149499.7"	"EML3"	chr11	-	62370230	62370719	62370230	62370251	62370620	62370719	3479	62,37	6,4	50,31	3,2	197	99	0.505086747433	1.0	0.839,0.823	0.893,0.886	-0.058
3480	"ENSG00000149499.7"	"EML3"	chr11	-	62371415	62371673	62371415	62371513	62371595	62371673	3480	6,66	0,0	92,73	1,1	180	99	0.444138612935	1.0	1.0,1.0	0.981,0.976	0.022
3481	"ENSG00000149499.7"	"EML3"	chr11	-	62371415	62371673	62371415	62371513	62371584	62371673	3481	19,37	76,22	38,27	55,41	169	99	0.930196253766	1.0	0.128,0.496	0.288,0.278	0.029
3484	"ENSG00000221926.7"	"TRIM16"	chr17	-	15586349	15587613	15586349	15586471	15587509	15587613	3484	4,9	16,9	6,5	12,9	197	99	0.957217275349	1.0	0.112,0.334	0.201,0.218	0.013
3485	"ENSG00000131966.9"	"ACTR10"	chr14	+	58690339	58690574	58690339	58690419	58690500	58690574	3485	2,4	26,19	2,2	22,14	179	99	0.969704817685	1.0	0.041,0.104	0.048,0.073	0.012
3487	"ENSG00000116478.7"	"HDAC1"	chr1	+	32793006	32793241	32793006	32793059	32793136	32793241	3487	1,17	0,4	4,6	2,1	175	99	0.750426933826	1.0	1.0,0.706	0.531,0.772	0.202
3491	"ENSG00000167257.6"	"RNF214"	chr11	+	117109316	117110576	117109316	117109362	117110516	117110576	3491	3,18	0,3	14,11	1,0	197	99	0.466857261913	1.0	1.0,0.751	0.876,1.0	-0.063
3492	"ENSG00000167257.6"	"RNF214"	chr11	+	117109316	117109827	117109316	117109362	117109621	117109827	3492	44,35	1,0	14,11	0,0	197	99	1	1.0	0.957,1.0	1.0,1.0	-0.022
3493	"ENSG00000167257.6"	"RNF214"	chr11	+	117109316	117110576	117109316	117109827	117110516	117110576	3493	2,1	40,69	2,1	56,39	197	99	0.845091016086	1.0	0.025,0.007	0.018,0.013	0.001
3494	"ENSG00000167257.6"	"RNF214"	chr11	+	117152609	117152986	117152609	117152627	117152931	117152986	3494	125,155	0,0	94,76	1,0	197	99	0.306795441748	1.0	1.0,1.0	0.979,1.0	0.01
3496	"ENSG00000160446.14"	"ZDHHC12"	chr9	-	131483147	131483781	131483147	131483547	131483703	131483781	3496	55,203	0,1	84,59	0,0	197	99	0.888011003268	1.0	1.0,0.99	1.0,1.0	-0.005
34	"ENSG00000168970.16"	"JMJD7-PLA2G4B"	chr15	+	42137400	42137973	42137400	42137518	42137835	42137973	34	3,1	15,13	2,2	11,7	197	99	0.510057801237	1.0	0.091,0.037	0.084,0.126	-0.041
3508	"ENSG00000156531.12"	"PHF6"	chrX	+	133559230	133562819	133559230	133559360	133559690	133562819	3508	74,144	90,24	97,78	83,53	197	99	0.350127732877	1.0	0.292,0.751	0.37,0.425	0.124
350	"ENSG00000145020.10"	"AMT"	chr3	-	49457142	49457775	49457142	49457221	49457643	49457775	350	6,4	4,2	5,3	1,1	197	99	0.489935894772	1.0	0.43,0.501	0.715,0.601	-0.192
3510	"ENSG00000185163.5"	"DDX51"	chr12	-	132625375	132625965	132625375	132625565	132625819	132625965	3510	22,6	10,11	14,10	5,4	197	99	0.198084329447	1.0	0.525,0.215	0.585,0.557	-0.201
3511	"ENSG00000185163.5"	"DDX51"	chr12	-	132625375	132625965	132625375	132625565	132625647	132625965	3511	23,3	5,7	11,9	8,5	180	99	0.946784285649	1.0	0.717,0.191	0.431,0.497	-0.01
3512	"ENSG00000185163.5"	"DDX51"	chr12	-	132626042	132626735	132626042	132626151	132626501	132626735	3512	2,42	1,3	5,7	0,0	197	99	1	1.0	0.501,0.876	1.0,1.0	-0.311
3514	"ENSG00000185163.5"	"DDX51"	chr12	-	132626501	132626735	132626501	132626549	132626663	132626735	3514	1,14	0,0	2,2	1,1	197	99	1	1.0	1.0,1.0	0.501,0.501	0.499
3515	"ENSG00000185163.5"	"DDX51"	chr12	-	132626663	132626862	132626663	132626735	132626821	132626862	3515	0,1	4,22	0,0	10,10	184	99	1	1.0	0.0,0.024	0.0,0.0	0.012
351	"ENSG00000145020.10"	"AMT"	chr3	-	49454210	49455151	49454210	49454800	49455047	49455151	351	16,20	0,0	22,12	1,1	197	99	1	1.0	1.0,1.0	0.917,0.858	0.113
3522	"ENSG00000269640.1"	"CTD-2521M24.9"	chr19	+	17523905	17524114	17523905	17523913	17524029	17524114	3522	51,22	3,2	37,23	1,1	197	99	0.647805968542	1.0	0.895,0.847	0.949,0.92	-0.064
3523	"ENSG00000269640.1"	"CTD-2521M24.9"	chr19	+	17516632	17517105	17516632	17516804	17516885	17517105	3523	1,2	6,7	3,2	5,3	179	99	0.288702466635	1.0	0.084,0.136	0.249,0.269	-0.149
3524	"ENSG00000269640.1"	"CTD-2521M24.9"	chr19	+	17516632	17517105	17516632	17516796	17516885	17517105	3524	3,9	20,10	9,6	14,11	187	99	0.543931472057	1.0	0.074,0.323	0.254,0.224	-0.04
3526	"ENSG00000163378.9"	"EOGT"	chr3	-	69037656	69038168	69037656	69037728	69038075	69038168	3526	1,0	9,44	1,0	10,10	197	99	0.306642807895	1.0	0.053,0.0	0.048,0.0	0.002
3527	"ENSG00000173039.14"	"RELA"	chr11	-	65429407	65429676	65429407	65429559	65429649	65429676	3527	0,2	44,129	1,1	80,55	188	99	0.762690349651	1.0	0.0,0.008	0.007,0.009	-0.004
3528	"ENSG00000173039.14"	"RELA"	chr11	-	65429157	65429559	65429157	65429306	65429407	65429559	3528	0,4	158,133	3,2	120,83	197	99	0.459347811794	1.0	0.0,0.015	0.012,0.012	-0.005
3529	"ENSG00000173039.14"	"RELA"	chr11	-	65429157	65429559	65429157	65429290	65429407	65429559	3529	162,145	2,0	99,70	1,1	197	99	0.429210227519	1.0	0.976,1.0	0.98,0.972	0.012
352	"ENSG00000145020.10"	"AMT"	chr3	-	49456403	49456838	49456403	49456584	49456692	49456838	352	0,1	1,0	3,1	2,1	197	99	0.586593436887	1.0	0.0,1.0	0.43,0.334	0.118
3531	"ENSG00000173039.14"	"RELA"	chr11	-	65421072	65422471	65421072	65421980	65422289	65422471	3531	106,133	5,2	76,50	1,1	197	99	0.782404889262	1.0	0.914,0.971	0.974,0.962	-0.025
3532	"ENSG00000173039.14"	"RELA"	chr11	-	65426072	65426293	65426072	65426073	65426188	65426293	3532	1,12	0,1	3,2	0,0	197	99	1	1.0	1.0,0.858	1.0,1.0	-0.071
3533	"ENSG00000088448.10"	"ANKRD10"	chr13	-	111535541	111536140	111535541	111535622	111536044	111536140	3533	5,29	1,1	6,5	0,0	197	99	1	1.0	0.715,0.936	1.0,1.0	-0.174
3538	"ENSG00000132604.6"	"TERF2"	chr16	-	69402278	69402498	69402278	69402385	69402489	69402498	3538	16,21	2,8	7,5	4,3	197	99	0.22262844134	1.0	0.801,0.569	0.468,0.456	0.223
3539	"ENSG00000139428.7"	"MMAB"	chr12	-	109998844	109999134	109998844	109998909	109999047	109999134	3539	1,4	2,1	1,1	2,1	197	99	0.713156083488	1.0	0.201,0.668	0.201,0.334	0.167
353	"ENSG00000104884.10"	"ERCC2"	chr19	-	45872187	45872405	45872187	45872250	45872327	45872405	353	0,2	69,4	1,1	41,32	175	99	0.618014931101	1.0	0.0,0.22	0.014,0.017	0.095
3541	"ENSG00000142102.11"	"ATHL1"	chr11	+	290677	291113	290677	290781	290960	291113	3541	168,97	2,1	138,90	2,1	197	99	0.832260654068	1.0	0.977,0.98	0.972,0.978	0.003
3542	"ENSG00000142102.11"	"ATHL1"	chr11	+	293162	293727	293162	293235	293669	293727	3542	205,127	1,2	203,130	2,2	197	99	0.788504006593	1.0	0.99,0.97	0.981,0.97	0.004
3543	"ENSG00000142102.11"	"ATHL1"	chr11	+	290677	292095	290677	291113	291975	292095	3543	236,129	54,31	209,129	44,32	197	99	0.878516273668	1.0	0.687,0.677	0.705,0.67	-0.005
3544	"ENSG00000142102.11"	"ATHL1"	chr11	+	292885	293502	292885	292997	293365	293502	3544	2,23	1,0	13,18	0,0	197	99	1	1.0	0.501,1.0	1.0,1.0	-0.25
3545	"ENSG00000213614.5"	"HEXA"	chr15	-	72638317	72638666	72638317	72638469	72638575	72638666	3545	5,26	2,0	10,13	0,0	197	99	1	1.0	0.557,1.0	1.0,1.0	-0.222
3546	"ENSG00000213614.5"	"HEXA"	chr15	-	72646031	72647965	72646031	72646078	72647899	72647965	3546	5,2	133,101	4,3	127,96	197	99	0.954063282106	1.0	0.019,0.01	0.016,0.015	-0.001
3548	"ENSG00000204264.4"	"PSMB8"	chr6	-	32810448	32810866	32810448	32810560	32810718	32810866	3548	0,0	1,1	1,0	5,2	197	99	1	1.0	0.0,0.0	0.091,0.0	-0.045
3550	"ENSG00000204564.7"	"C6orf136"	chr6	+	30620424	30620886	30620424	30620494	30620578	30620886	3550	26,16	48,92	17,12	48,34	182	99	0.664609325757	1.0	0.228,0.086	0.162,0.161	-0.005
3551	"ENSG00000196975.10"	"ANXA4"	chr2	+	70035037	70037805	70035037	70035128	70037725	70037805	3551	4,1	21,8	1,1	16,10	197	99	0.550200257521	1.0	0.087,0.059	0.03,0.048	0.034
3552	"ENSG00000177463.11"	"NR2C2"	chr3	+	15079506	15080734	15079506	15079644	15080628	15080734	3552	18,12	36,35	24,15	43,27	197	99	0.39363522448	1.0	0.201,0.147	0.219,0.218	-0.045
3553	"ENSG00000047188.11"	"YTHDC2"	chr5	+	112899555	112899828	112899555	112899637	112899738	112899828	3553	2,72	0,6	19,37	1,1	197	99	0.603757762632	1.0	1.0,0.858	0.905,0.949	0.002
3554	"ENSG00000047188.11"	"YTHDC2"	chr5	+	112899555	112899828	112899555	112899645	112899738	112899828	3554	68,62	1,0	13,18	0,0	191	99	1	1.0	0.972,1.0	1.0,1.0	-0.014
3556	"ENSG00000055118.10"	"KCNH2"	chr7	-	150648008	150648923	150648008	150648142	150648535	150648923	3556	1652,1442	17,40	974,711	14,10	197	99	0.40914876994	1.0	0.98,0.948	0.972,0.973	-0.008
3557	"ENSG00000055118.10"	"KCNH2"	chr7	-	150648008	150648923	150648008	150648125	150648535	150648923	3557	1767,1587	1,4	752,596	1,0	197	99	1	1.0	0.999,0.995	0.997,1.0	-0.001
3558	"ENSG00000096080.7"	"MRPS18A"	chr6	-	43642938	43643354	43642938	43643008	43643230	43643354	3558	7,7	282,217	7,5	185,171	197	99	0.61424653357	1.0	0.012,0.016	0.019,0.014	-0.003
355	"ENSG00000213983.7"	"AP1G2"	chr14	-	24034814	24035369	24034814	24034910	24035024	24035369	355	10,15	63,18	20,12	46,32	197	99	0.74784692158	1.0	0.074,0.295	0.179,0.159	0.016
3562	"ENSG00000105171.5"	"POP4"	chr19	+	30102420	30102846	30102420	30102450	30102768	30102846	3562	1,0	0,2	1,1	0,0	197	99	1	1.0	1.0,0.0	1.0,1.0	-0.5
3563	"ENSG00000135968.15"	"GCC2"	chr2	+	109102091	109102323	109102091	109102192	109102286	109102323	3563	0,1	0,28	1,0	9,12	192	99	1	1.0	NA,0.018	0.054,0.0	-0.009
3564	"ENSG00000103091.10"	"WDR59"	chr16	-	74949767	74950058	74949767	74949892	74949999	74950058	3564	6,3	3,0	7,5	0,1	197	99	0.516834524568	1.0	0.501,1.0	1.0,0.715	-0.107
356	"ENSG00000213983.7"	"AP1G2"	chr14	-	24031712	24032847	24031712	24031802	24032588	24032847	356	22,32	16,2	35,21	14,8	197	99	0.616723091407	1.0	0.409,0.889	0.557,0.569	0.086
3573	"ENSG00000112531.12"	"QKI"	chr6	+	163984451	163991177	163984451	163984751	163986977	163991177	3573	21,15	14,24	27,21	16,15	197	99	0.23900941858	1.0	0.43,0.239	0.459,0.413	-0.101
3574	"ENSG00000112531.12"	"QKI"	chr6	+	163984451	163991177	163984451	163984751	163985698	163991177	3574	28,29	11,7	33,22	8,6	197	99	0.618426785746	1.0	0.561,0.676	0.675,0.648	-0.043
3581	"ENSG00000069399.8"	"BCL3"	chr19	+	45261502	45262098	45261502	45261670	45261980	45262098	3581	1,2	2,7	3,1	4,2	197	99	0.497207879558	1.0	0.201,0.126	0.274,0.201	-0.074
3585	"ENSG00000137822.8"	"TUBGCP4"	chr15	+	43693913	43695997	43693913	43694048	43695880	43695997	3585	2,6	54,43	6,4	46,34	197	99	0.426871126806	1.0	0.018,0.066	0.062,0.056	-0.017
3587	"ENSG00000102225.11"	"CDK16"	chrX	+	47086392	47086622	47086392	47086498	47086558	47086622	3587	0,0	1,1	3,2	1,1	158	99	1	1.0	0.0,0.0	0.653,0.556	-0.605
3589	"ENSG00000102225.11"	"CDK16"	chrX	+	47087965	47088389	47087965	47088043	47088129	47088389	3589	5,11	135,171	13,6	135,91	184	99	0.19268334482	1.0	0.02,0.033	0.049,0.034	-0.015
358	"ENSG00000213983.7"	"AP1G2"	chr14	-	24032792	24033065	24032792	24032847	24032924	24033065	358	0,1	55,32	2,2	51,40	175	99	0.360848650844	1.0	0.0,0.017	0.022,0.028	-0.017
3590	"ENSG00000004975.7"	"DVL2"	chr17	-	7133603	7134116	7133603	7133749	7134046	7134116	3590	5,3	83,52	7,3	59,42	197	99	0.309009440998	1.0	0.029,0.028	0.056,0.035	-0.017
3591	"ENSG00000168438.10"	"CDC40"	chr6	+	110531909	110533475	110531909	110532006	110533335	110533475	3591	0,6	71,25	1,1	50,34	197	99	0.461497491813	1.0	0.0,0.108	0.01,0.015	0.041
3593	"ENSG00000167965.13"	"MLST8"	chr16	+	2256358	2256660	2256358	2256410	2256555	2256660	3593	168,92	3,0	152,107	4,3	197	99	0.320347989825	1.0	0.966,1.0	0.95,0.947	0.035
3595	"ENSG00000167965.13"	"MLST8"	chr16	+	2258210	2258614	2258210	2258335	2258450	2258614	3595	20,10	123,70	16,10	107,71	197	99	0.86198154065	1.0	0.076,0.067	0.07,0.066	0.004
3596	"ENSG00000167965.13"	"MLST8"	chr16	+	2258450	2259413	2258450	2258614	2258759	2259413	3596	1,1	213,143	1,0	162,116	197	99	1	1.0	0.002,0.004	0.003,0.0	0.002
3598	"ENSG00000167965.13"	"MLST8"	chr16	+	2256358	2256660	2256358	2256410	2256479	2256660	3598	44,45	1,3	41,28	2,2	167	99	0.68647671313	1.0	0.963,0.899	0.924,0.892	0.023
359	"ENSG00000213983.7"	"AP1G2"	chr14	-	24032792	24033065	24032792	24032818	24032924	24033065	359	49,37	1,1	44,30	3,2	197	99	0.297946358729	1.0	0.961,0.949	0.881,0.883	0.073
35	"ENSG00000168970.16"	"JMJD7-PLA2G4B"	chr15	+	42126937	42127421	42126937	42127091	42127167	42127421	35	10,14	9,3	11,7	9,6	174	99	0.38916376127	1.0	0.387,0.726	0.41,0.399	0.152
3601	"ENSG00000166579.11"	"NDEL1"	chr17	+	8347244	8347675	8347244	8347494	8347577	8347675	3601	11,19	1,1	10,5	2,1	181	99	0.281141317569	1.0	0.857,0.912	0.732,0.732	0.153
3606	"ENSG00000182272.7"	"B4GALNT4"	chr11	+	375638	375956	375638	375773	375846	375956	3606	6,7	32,39	12,8	50,33	171	99	0.559352944031	1.0	0.098,0.094	0.122,0.123	-0.026
3608	"ENSG00000126107.10"	"HECTD3"	chr1	-	45471465	45471788	45471465	45471555	45471668	45471788	3608	20,34	62,60	14,10	45,36	197	99	0.238642520543	1.0	0.139,0.222	0.135,0.122	0.052
3612	"ENSG00000184743.8"	"ATL3"	chr11	-	63426509	63426724	63426509	63426627	63426702	63426724	3612	40,39	1,0	34,26	0,0	173	99	1	1.0	0.958,1.0	1.0,1.0	-0.021
3615	"ENSG00000164896.15"	"FASTK"	chr7	-	150776009	150776466	150776009	150776108	150776339	150776466	3615	65,46	0,0	60,67	1,0	197	99	0.833173941893	1.0	1.0,1.0	0.968,1.0	0.016
3616	"ENSG00000164896.15"	"FASTK"	chr7	-	150773712	150774114	150773712	150773919	150773999	150774114	3616	21,20	28,40	14,8	33,21	178	99	0.285737268154	1.0	0.294,0.218	0.191,0.175	0.073
3617	"ENSG00000164896.15"	"FASTK"	chr7	-	150774187	150774488	150774187	150774323	150774396	150774488	3617	88,89	109,113	89,62	117,79	171	99	0.859199562277	1.0	0.319,0.313	0.306,0.312	0.007
3619	"ENSG00000164896.15"	"FASTK"	chr7	-	150774707	150775179	150774707	150774742	150774965	150775179	3619	55,52	2,0	52,55	0,0	197	99	0.541813520206	1.0	0.933,1.0	1.0,1.0	-0.033
361	"ENSG00000213983.7"	"AP1G2"	chr14	-	24031170	24031624	24031170	24031275	24031496	24031624	361	47,81	42,10	70,39	27,17	197	99	0.808628241629	1.0	0.36,0.803	0.566,0.536	0.031
3620	"ENSG00000164896.15"	"FASTK"	chr7	-	150774707	150775179	150774707	150774867	150774965	150775179	3620	17,40	83,87	36,20	75,51	196	99	0.246472871711	1.0	0.094,0.188	0.195,0.165	-0.039
3621	"ENSG00000164896.15"	"FASTK"	chr7	-	150773999	150774323	150773999	150774114	150774187	150774323	3621	35,48	22,32	23,11	21,10	171	99	0.308207434837	1.0	0.479,0.465	0.388,0.389	0.083
3623	"ENSG00000114626.13"	"ABTB1"	chr3	+	127395378	127396129	127395378	127395424	127395809	127396129	3623	0,0	0,2	1,0	2,1	197	99	1	1.0	NA,0.0	0.201,0.0	-0.101
3626	"ENSG00000114626.13"	"ABTB1"	chr3	+	127396307	127396686	127396307	127396406	127396518	127396686	3626	2,8	4,4	3,2	2,1	197	99	0.652829210938	1.0	0.201,0.501	0.43,0.501	-0.115
3628	"ENSG00000174628.12"	"IQCK"	chr16	+	19775169	19775434	19775169	19775222	19775356	19775434	3628	2,2	3,3	3,2	1,1	197	99	0.247316584039	1.0	0.251,0.251	0.601,0.501	-0.3
3632	"ENSG00000149476.10"	"DAK"	chr11	+	61109932	61110130	61109932	61109967	61110045	61110130	3632	8,21	105,115	8,6	68,49	176	99	0.996249434323	1.0	0.041,0.093	0.062,0.064	0.004
3633	"ENSG00000149476.10"	"DAK"	chr11	+	61101020	61102203	61101020	61101248	61102091	61102203	3633	2,13	0,2	6,7	0,0	197	99	1	1.0	1.0,0.766	1.0,1.0	-0.117
3634	"ENSG00000149476.10"	"DAK"	chr11	+	61101020	61102203	61101020	61101122	61102091	61102203	3634	44,17	1,11	29,20	2,1	197	99	0.409979031752	1.0	0.957,0.437	0.879,0.91	-0.198
3635	"ENSG00000184009.5"	"ACTG1"	chr17	-	79479257	79479807	79479257	79479386	79479771	79479807	3635	1182,1328	0,2	562,551	0,0	197	99	1	1.0	1.0,0.997	1.0,1.0	-0.002
3637	"ENSG00000184009.5"	"ACTG1"	chr17	-	79479257	79479807	79479257	79479386	79479759	79479807	3637	0,11	2429,3192	16,9	2540,1954	197	99	1	1.0	0.0,0.002	0.003,0.002	-0.002
363	"ENSG00000213983.7"	"AP1G2"	chr14	-	24031170	24031624	24031170	24031262	24031496	24031624	363	91,66	1,0	83,51	3,1	197	99	0.263558588535	1.0	0.979,1.0	0.933,0.962	0.042
3641	"ENSG00000029534.15"	"ANK1"	chr8	-	41529871	41530430	41529871	41529944	41530033	41530430	3641	313,3	4,0	193,167	1,1	187	99	0.411893137254	1.0	0.976,1.0	0.99,0.989	-0.002
3642	"ENSG00000029534.15"	"ANK1"	chr8	-	41529871	41530430	41529871	41530047	41530266	41530430	3642	276,37	0,2	133,130	2,2	197	99	0.504401687996	1.0	1.0,0.903	0.971,0.97	-0.019
3645	"ENSG00000111752.6"	"PHC1"	chr12	+	9085158	9085946	9085158	9085409	9085902	9085946	3645	16,16	1,1	10,6	0,0	197	99	1	1.0	0.889,0.889	1.0,1.0	-0.111
3647	"ENSG00000111752.6"	"PHC1"	chr12	+	9085158	9085946	9085158	9085659	9085850	9085946	3647	3,6	4,1	4,2	1,0	197	99	0.563398703024	1.0	0.274,0.751	0.668,1.0	-0.322
364	"ENSG00000213983.7"	"AP1G2"	chr14	-	24031170	24031624	24031170	24031394	24031496	24031624	364	53,60	1,2	77,44	2,1	197	99	0.929700504675	1.0	0.964,0.938	0.951,0.957	-0.003
3651	"ENSG00000130755.8"	"GMFG"	chr19	-	39818998	39819713	39818998	39819188	39819639	39819713	3651	4,10	59,3	8,5	32,22	197	99	0.534061738313	1.0	0.033,0.626	0.112,0.103	0.222
3652	"ENSG00000127580.11"	"WDR24"	chr16	-	735868	736186	735868	735990	736067	736186	3652	11,7	42,15	7,4	27,19	175	99	0.625118232814	1.0	0.129,0.209	0.128,0.106	0.052
3657	"ENSG00000068097.10"	"HEATR6"	chr17	-	58151106	58151520	58151106	58151247	58151447	58151520	3657	1,16	0,1	7,8	0,0	197	99	1	1.0	1.0,0.889	1.0,1.0	-0.055
365	"ENSG00000213983.7"	"AP1G2"	chr14	-	24031170	24031624	24031170	24031316	24031496	24031624	365	37,73	0,0	66,36	1,1	197	99	0.519364256697	1.0	1.0,1.0	0.971,0.948	0.04
3660	"ENSG00000100968.9"	"NFATC4"	chr14	+	24845499	24847207	24845499	24846084	24846843	24847207	3660	2,2	0,0	9,6	1,1	197	99	1	1.0	1.0,1.0	0.819,0.751	0.215
3661	"ENSG00000100968.9"	"NFATC4"	chr14	+	24842900	24843672	24842900	24843073	24843531	24843672	3661	0,1	1,0	2,1	2,1	197	99	0.642607111651	1.0	0.0,1.0	0.334,0.334	0.166
3666	"ENSG00000108963.13"	"DPH1"	chr17	+	1939263	1939980	1939263	1939385	1939822	1939980	3666	4,7	53,59	8,6	55,37	197	99	0.327040826674	1.0	0.037,0.056	0.068,0.075	-0.025
3667	"ENSG00000108963.13"	"DPH1"	chr17	+	1943511	1943899	1943511	1943668	1943798	1943899	3667	8,0	18,38	5,3	19,11	197	99	0.311772697428	1.0	0.183,0.0	0.117,0.121	-0.027
3668	"ENSG00000108963.13"	"DPH1"	chr17	+	1943511	1943899	1943511	1943605	1943798	1943899	3668	22,32	0,0	20,13	1,0	197	99	1	1.0	1.0,1.0	0.91,1.0	0.045
3669	"ENSG00000108963.13"	"DPH1"	chr17	+	1945061	1946718	1945061	1945169	1945898	1946718	3669	2,5	5,7	10,5	6,4	197	99	0.190339075013	1.0	0.167,0.264	0.456,0.386	-0.206
366	"ENSG00000213983.7"	"AP1G2"	chr14	-	24031577	24031787	24031577	24031624	24031712	24031787	366	0,1	0,17	0,0	20,18	186	99	1	1.0	NA,0.03	0.0,0.0	0.03
3672	"ENSG00000110844.9"	"PRPF40B"	chr12	+	50026796	50027330	50026796	50026907	50027209	50027330	3672	6,3	8,8	3,3	7,5	197	99	0.954686280637	1.0	0.274,0.159	0.177,0.232	0.012
3673	"ENSG00000118308.10"	"LRMP"	chr12	+	25232331	25232697	25232331	25232396	25232589	25232697	3673	0,1	0,6	0,0	3,2	197	99	1	1.0	NA,0.077	0.0,0.0	0.077
367	"ENSG00000213983.7"	"AP1G2"	chr14	-	24032588	24032847	24032588	24032711	24032792	24032847	367	23,29	40,34	33,23	38,26	179	99	0.447568718699	1.0	0.241,0.321	0.324,0.329	-0.045
3680	"ENSG00000165280.11"	"VCP"	chr9	-	35061999	35062347	35061999	35062152	35062213	35062347	3680	4,11	0,2	9,7	0,0	159	99	1	1.0	1.0,0.774	1.0,1.0	-0.113
3682	"ENSG00000140319.6"	"SRP14"	chr15	-	40330482	40331149	40330482	40330595	40331076	40331149	3682	11,3	1395,1487	7,2	1145,949	197	99	1	1.0	0.004,0.001	0.003,0.001	0.001
3683	"ENSG00000140319.6"	"SRP14"	chr15	-	40330482	40331149	40330482	40330639	40331076	40331149	3683	1,6	0,2	4,3	0,0	197	99	1	1.0	1.0,0.601	1.0,1.0	-0.2
3685	"ENSG00000061656.5"	"SPAG4"	chr20	+	34206371	34206642	34206371	34206397	34206533	34206642	3685	9,10	13,3	6,5	4,2	197	99	0.657862655416	1.0	0.258,0.626	0.43,0.557	-0.052
3686	"ENSG00000061656.5"	"SPAG4"	chr20	+	34205441	34205762	34205441	34205508	34205700	34205762	3686	12,9	5,0	10,6	4,2	197	99	0.562780168992	1.0	0.547,1.0	0.557,0.601	0.195
3687	"ENSG00000001630.11"	"CYP51A1"	chr7	-	91746357	91746526	91746357	91746406	91746490	91746526	3687	213,231	0,2	300,248	1,1	182	99	0.803982239847	1.0	1.0,0.984	0.994,0.993	-0.002
3691	"ENSG00000163050.12"	"ADCK3"	chr1	+	227171461	227171936	227171461	227171555	227171794	227171936	3691	9,8	34,23	7,4	34,22	197	99	0.388835510893	1.0	0.117,0.149	0.094,0.084	0.044
3693	"ENSG00000204843.8"	"DCTN1"	chr2	-	74595097	74596007	74595097	74595258	74595854	74596007	3693	5,7	48,38	8,5	42,29	197	99	0.540321832174	1.0	0.05,0.085	0.087,0.08	-0.016
3695	"ENSG00000204843.8"	"DCTN1"	chr2	-	74593370	74593747	74593370	74593502	74593585	74593747	3695	9,5	98,85	6,4	76,51	181	99	0.874408007984	1.0	0.048,0.031	0.041,0.041	-0.002
369	"ENSG00000213983.7"	"AP1G2"	chr14	-	24034814	24035369	24034814	24034910	24035272	24035369	369	23,20	1,10	37,22	3,2	197	99	0.288771663575	1.0	0.92,0.501	0.861,0.847	-0.143
36	"ENSG00000168970.16"	"JMJD7-PLA2G4B"	chr15	+	42134390	42134789	42134390	42134474	42134751	42134789	36	3,6	7,6	9,5	6,4	197	99	0.29856779758	1.0	0.177,0.334	0.43,0.386	-0.153
3702	"ENSG00000123191.9"	"ATP7B"	chr13	-	52548070	52549304	52548070	52548220	52548553	52549304	3702	59,46	0,2	22,21	0,0	197	99	1	1.0	1.0,0.92	1.0,1.0	-0.04
3705	"ENSG00000163479.9"	"SSR2"	chr1	-	155981600	155982356	155981600	155981678	155982175	155982356	3705	1,5	0,3	4,3	1,0	197	99	0.577580871349	1.0	1.0,0.456	0.668,1.0	-0.106
370	"ENSG00000213983.7"	"AP1G2"	chr14	-	24030720	24031624	24030720	24030844	24031170	24031624	370	34,39	26,6	49,27	14,10	197	99	0.736449431789	1.0	0.397,0.766	0.638,0.576	-0.025
3710	"ENSG00000108883.8"	"EFTUD2"	chr17	-	42937272	42937911	42937272	42937413	42937799	42937911	3710	2,2	437,486	5,4	328,289	197	99	1	1.0	0.002,0.002	0.008,0.007	-0.005
3712	"ENSG00000114416.13"	"FXR1"	chr3	+	180680670	180680878	180680670	180680728	180680815	180680878	3712	106,62	102,175	87,68	147,102	185	99	0.928757228124	1.0	0.357,0.159	0.241,0.263	0.006
3714	"ENSG00000133895.10"	"MEN1"	chr11	-	64573106	64573840	64573106	64573242	64573703	64573840	3714	35,46	41,76	37,29	41,31	197	99	0.263103659104	1.0	0.3,0.233	0.312,0.32	-0.049
3716	"ENSG00000102699.5"	"PARP4"	chr13	-	25008532	25009612	25008532	25008719	25009479	25009612	3716	56,38	0,1	3,3	0,0	197	99	1	1.0	1.0,0.95	1.0,1.0	-0.025
3717	"ENSG00000102699.5"	"PARP4"	chr13	-	25008532	25009612	25008532	25008719	25009440	25009612	3717	93,10	0,4	31,31	1,0	197	99	0.772994704046	1.0	1.0,0.557	0.94,1.0	-0.192
3718	"ENSG00000177697.13"	"CD151"	chr11	+	836250	836843	836250	836442	836768	836843	3718	29,24	149,169	24,16	123,93	197	99	0.643980476492	1.0	0.089,0.067	0.089,0.08	-0.006
3719	"ENSG00000177697.13"	"CD151"	chr11	+	836250	836843	836250	836442	836804	836843	3719	3,153	0,3	59,56	0,0	197	99	0.497102256521	1.0	1.0,0.962	1.0,1.0	-0.019
3727	"ENSG00000070413.14"	"DGCR2"	chr22	-	19028570	19029472	19028570	19028807	19029319	19029472	3727	10,7	116,102	8,6	79,59	197	99	0.447174645114	1.0	0.042,0.033	0.048,0.049	-0.011
3728	"ENSG00000136068.10"	"FLNB"	chr3	+	58154166	58155520	58154166	58154385	58155316	58155520	3728	7,0	39,43	5,5	40,29	197	99	0.331866068516	1.0	0.083,0.0	0.059,0.08	-0.028
3729	"ENSG00000160221.12"	"C21orf33"	chr21	+	45564702	45565605	45564702	45564798	45565452	45565605	3729	537,28	0,1	290,275	0,0	197	99	0.728594657096	1.0	1.0,0.934	1.0,1.0	-0.033
372	"ENSG00000147140.11"	"NONO"	chrX	+	70517685	70518358	70517685	70517788	70518318	70518358	372	140,258	725,1002	191,140	684,596	197	99	0.32496114665	1.0	0.088,0.115	0.123,0.106	-0.013
3730	"ENSG00000160221.12"	"C21orf33"	chr21	+	45553497	45554036	45553497	45553523	45553983	45554036	3730	14,6	2,2	11,7	2,2	197	99	0.874686833967	1.0	0.779,0.601	0.734,0.638	0.004
3731	"ENSG00000143420.13"	"ENSA"	chr1	-	150599529	150600068	150599529	150599546	150599942	150600068	3731	3,44	0,1	13,14	0,0	197	99	1	1.0	1.0,0.957	1.0,1.0	-0.022
3733	"ENSG00000109133.8"	"TMEM33"	chr4	+	41937145	41937546	41937145	41937327	41937483	41937546	3733	97,67	8,10	73,60	13,8	197	99	0.345716476877	1.0	0.859,0.771	0.738,0.79	0.051
3734	"ENSG00000109133.8"	"TMEM33"	chr4	+	41937145	41937546	41937145	41937327	41937490	41937546	3734	79,93	1,0	15,13	0,0	197	99	1	1.0	0.975,1.0	1.0,1.0	-0.012
3735	"ENSG00000109133.8"	"TMEM33"	chr4	+	41937145	41937546	41937145	41937279	41937483	41937546	3735	92,98	45,54	91,75	44,35	197	99	0.671645688406	1.0	0.507,0.477	0.51,0.519	-0.022
3736	"ENSG00000130270.12"	"ATP8B3"	chr19	-	1806095	1806507	1806095	1806168	1806355	1806507	3736	5,0	2,0	5,3	1,1	197	99	1	1.0	0.557,NA	0.715,0.601	-0.101
3737	"ENSG00000205593.7"	"DENND6B"	chr22	-	50754453	50754904	50754453	50754516	50754798	50754904	3737	0,0	1,0	1,1	0,0	197	99	1	1.0	0.0,NA	1.0,1.0	-1.0
3738	"ENSG00000205593.7"	"DENND6B"	chr22	-	50752242	50752701	50752242	50752307	50752635	50752701	3738	6,4	29,9	9,5	20,12	197	99	0.378469342836	1.0	0.094,0.183	0.184,0.173	-0.04
3739	"ENSG00000205593.7"	"DENND6B"	chr22	-	50752635	50752871	50752635	50752701	50752828	50752871	3739	2,0	34,7	2,1	19,16	197	99	0.632726515921	1.0	0.029,0.0	0.05,0.03	-0.026
3742	"ENSG00000169660.11"	"HEXDC"	chr17	+	80398872	80399142	80398872	80398951	80399040	80399142	3742	23,12	21,1	16,11	14,7	187	99	0.424446595471	1.0	0.367,0.864	0.377,0.454	0.2
3746	"ENSG00000173137.7"	"ADCK5"	chr8	+	145616779	145617066	145616779	145616911	145616982	145617066	3746	7,3	2,0	6,3	2,1	169	99	0.743981674684	1.0	0.672,1.0	0.637,0.637	0.199
3748	"ENSG00000100395.10"	"L3MBTL2"	chr22	+	41613126	41615540	41613126	41613206	41615422	41615540	3748	1,2	16,41	1,1	13,9	197	99	0.342040120359	1.0	0.03,0.024	0.037,0.053	-0.018
374	"ENSG00000147140.11"	"NONO"	chrX	+	70517685	70518358	70517685	70517928	70518318	70518358	374	57,204	3,0	88,81	1,0	197	99	0.504185996619	1.0	0.905,1.0	0.978,1.0	-0.036
3750	"ENSG00000108021.15"	"FAM208B"	chr10	+	5756097	5756537	5756097	5756170	5756362	5756537	3750	3,11	1,0	5,3	0,0	197	99	1	1.0	0.601,1.0	1.0,1.0	-0.2
3751	"ENSG00000108021.15"	"FAM208B"	chr10	+	5762528	5762737	5762528	5762631	5762717	5762737	3751	0,11	11,64	1,1	14,19	184	99	0.811943340134	1.0	0.0,0.085	0.037,0.028	0.01
3752	"ENSG00000108021.15"	"FAM208B"	chr10	+	5804494	5805703	5804494	5804609	5804991	5805703	3752	5,1	61,79	2,2	42,35	197	99	0.599309025155	1.0	0.04,0.006	0.023,0.028	-0.003
3753	"ENSG00000268400.1"	"CTD-3214H19.4"	chr19	+	7695509	7695732	7695509	7695545	7695708	7695732	3753	2,0	448,324	1,2	212,282	197	99	1	1.0	0.002,0.0	0.002,0.004	-0.002
3758	"ENSG00000204420.4"	"C6orf25"	chr6	+	31692363	31692621	31692363	31692404	31692522	31692621	3758	0,0	1,0	1,1	0,0	197	99	1	1.0	0.0,NA	1.0,1.0	-1.0
3759	"ENSG00000204420.4"	"C6orf25"	chr6	+	31692522	31692851	31692522	31692621	31692746	31692851	3759	0,0	0,2	1,1	1,1	197	99	1	1.0	NA,0.0	0.334,0.334	-0.334
3764	"ENSG00000164934.9"	"DCAF13"	chr8	+	104439324	104442917	104439324	104439480	104442839	104442917	3764	6,18	465,396	12,9	317,282	197	99	0.462834360097	1.0	0.006,0.022	0.019,0.016	-0.004
3766	"ENSG00000204569.5"	"PPP1R10"	chr6	-	30572388	30572871	30572388	30572451	30572770	30572871	3766	15,94	0,2	21,30	0,0	197	99	1	1.0	1.0,0.959	1.0,1.0	-0.02
3769	"ENSG00000083838.11"	"ZNF446"	chr19	+	58991009	58991386	58991009	58991094	58991296	58991386	3769	5,2	1,2	3,1	1,1	197	99	0.950833883071	1.0	0.715,0.334	0.601,0.334	0.057
376	"ENSG00000177156.6"	"TALDO1"	chr11	+	763981	764433	763981	764063	764287	764433	376	13,16	2,0	11,13	0,0	197	99	1	1.0	0.766,1.0	1.0,1.0	-0.117
3772	"ENSG00000007541.10"	"PIGQ"	chr16	+	630182	630972	630182	630263	630857	630972	3772	5,4	34,19	5,2	20,13	197	99	0.617825220386	1.0	0.069,0.096	0.112,0.072	-0.009
3773	"ENSG00000168779.15"	"SHOX2"	chr3	-	157820466	157821931	157820466	157820675	157821789	157821931	3773	53,20	1,0	41,25	2,1	197	99	0.524566144117	1.0	0.964,1.0	0.912,0.926	0.063
3776	"ENSG00000154920.10"	"EME1"	chr17	+	48457119	48457862	48457119	48457137	48457672	48457862	3776	23,17	2,0	18,15	1,0	197	99	0.744481165604	1.0	0.852,1.0	0.9,1.0	-0.024
3777	"ENSG00000154920.10"	"EME1"	chr17	+	48452545	48453344	48452545	48452873	48453157	48453344	3777	133,93	2,3	93,69	3,2	197	99	0.566839226933	1.0	0.971,0.94	0.94,0.945	0.013
3778	"ENSG00000028310.13"	"BRD9"	chr5	-	868721	869234	868721	868919	869152	869234	3778	11,2	1,1	11,8	4,3	197	99	0.569275960093	1.0	0.847,0.501	0.58,0.573	0.097
3782	"ENSG00000026025.9"	"VIM"	chr10	+	17277844	17278378	17277844	17277888	17278292	17278378	3782	30,21	2768,1482	19,11	1211,810	197	99	1	1.0	0.005,0.007	0.008,0.007	-0.001
3783	"ENSG00000026025.9"	"VIM"	chr10	+	17277167	17278378	17277167	17277388	17277844	17278378	3783	24,22	2546,1342	15,9	1131,757	197	99	1	1.0	0.005,0.008	0.007,0.006	0.0
3785	"ENSG00000168404.8"	"MLKL"	chr16	-	74708857	74709302	74708857	74708998	74709221	74709302	3785	0,1	0,0	0,0	0,1	197	99	1	1.0	NA,1.0	NA,0.0	1.0
3786	"ENSG00000178163.3"	"ZNF518B"	chr4	-	10452510	10456612	10452510	10454646	10456217	10456612	3786	8,32	1,0	20,16	0,0	197	99	1	1.0	0.801,1.0	1.0,1.0	-0.099
3787	"ENSG00000137802.9"	"MAPKBP1"	chr15	+	42111443	42111848	42111443	42111577	42111792	42111848	3787	7,1	3,0	4,4	3,2	197	99	0.673570656993	1.0	0.54,1.0	0.401,0.501	0.319
3788	"ENSG00000137802.9"	"MAPKBP1"	chr15	+	42104713	42105979	42104713	42105299	42105818	42105979	3788	2,0	5,14	1,0	8,5	197	99	0.437487767653	1.0	0.167,0.0	0.059,0.0	0.054
3789	"ENSG00000137802.9"	"MAPKBP1"	chr15	+	42107456	42107997	42107456	42107603	42107821	42107997	3789	0,1	1,8	1,1	5,4	197	99	1	1.0	0.0,0.059	0.091,0.112	-0.072
378	"ENSG00000177311.6"	"ZBTB38"	chr3	+	141087145	141087646	141087145	141087225	141087462	141087646	378	31,22	0,1	8,12	0,0	197	99	1	1.0	1.0,0.917	1.0,1.0	-0.041
3790	"ENSG00000137802.9"	"MAPKBP1"	chr15	+	42104713	42105299	42104713	42104851	42105116	42105299	3790	3,5	6,13	5,3	6,6	197	99	0.453788042045	1.0	0.201,0.162	0.295,0.201	-0.067
3791	"ENSG00000214941.3"	"ZSWIM7"	chr17	-	15879873	15881477	15879873	15880406	15881357	15881477	3791	25,10	11,5	17,12	4,4	197	99	0.370378551354	1.0	0.533,0.501	0.681,0.601	-0.124
3792	"ENSG00000214941.3"	"ZSWIM7"	chr17	-	15880892	15881227	15880892	15881014	15881113	15881227	3792	15,6	6,0	5,4	4,3	197	99	0.20501812517	1.0	0.557,1.0	0.386,0.401	0.385
3795	"ENSG00000149262.12"	"INTS4"	chr11	-	77635487	77635938	77635487	77635713	77635795	77635938	3795	17,2	1,2	13,9	3,2	180	99	0.890491140792	1.0	0.903,0.355	0.704,0.712	-0.079
3796	"ENSG00000185684.8"	"EP400NL"	chr12	+	132588541	132589849	132588541	132588715	132588922	132589849	3796	6,2	2,10	3,2	3,2	197	99	0.828898792207	1.0	0.601,0.091	0.334,0.334	0.012
3797	"ENSG00000185684.8"	"EP400NL"	chr12	+	132588541	132589849	132588541	132588715	132589111	132589849	3797	3,5	2,7	5,4	4,3	197	99	0.685763064152	1.0	0.43,0.264	0.386,0.401	-0.047
379	"ENSG00000169217.4"	"CD2BP2"	chr16	-	30365286	30365643	30365286	30365317	30365504	30365643	379	66,61	3,0	35,29	1,1	197	99	0.558580912139	1.0	0.917,1.0	0.946,0.936	0.017
37	"ENSG00000168970.16"	"JMJD7-PLA2G4B"	chr15	+	42128672	42129138	42128672	42128749	42128978	42129138	37	12,24	26,6	14,10	20,12	197	99	0.429503520471	1.0	0.188,0.668	0.26,0.295	0.151
3801	"ENSG00000185803.4"	"SLC52A2"	chr8	+	145583282	145584153	145583282	145583407	145583831	145584153	3801	157,154	4,7	108,82	3,2	197	99	0.873333040234	1.0	0.952,0.917	0.948,0.954	-0.016
3802	"ENSG00000185803.4"	"SLC52A2"	chr8	+	145582649	145582893	145582649	145582725	145582843	145582893	3802	1,6	12,39	1,1	9,13	197	99	0.710754853375	1.0	0.04,0.072	0.053,0.037	0.011
3804	"ENSG00000111144.5"	"LTA4H"	chr12	-	96402871	96407036	96402871	96402926	96406965	96407036	3804	2,3	48,33	2,2	57,35	197	99	0.632712138062	1.0	0.021,0.044	0.017,0.028	0.01
3805	"ENSG00000173171.10"	"MTX1"	chr1	+	155180338	155182010	155180338	155180418	155181917	155182010	3805	25,16	131,82	17,14	87,66	197	99	0.825567571139	1.0	0.088,0.089	0.089,0.096	-0.004
3806	"ENSG00000150995.13"	"ITPR1"	chr3	+	4856328	4856902	4856328	4856416	4856736	4856902	3806	30,25	7,0	13,11	2,2	197	99	0.613986846954	1.0	0.683,1.0	0.766,0.734	0.092
3807	"ENSG00000150995.13"	"ITPR1"	chr3	+	4856328	4856902	4856328	4856411	4856736	4856902	3807	37,23	4,1	13,13	1,1	197	99	0.781183680616	1.0	0.823,0.92	0.867,0.867	0.004
3808	"ENSG00000150995.13"	"ITPR1"	chr3	+	4856328	4856902	4856328	4856447	4856736	4856902	3808	32,20	1,5	14,12	1,1	197	99	0.552992772686	1.0	0.941,0.668	0.876,0.858	-0.063
3809	"ENSG00000086589.7"	"RBM22"	chr5	-	150073637	150074395	150073637	150073802	150074302	150074395	3809	9,26	0,0	15,9	1,0	197	99	1	1.0	1.0,1.0	0.883,1.0	0.058
380	"ENSG00000141522.7"	"ARHGDIA"	chr17	-	79827205	79827501	79827205	79827282	79827417	79827501	380	0,16	135,231	6,3	128,111	197	99	0.973105213612	1.0	0.0,0.034	0.023,0.013	-0.001
3810	"ENSG00000099625.8"	"C19orf26"	chr19	-	1234999	1235341	1234999	1235144	1235335	1235341	3810	0,0	0,2	1,1	0,0	197	99	1	1.0	NA,0.0	1.0,1.0	-1.0
3813	"ENSG00000010292.8"	"NCAPD2"	chr12	+	6623430	6623753	6623430	6623558	6623629	6623753	3813	13,14	215,116	22,14	214,154	169	99	0.579986389826	1.0	0.034,0.066	0.057,0.051	-0.004
3814	"ENSG00000010292.8"	"NCAPD2"	chr12	+	6623430	6623753	6623430	6623558	6623652	6623753	3814	41,266	2,0	108,137	0,0	192	99	0.472682267758	1.0	0.914,1.0	1.0,1.0	-0.043
3816	"ENSG00000137310.7"	"TCF19"	chr6	+	31126673	31127484	31126673	31126812	31126919	31127484	3816	77,49	8,1	65,46	4,3	197	99	0.97977551809	1.0	0.829,0.961	0.891,0.885	0.007
3819	"ENSG00000167615.12"	"LENG8"	chr19	+	54969492	54972580	54969492	54969700	54972429	54972580	3819	183,983	0,2	181,297	0,0	197	99	1	1.0	1.0,0.996	1.0,1.0	-0.002
381	"ENSG00000215440.7"	"NPEPL1"	chr20	+	57288475	57289149	57288475	57288599	57288972	57289149	381	8,1	10,1	3,2	4,3	197	99	0.87345137136	1.0	0.287,0.334	0.274,0.251	0.048
3820	"ENSG00000009950.11"	"MLXIPL"	chr7	-	73010693	73011119	73010693	73010809	73010968	73011119	3820	6,13	10,1	19,11	5,2	197	99	0.48866542125	1.0	0.232,0.867	0.656,0.734	-0.146
3824	"ENSG00000117862.7"	"TXNDC12"	chr1	-	52485802	52486684	52485802	52486077	52486597	52486684	3824	887,1157	2,0	713,618	2,1	197	99	1	1.0	0.996,1.0	0.994,0.997	0.002
3825	"ENSG00000163743.9"	"RCHY1"	chr4	-	76415790	76416992	76415790	76415911	76416933	76416992	3825	3,0	2,13	1,1	3,2	197	99	0.87720394487	1.0	0.43,0.0	0.143,0.201	0.043
3829	"ENSG00000241343.5"	"RPL36A"	chrX	+	100646101	100646552	100646101	100646336	100646446	100646552	3829	75,50	6,5	22,24	2,2	197	99	0.925517449944	1.0	0.863,0.834	0.847,0.858	-0.004
3830	"ENSG00000241343.5"	"RPL36A"	chrX	+	100646101	100646552	100646101	100646340	100646446	100646552	3830	5,50	2,0	11,18	0,0	197	99	1	1.0	0.557,1.0	1.0,1.0	-0.222
3832	"ENSG00000168000.10"	"BSCL2"	chr11	-	62458093	62458339	62458093	62458203	62458288	62458339	3832	77,64	0,5	23,21	0,0	183	99	1	1.0	1.0,0.874	1.0,1.0	-0.063
3834	"ENSG00000149809.10"	"TM7SF2"	chr11	+	64880282	64880886	64880282	64880337	64880691	64880886	3834	1,4	5,6	3,2	6,4	197	99	0.853097083766	1.0	0.091,0.251	0.201,0.201	-0.03
3838	"ENSG00000149809.10"	"TM7SF2"	chr11	+	64882184	64882553	64882184	64882304	64882384	64882553	3838	10,0	42,11	2,1	29,18	178	99	0.241301291367	1.0	0.117,0.0	0.037,0.03	0.025
383	"ENSG00000178927.12"	"C17orf62"	chr17	-	80407306	80407832	80407306	80407356	80407654	80407832	383	27,36	1,0	14,15	0,0	197	99	1	1.0	0.931,1.0	1.0,1.0	-0.034
3840	"ENSG00000174606.8"	"ANGEL2"	chr1	-	213174127	213175576	213174127	213174254	213175505	213175576	3840	12,17	0,1	1,1	0,0	197	99	1	1.0	1.0,0.895	1.0,1.0	-0.052
3845	"ENSG00000104783.7"	"KCNN4"	chr19	-	44270684	44271859	44270684	44271241	44271691	44271859	3845	9,13	52,48	13,10	55,41	197	99	0.810748236137	1.0	0.08,0.12	0.106,0.109	-0.007
3846	"ENSG00000110583.8"	"NAA40"	chr11	+	63714196	63714475	63714196	63714273	63714422	63714475	3846	28,6	0,3	17,12	1,0	197	99	0.738396460417	1.0	1.0,0.501	0.895,1.0	-0.197
3847	"ENSG00000110583.8"	"NAA40"	chr11	+	63719840	63720311	63719840	63719947	63720227	63720311	3847	85,51	1,3	36,39	0,0	197	99	0.37740625619	1.0	0.977,0.895	1.0,1.0	-0.064
3848	"ENSG00000110583.8"	"NAA40"	chr11	+	63719709	63719947	63719709	63719805	63719878	63719947	3848	1,2	99,67	1,1	51,51	171	99	1	1.0	0.006,0.017	0.011,0.011	0.001
3849	"ENSG00000110583.8"	"NAA40"	chr11	+	63713311	63714475	63713311	63713407	63714422	63714475	3849	18,12	42,20	17,11	22,16	197	99	0.234503565859	1.0	0.177,0.232	0.28,0.257	-0.064
384	"ENSG00000053900.6"	"ANAPC4"	chr4	+	25396292	25396535	25396292	25396335	25396450	25396535	384	1,7	23,34	2,1	15,12	197	99	0.756710365615	1.0	0.021,0.094	0.063,0.04	0.006
3850	"ENSG00000110583.8"	"NAA40"	chr11	+	63713311	63714475	63713311	63713407	63714196	63714475	3850	27,10	2,1	18,13	1,1	197	99	0.879042271132	1.0	0.872,0.834	0.9,0.867	-0.03
3852	"ENSG00000126088.8"	"UROD"	chr1	+	45478814	45479026	45478814	45478887	45478939	45479026	3852	146,141	4,3	77,78	2,2	150	99	0.7542740221	1.0	0.96,0.969	0.962,0.963	0.002
3853	"ENSG00000126088.8"	"UROD"	chr1	+	45478457	45478691	45478457	45478476	45478578	45478691	3853	148,125	1,0	33,37	0,0	197	99	0.592969914449	1.0	0.987,1.0	1.0,1.0	-0.006
3854	"ENSG00000126088.8"	"UROD"	chr1	+	45479580	45480508	45479580	45479742	45480407	45480508	3854	121,156	1,2	115,95	2,2	197	99	0.478309346356	1.0	0.984,0.975	0.967,0.96	0.016
3855	"ENSG00000126088.8"	"UROD"	chr1	+	45480611	45481077	45480611	45480678	45480985	45481077	3855	8,116	2,0	36,46	0,0	197	99	0.300280225349	1.0	0.668,1.0	1.0,1.0	-0.166
3856	"ENSG00000100242.11"	"SUN2"	chr22	-	39146902	39147378	39146902	39147040	39147214	39147378	3856	2,1	33,29	3,2	31,17	197	99	0.351126077003	1.0	0.03,0.017	0.046,0.056	-0.028
3857	"ENSG00000100242.11"	"SUN2"	chr22	-	39136271	39137055	39136271	39136437	39137011	39137055	3857	1,10	34,26	4,3	20,13	197	99	0.678861346176	1.0	0.015,0.162	0.091,0.104	-0.009
385	"ENSG00000053900.6"	"ANAPC4"	chr4	+	25396292	25396535	25396292	25396346	25396450	25396535	385	8,3	0,1	1,1	0,0	197	99	1	1.0	1.0,0.601	1.0,1.0	-0.2
3860	"ENSG00000108405.3"	"P2RX1"	chr17	-	3806844	3807318	3806844	3806925	3807221	3807318	3860	25,18	3,11	13,8	3,2	197	99	0.690768919914	1.0	0.807,0.451	0.685,0.668	-0.048
3861	"ENSG00000108405.3"	"P2RX1"	chr17	-	3806844	3807318	3806844	3806874	3807221	3807318	3861	17,29	0,4	10,9	0,0	197	99	1	1.0	1.0,0.785	1.0,1.0	-0.107
3862	"ENSG00000108821.9"	"COL1A1"	chr17	-	48277113	48277552	48277113	48277308	48277454	48277552	3862	7,3	0,1	1,1	0,0	197	99	1	1.0	1.0,0.601	1.0,1.0	-0.2
3864	"ENSG00000108821.9"	"COL1A1"	chr17	-	48264000	48264483	48264000	48264283	48264375	48264483	3864	0,4	1,1	0,1	2,1	190	99	0.610705049894	1.0	0.0,0.676	0.0,0.343	0.167
3865	"ENSG00000169679.10"	"BUB1"	chr2	-	111408122	111408316	111408122	111408200	111408275	111408316	3865	148,126	1,1	46,53	0,0	173	99	0.612952889279	1.0	0.988,0.986	1.0,1.0	-0.013
3867	"ENSG00000231500.2"	"RPS18"	chr6	+	33243741	33244044	33243741	33243843	33243952	33244044	3867	49,86	8138,7452	60,50	8105,6097	197	99	1	1.0	0.003,0.006	0.004,0.004	0.001
3868	"ENSG00000231500.2"	"RPS18"	chr6	+	33243741	33244287	33243741	33243843	33244167	33244287	3868	35,63	12,23	54,43	16,9	197	99	0.323668718114	1.0	0.594,0.579	0.629,0.706	-0.081
3869	"ENSG00000231500.2"	"RPS18"	chr6	+	33239908	33240503	33239908	33240005	33240404	33240503	3869	83,160	1,0	198,168	2,1	197	99	0.811228126289	1.0	0.977,1.0	0.98,0.988	0.004
3871	"ENSG00000213024.6"	"NUP62"	chr19	-	50411361	50413141	50411361	50412002	50412230	50413141	3871	242,265	65,71	212,155	68,49	197	99	0.326682922511	1.0	0.652,0.652	0.61,0.614	0.04
3872	"ENSG00000213024.6"	"NUP62"	chr19	-	50430950	50432761	50430950	50431072	50432582	50432761	3872	68,47	22,7	80,53	18,14	197	99	0.914043115867	1.0	0.608,0.771	0.691,0.655	0.016
3873	"ENSG00000213024.6"	"NUP62"	chr19	-	50430950	50432761	50430950	50431105	50432582	50432761	3873	35,30	26,12	57,39	22,14	197	99	0.224729588272	1.0	0.404,0.557	0.566,0.583	-0.094
3874	"ENSG00000155636.10"	"RBM45"	chr2	+	178988248	178988639	178988248	178988378	178988554	178988639	3874	5,6	17,27	5,3	18,14	197	99	0.925110992716	1.0	0.129,0.1	0.122,0.097	0.005
3876	"ENSG00000183010.12"	"PYCR1"	chr17	-	79894623	79895133	79894623	79894737	79895103	79895133	3876	21,14	2,0	15,11	1,1	197	99	0.757712040858	1.0	0.841,1.0	0.883,0.847	0.055
3882	"ENSG00000147274.10"	"RBMX"	chrX	-	135961175	135961612	135961175	135961317	135961477	135961612	3882	3,0	1,10	3,2	5,3	197	99	0.812993168082	1.0	0.601,0.0	0.232,0.251	0.059
3884	"ENSG00000147274.10"	"RBMX"	chrX	-	135961175	135961612	135961175	135961282	135961477	135961612	3884	8,9	1141,950	12,8	1095,965	197	99	1	1.0	0.004,0.005	0.005,0.004	0.0
3885	"ENSG00000183401.7"	"CCDC159"	chr19	+	11464126	11464550	11464126	11464248	11464467	11464550	3885	36,31	5,3	22,14	3,2	197	99	0.709310037004	1.0	0.783,0.839	0.787,0.779	0.028
3886	"ENSG00000183401.7"	"CCDC159"	chr19	+	11465255	11465619	11465255	11465372	11465548	11465619	3886	20,13	3,0	27,14	3,1	197	99	0.749194065702	1.0	0.77,1.0	0.819,0.876	0.038
3887	"ENSG00000183401.7"	"CCDC159"	chr19	+	11462607	11462794	11462607	11462649	11462732	11462794	3887	0,0	6,0	2,2	2,3	181	99	1	1.0	0.0,NA	0.354,0.267	-0.31
3888	"ENSG00000130787.9"	"HIP1R"	chr12	+	123344593	123344757	123344593	123344624	123344694	123344757	3888	24,7	35,22	12,8	29,20	168	99	0.544387092729	1.0	0.288,0.158	0.196,0.191	0.029
3889	"ENSG00000130787.9"	"HIP1R"	chr12	+	123344969	123345331	123344969	123345070	123345225	123345331	3889	1,2	21,23	1,1	22,16	197	99	0.915122415264	1.0	0.023,0.042	0.022,0.03	0.007
3893	"ENSG00000204839.4"	"MROH6"	chr8	-	144649780	144650058	144649780	144649846	144649955	144650058	3893	0,0	16,6	1,0	7,4	197	99	1	1.0	0.0,0.0	0.067,0.0	-0.034
3896	"ENSG00000090661.7"	"CERS4"	chr19	+	8320705	8321170	8320705	8320763	8321119	8321170	3896	2,0	3,6	1,0	3,2	197	99	0.917716251238	1.0	0.251,0.0	0.143,0.0	0.054
3897	"ENSG00000169727.8"	"GPS1"	chr17	+	80014715	80015346	80014715	80014850	80014928	80015346	3897	3,19	232,174	7,5	193,128	176	99	0.386054423803	1.0	0.007,0.058	0.02,0.022	0.012
3898	"ENSG00000169727.8"	"GPS1"	chr17	+	80014504	80015346	80014504	80014642	80014928	80015346	3898	6,19	0,1	8,4	1,0	197	99	0.600051860245	1.0	1.0,0.905	0.801,1.0	0.052
38	"ENSG00000168970.16"	"JMJD7-PLA2G4B"	chr15	+	42138140	42138580	42138140	42138245	42138400	42138580	38	3,0	35,33	1,1	40,25	197	99	0.830601370757	1.0	0.041,0.0	0.012,0.02	0.005
3900	"ENSG00000169727.8"	"GPS1"	chr17	+	80011743	80012686	80011743	80011925	80012385	80012686	3900	37,30	70,92	32,24	76,56	197	99	0.893411563629	1.0	0.21,0.141	0.175,0.177	-0.001
3901	"ENSG00000169727.8"	"GPS1"	chr17	+	80011743	80012686	80011743	80011925	80012373	80012686	3901	0,0	15,32	1,0	25,21	197	99	0.628685544705	1.0	0.0,0.0	0.02,0.0	-0.01
3902	"ENSG00000169727.8"	"GPS1"	chr17	+	80009050	80009400	80009050	80009218	80009375	80009400	3902	0,0	2,10	1,1	6,5	197	99	1	1.0	0.0,0.0	0.077,0.091	-0.084
3904	"ENSG00000105135.11"	"ILVBL"	chr19	-	15227218	15228826	15227218	15227333	15228691	15228826	3904	13,7	13,30	16,11	22,16	197	99	0.439071201577	1.0	0.334,0.105	0.268,0.257	-0.043
3906	"ENSG00000105135.11"	"ILVBL"	chr19	-	15226811	15227132	15226811	15226882	15226962	15227132	3906	0,3	14,4	3,2	12,8	178	99	0.84032807995	1.0	0.0,0.294	0.122,0.122	0.025
390	"ENSG00000035681.3"	"NSMAF"	chr8	-	59502080	59502633	59502080	59502117	59502565	59502633	390	98,89	4,4	76,52	4,3	197	99	0.589976872572	1.0	0.925,0.918	0.905,0.897	0.02
3911	"ENSG00000167978.12"	"SRRM2"	chr16	+	2807472	2807946	2807472	2807580	2807781	2807946	3911	0,0	402,566	6,3	399,306	197	99	1	1.0	0.0,0.0	0.008,0.005	-0.007
3912	"ENSG00000135446.12"	"CDK4"	chr12	-	58144989	58145519	58144989	58145125	58145282	58145519	3912	6,17	605,354	9,5	396,335	197	99	0.593113425415	1.0	0.005,0.024	0.011,0.007	0.006
3913	"ENSG00000100075.5"	"SLC25A1"	chr22	-	19163933	19164155	19163933	19164007	19164111	19164155	3913	203,196	1,1	89,114	0,1	197	99	0.646337829155	1.0	0.99,0.99	1.0,0.983	-0.002
3916	"ENSG00000100075.5"	"SLC25A1"	chr22	-	19165239	19165554	19165239	19165378	19165454	19165554	3916	2,18	118,74	7,4	92,62	174	99	0.434742064651	1.0	0.01,0.122	0.041,0.035	0.028
3918	"ENSG00000141425.13"	"RPRD1A"	chr18	-	33605560	33607038	33605560	33605641	33606862	33607038	3918	64,57	5,3	85,61	3,3	197	99	0.423859328686	1.0	0.865,0.905	0.934,0.911	-0.038
3919	"ENSG00000141425.13"	"RPRD1A"	chr18	-	33569786	33573263	33569786	33570558	33573064	33573263	3919	140,129	8,8	62,54	4,3	197	99	0.90499440571	1.0	0.898,0.89	0.886,0.9	0.001
391	"ENSG00000035681.3"	"NSMAF"	chr8	-	59498210	59498559	59498210	59498320	59498456	59498559	391	6,10	146,70	5,4	66,46	197	99	0.763192185431	1.0	0.02,0.067	0.037,0.042	0.004
3924	"ENSG00000161048.7"	"NAPEPLD"	chr7	-	102740222	102744001	102740222	102743569	102743870	102744001	3924	0,8	8,3	7,6	5,4	197	99	0.406507826365	1.0	0.0,0.573	0.413,0.43	-0.135
3926	"ENSG00000205863.5"	"C1QTNF9B"	chr13	-	24465387	24466200	24465387	24465650	24466164	24466200	3926	3,1	0,0	1,1	2,1	197	99	1	1.0	1.0,1.0	0.201,0.334	0.732
3928	"ENSG00000198728.6"	"LDB1"	chr10	-	103870825	103871074	103870825	103870901	103871012	103871074	3928	3,16	781,315	12,8	421,329	197	99	0.290889233821	1.0	0.002,0.025	0.014,0.012	0.001
3932	"ENSG00000164054.11"	"SHISA5"	chr3	-	48509274	48510972	48509274	48509616	48510759	48510972	3932	120,131	9,4	121,86	9,5	197	99	0.513768489684	1.0	0.87,0.943	0.871,0.896	0.023
3933	"ENSG00000164054.11"	"SHISA5"	chr3	-	48509274	48510972	48509274	48510585	48510759	48510972	3933	14,37	93,145	21,11	106,70	197	99	0.612232611488	1.0	0.07,0.114	0.091,0.073	0.01
3934	"ENSG00000164054.11"	"SHISA5"	chr3	-	48510759	48511242	48510759	48510972	48511126	48511242	3934	1,2	122,326	3,1	281,176	197	99	1	1.0	0.004,0.003	0.005,0.003	-0.001
3935	"ENSG00000164054.11"	"SHISA5"	chr3	-	48510759	48511242	48510759	48510919	48511126	48511242	3935	151,351	0,3	223,164	0,0	197	99	0.40611340762	1.0	1.0,0.983	1.0,1.0	-0.008
3939	"ENSG00000174177.8"	"CTU2"	chr16	+	88780790	88781145	88780790	88780894	88780994	88781145	3939	5,9	85,99	4,3	67,44	197	99	0.923639303675	1.0	0.029,0.044	0.029,0.033	0.005
3940	"ENSG00000174177.8"	"CTU2"	chr16	+	88781455	88781784	88781455	88781514	88781605	88781784	3940	12,60	0,1	39,33	0,0	189	99	1	1.0	1.0,0.969	1.0,1.0	-0.016
3941	"ENSG00000258388.3"	"PPT2-EGFL8"	chr6	+	32133914	32134397	32133914	32134058	32134274	32134397	3941	26,83	1,2	52,41	0,0	197	99	0.732761500852	1.0	0.929,0.954	1.0,1.0	-0.058
3942	"ENSG00000258388.3"	"PPT2-EGFL8"	chr6	+	32133914	32134397	32133914	32134009	32134274	32134397	3942	103,83	3,6	97,66	5,3	197	99	0.955053737029	1.0	0.945,0.874	0.907,0.917	-0.003
3943	"ENSG00000258388.3"	"PPT2-EGFL8"	chr6	+	32133914	32134397	32133914	32134043	32134274	32134397	3943	92,66	4,3	87,56	2,1	197	99	0.417258289609	1.0	0.92,0.917	0.956,0.966	-0.042
3944	"ENSG00000258388.3"	"PPT2-EGFL8"	chr6	+	32123544	32123755	32123544	32123560	32123647	32123755	3944	1,7	266,223	6,4	212,166	185	99	0.373058557909	1.0	0.002,0.017	0.015,0.013	-0.004
3945	"ENSG00000126903.11"	"SLC10A3"	chrX	-	153718645	153719002	153718645	153718697	153718932	153719002	3945	12,24	7,3	11,7	2,1	197	99	0.7326668681	1.0	0.463,0.801	0.734,0.779	-0.124
3946	"ENSG00000129993.10"	"CBFA2T3"	chr16	-	88951453	88951677	88951453	88951595	88951634	88951677	3946	29,82	7,7	62,41	10,6	137	99	0.791244466955	1.0	0.75,0.894	0.818,0.832	-0.003
3948	"ENSG00000143418.15"	"CERS2"	chr1	-	150939231	150939678	150939231	150939373	150939549	150939678	3948	0,3	0,2	16,18	0,0	197	99	1	1.0	NA,0.43	1.0,1.0	-0.57
3950	"ENSG00000143418.15"	"CERS2"	chr1	-	150939231	150939678	150939231	150939338	150939514	150939678	3950	0,23	1,4	37,20	2,1	197	99	0.192560592375	1.0	0.0,0.743	0.903,0.91	-0.535
3955	"ENSG00000176124.7"	"DLEU1"	chr13	+	51102001	51102670	51102001	51102200	51102315	51102670	3955	1,2	0,0	2,1	2,1	197	99	1	1.0	1.0,1.0	0.334,0.334	0.666
3961	"ENSG00000174093.6"	"RP11-1407O15.2"	chr17	-	36361696	36365176	36361696	36361804	36365054	36365176	3961	11,11	3,0	21,17	8,6	197	99	0.282823561631	1.0	0.648,1.0	0.569,0.587	0.246
3962	"ENSG00000174093.6"	"RP11-1407O15.2"	chr17	-	36361696	36365176	36361696	36361804	36365110	36365176	3962	6,17	0,0	29,20	1,0	197	99	1	1.0	1.0,1.0	0.936,1.0	0.032
3966	"ENSG00000007384.11"	"RHBDF1"	chr16	-	108971	109347	108971	109125	109246	109347	3966	3,2	4,8	6,3	7,4	197	99	0.485090430642	1.0	0.274,0.112	0.301,0.274	-0.094
3967	"ENSG00000109046.10"	"WSB1"	chr17	+	25634769	25636298	25634769	25634933	25636125	25636298	3967	477,97	5,0	566,448	3,2	197	99	0.313330014023	1.0	0.98,1.0	0.99,0.991	-0.0
3968	"ENSG00000109046.10"	"WSB1"	chr17	+	25634769	25636298	25634769	25634945	25636125	25636298	3968	446,101	7,0	540,427	12,9	197	99	0.38687636612	1.0	0.97,1.0	0.958,0.96	0.026
3969	"ENSG00000109046.10"	"WSB1"	chr17	+	25634769	25635873	25634769	25634945	25635629	25635873	3969	384,0	0,0	341,332	1,0	197	99	1	1.0	1.0,NA	0.994,1.0	0.003
3970	"ENSG00000060749.10"	"QSER1"	chr11	+	32953288	32956981	32953288	32953920	32954637	32956981	3970	156,160	1,3	108,85	2,1	197	99	0.636031737523	1.0	0.987,0.964	0.964,0.977	0.005
3978	"ENSG00000141994.11"	"DUS3L"	chr19	-	5786759	5787182	5786759	5786856	5787071	5787182	3978	19,10	14,20	22,13	14,10	197	99	0.222838264868	1.0	0.405,0.201	0.441,0.395	-0.115
3979	"ENSG00000167522.10"	"ANKRD11"	chr16	-	89353070	89355078	89353070	89353521	89354935	89355078	3979	43,22	2,0	77,54	1,1	197	99	0.359894459547	1.0	0.915,1.0	0.975,0.964	-0.012
3981	"ENSG00000092199.13"	"HNRNPC"	chr14	-	21731469	21731988	21731469	21731495	21731825	21731988	3981	39,15	0,0	29,16	2,1	197	99	0.335797792505	1.0	1.0,1.0	0.879,0.889	0.116
3984	"ENSG00000223501.4"	"VPS52"	chr6	-	33232150	33232677	33232150	33232274	33232558	33232677	3984	58,56	87,38	65,48	68,52	197	99	0.9309655076	1.0	0.251,0.425	0.324,0.317	0.017
3985	"ENSG00000166340.10"	"TPP1"	chr11	-	6640006	6640498	6640006	6640146	6640426	6640498	3985	5,5	153,107	3,3	132,87	197	99	0.657757370174	1.0	0.016,0.023	0.011,0.017	0.005
3987	"ENSG00000151498.7"	"ACAD8"	chr11	+	134129501	134131073	134129501	134129639	134130937	134131073	3987	28,31	40,9	17,14	24,15	197	99	0.278928511184	1.0	0.26,0.634	0.263,0.319	0.156
3991	"ENSG00000152795.13"	"HNRNPDL"	chr4	-	83346715	83346947	83346715	83346820	83346905	83346947	3991	122,362	5,2	145,119	2,1	183	99	0.718549906429	1.0	0.93,0.99	0.975,0.985	-0.02
3992	"ENSG00000152795.13"	"HNRNPDL"	chr4	-	83346735	83347282	83346735	83346947	83347189	83347282	3992	288,631	6,5	340,259	3,2	197	99	0.767872444396	1.0	0.96,0.984	0.983,0.985	-0.012
3993	"ENSG00000121274.8"	"PAPD5"	chr16	+	50259008	50259196	50259008	50259053	50259149	50259196	3993	29,20	0,1	18,19	0,0	194	99	1	1.0	1.0,0.911	1.0,1.0	-0.044
3995	"ENSG00000111665.7"	"CDCA3"	chr12	-	6958486	6959022	6958486	6958577	6958728	6959022	3995	150,149	5,7	132,92	8,5	197	99	0.374530283938	1.0	0.938,0.915	0.892,0.902	0.029
3997	"ENSG00000111665.7"	"CDCA3"	chr12	-	6958486	6959022	6958486	6958593	6958728	6959022	3997	33,32	120,130	30,20	104,73	197	99	0.699262311928	1.0	0.121,0.11	0.127,0.121	-0.009
3998	"ENSG00000009830.7"	"POMT2"	chr14	-	77745071	77746271	77745071	77745212	77746165	77746271	3998	3,2	3,8	4,4	4,3	197	99	0.297589327538	1.0	0.334,0.112	0.334,0.401	-0.145
399	"ENSG00000115042.5"	"FAHD2A"	chr2	+	96076274	96076774	96076274	96076334	96076611	96076774	399	19,7	91,40	11,8	77,59	197	99	0.328332726927	1.0	0.095,0.081	0.067,0.064	0.022
39	"ENSG00000167700.4"	"MFSD3"	chr8	+	145735980	145736286	145735980	145736105	145736176	145736286	39	10,16	29,8	15,9	16,10	169	99	0.819161858992	1.0	0.168,0.54	0.354,0.345	0.005
3	"ENSG00000184014.3"	"DENND5A"	chr11	-	9164268	9165032	9164268	9164392	9164949	9165032	3	18,11	97,67	15,8	51,37	197	99	0.205173303512	1.0	0.085,0.076	0.129,0.098	-0.033
4000	"ENSG00000009830.7"	"POMT2"	chr14	-	77745879	77746271	77745879	77745929	77746026	77746271	4000	16,16	0,0	29,20	1,0	195	99	1	1.0	1.0,1.0	0.936,1.0	0.032
4001	"ENSG00000167393.12"	"PPP2R3B"	chrX	-	302041	302666	302041	302131	302617	302666	4001	47,5	65,6	23,13	30,25	197	99	0.753392605856	1.0	0.267,0.295	0.278,0.207	0.039
4010	"ENSG00000068438.10"	"FTSJ1"	chrX	+	48340984	48341415	48340984	48341182	48341373	48341415	4010	92,177	82,66	102,71	56,40	197	99	0.912262042266	1.0	0.361,0.574	0.478,0.471	-0.007
4011	"ENSG00000068438.10"	"FTSJ1"	chrX	+	48339813	48340103	48339813	48339916	48340019	48340103	4011	11,17	135,146	14,9	112,86	197	99	0.59311610183	1.0	0.039,0.055	0.059,0.05	-0.007
4016	"ENSG00000169598.11"	"DFFB"	chr1	+	3800070	3801993	3800070	3800364	3801601	3801993	4016	67,61	4,2	36,26	3,2	197	99	0.318264102153	1.0	0.894,0.939	0.858,0.867	0.054
4018	"ENSG00000189337.11"	"KAZN"	chr1	+	15386667	15390118	15386667	15386798	15390067	15390118	4018	13,4	40,44	5,3	31,20	197	99	0.829020715577	1.0	0.14,0.044	0.075,0.07	0.019
4022	"ENSG00000136699.15"	"SMPD4"	chr2	-	130913607	130914248	130913607	130913708	130914157	130914248	4022	18,3	54,84	10,6	44,36	197	99	0.444756362517	1.0	0.143,0.018	0.103,0.077	-0.01
4023	"ENSG00000167552.9"	"TUBA1A"	chr12	-	49580092	49580616	49580092	49580241	49580393	49580616	4023	0,3	104,85	1,0	74,40	197	99	0.808728042564	1.0	0.0,0.017	0.007,0.0	0.005
4025	"ENSG00000103168.12"	"TAF1C"	chr16	-	84214933	84215269	84214933	84215069	84215197	84215269	4025	108,82	8,7	124,93	6,4	197	99	0.234052477319	1.0	0.872,0.855	0.912,0.921	-0.053
4026	"ENSG00000103168.12"	"TAF1C"	chr16	-	84215351	84215664	84215351	84215469	84215547	84215664	4026	56,64	21,13	49,32	19,13	176	99	0.312571542538	1.0	0.6,0.735	0.592,0.581	0.081
4027	"ENSG00000103168.12"	"TAF1C"	chr16	-	84216681	84216934	84216681	84216755	84216849	84216934	4027	0,4	2,41	2,1	27,19	192	99	0.693261339489	1.0	0.0,0.048	0.037,0.026	-0.007
4029	"ENSG00000103168.12"	"TAF1C"	chr16	-	84215637	84216046	84215637	84215676	84215807	84216046	4029	24,35	1,1	20,15	1,0	197	99	0.732846148947	1.0	0.923,0.946	0.91,1.0	-0.021
4032	"ENSG00000156671.8"	"SAMD8"	chr10	+	76935823	76941881	76935823	76935974	76936145	76941881	4032	3,0	37,52	3,1	38,25	197	99	0.411577989371	1.0	0.039,0.0	0.038,0.02	-0.009
4035	"ENSG00000170581.9"	"STAT2"	chr12	-	56748561	56749135	56748561	56748647	56749059	56749135	4035	80,42	105,52	68,40	72,53	197	99	0.632809282787	1.0	0.277,0.289	0.322,0.275	-0.015
4036	"ENSG00000170581.9"	"STAT2"	chr12	-	56743880	56744216	56743880	56743974	56744195	56744216	4036	33,33	75,45	29,16	46,29	197	99	0.790215756256	1.0	0.181,0.269	0.241,0.217	-0.004
403	"ENSG00000137500.5"	"CCDC90B"	chr11	-	82984835	82985035	82984835	82984907	82984993	82985035	403	1,2	194,73	1,1	117,97	184	99	0.782164490129	1.0	0.003,0.015	0.005,0.006	0.003
4040	"ENSG00000114098.13"	"ARMC8"	chr3	+	137956120	137956414	137956120	137956204	137956323	137956414	4040	31,54	1,0	29,25	1,0	197	99	0.625316554893	1.0	0.94,1.0	0.936,1.0	0.002
4045	"ENSG00000161204.7"	"ABCF3"	chr3	+	183906381	183906629	183906381	183906458	183906548	183906629	4045	14,7	2,0	1,2	0,1	188	99	0.269245466085	1.0	0.787,1.0	1.0,0.513	0.137
4046	"ENSG00000161204.7"	"ABCF3"	chr3	+	183907175	183907545	183907175	183907231	183907408	183907545	4046	13,164	0,1	23,45	0,0	197	99	1	1.0	1.0,0.988	1.0,1.0	-0.006
4047	"ENSG00000161204.7"	"ABCF3"	chr3	+	183905184	183905549	183905184	183905231	183905451	183905549	4047	17,25	95,75	20,15	58,44	197	99	0.227118449534	1.0	0.083,0.143	0.148,0.146	-0.034
4049	"ENSG00000161204.7"	"ABCF3"	chr3	+	183904294	183904663	183904294	183904424	183904583	183904663	4049	85,106	2,0	77,63	1,0	197	99	0.782355987278	1.0	0.955,1.0	0.975,1.0	-0.01
404	"ENSG00000137500.5"	"CCDC90B"	chr11	-	82984993	82985783	82984993	82985035	82985681	82985783	404	5,7	192,109	3,3	143,113	197	99	0.397829893226	1.0	0.013,0.031	0.01,0.013	0.01
4050	"ENSG00000161204.7"	"ABCF3"	chr3	+	183910388	183910684	183910388	183910477	183910592	183910684	4050	6,8	47,52	8,4	33,26	197	99	0.362222354219	1.0	0.06,0.072	0.109,0.072	-0.024
4051	"ENSG00000161204.7"	"ABCF3"	chr3	+	183906875	183907065	183906875	183906932	183907042	183907065	4051	2,3	76,52	4,2	52,40	197	99	0.399903575465	1.0	0.013,0.028	0.037,0.025	-0.01
4052	"ENSG00000161204.7"	"ABCF3"	chr3	+	183907042	183907231	183907042	183907065	183907175	183907231	4052	8,10	32,28	6,4	21,14	197	99	0.876185141644	1.0	0.112,0.152	0.126,0.126	0.006
4053	"ENSG00000161204.7"	"ABCF3"	chr3	+	183905451	183905771	183905451	183905549	183905648	183905771	4053	18,7	98,84	8,6	55,37	197	99	0.643587437944	1.0	0.085,0.04	0.068,0.075	-0.009
4056	"ENSG00000185122.6"	"HSF1"	chr8	+	145537508	145537717	145537508	145537574	145537647	145537717	4056	19,18	56,54	22,12	44,27	171	99	0.234513248609	1.0	0.164,0.162	0.224,0.205	-0.051
4057	"ENSG00000185122.6"	"HSF1"	chr8	+	145534844	145535068	145534844	145534935	145535006	145535068	4057	1,4	72,50	1,1	22,25	169	99	0.640107789612	1.0	0.008,0.045	0.026,0.023	0.002
4059	"ENSG00000185122.6"	"HSF1"	chr8	+	145533457	145534935	145533457	145533582	145534859	145534935	4059	22,23	108,84	18,12	90,66	197	99	0.512068932731	1.0	0.093,0.121	0.091,0.084	0.02
4060	"ENSG00000172939.4"	"OXSR1"	chr3	+	38284037	38284269	38284037	38284108	38284233	38284269	4060	0,7	0,1	6,4	1,1	197	99	1	1.0	NA,0.779	0.751,0.668	0.07
4062	"ENSG00000136463.7"	"TACO1"	chr17	+	61683672	61684824	61683672	61683800	61684708	61684824	4062	20,176	0,1	44,55	0,0	197	99	0.762823616418	1.0	1.0,0.989	1.0,1.0	-0.006
4063	"ENSG00000136463.7"	"TACO1"	chr17	+	61683672	61684824	61683672	61683800	61684646	61684824	4063	2,2	253,238	3,3	144,117	197	99	0.362891233863	1.0	0.004,0.004	0.01,0.013	-0.007
4066	"ENSG00000100867.10"	"DHRS2"	chr14	+	24109002	24112428	24109002	24109104	24112360	24112428	4066	17,5	38,25	21,13	88,56	197	99	0.223882376302	1.0	0.184,0.091	0.107,0.104	0.032
4068	"ENSG00000115649.11"	"CNPPD1"	chr2	-	220039499	220039830	220039499	220039628	220039709	220039830	4068	5,7	60,95	5,3	56,41	179	99	0.806173360076	1.0	0.044,0.039	0.047,0.039	-0.002
4069	"ENSG00000131389.12"	"SLC6A6"	chr3	+	14489089	14489696	14489089	14489324	14489662	14489696	4069	14,10	1,0	12,16	0,0	197	99	1	1.0	0.876,1.0	1.0,1.0	-0.062
406	"ENSG00000095906.12"	"NUBP2"	chr16	+	1837941	1838208	1837941	1838052	1838138	1838208	406	8,15	59,82	10,5	53,40	184	99	0.941216361374	1.0	0.068,0.09	0.092,0.063	0.002
4070	"ENSG00000168002.7"	"POLR2G"	chr11	+	62529266	62530338	62529266	62529376	62530013	62530338	4070	34,21	13,1	16,13	5,4	197	99	0.547189056365	1.0	0.568,0.913	0.617,0.62	0.122
4071	"ENSG00000168002.7"	"POLR2G"	chr11	+	62529108	62529376	62529108	62529110	62529266	62529376	4071	14,14	1,0	4,4	0,0	197	99	1	1.0	0.876,1.0	1.0,1.0	-0.062
4072	"ENSG00000137504.9"	"CREBZF"	chr11	-	85374567	85376146	85374567	85374645	85374858	85376146	4072	330,120	31,29	271,200	33,23	197	99	0.461987344716	1.0	0.843,0.675	0.805,0.814	-0.05
4074	"ENSG00000162194.8"	"C11orf48"	chr11	-	62432320	62432653	62432320	62432445	62432528	62432653	4074	13,14	0,0	18,14	1,1	181	99	1	1.0	1.0,1.0	0.908,0.884	0.104
4075	"ENSG00000162194.8"	"C11orf48"	chr11	-	62430586	62430805	62430586	62430610	62430707	62430805	4075	209,231	1,3	229,177	3,2	195	99	0.702353000916	1.0	0.991,0.975	0.975,0.978	0.007
4078	"ENSG00000100225.13"	"FBXO7"	chr22	+	32883731	32889268	32883731	32883815	32889091	32889268	4078	0,6	0,0	32,25	1,1	197	99	1	1.0	NA,1.0	0.941,0.926	0.067
407	"ENSG00000095906.12"	"NUBP2"	chr16	+	1836537	1837832	1836537	1836956	1837677	1837832	407	20,18	39,26	16,8	32,24	197	99	0.385761276958	1.0	0.205,0.258	0.201,0.143	0.059
4080	"ENSG00000149823.3"	"VPS51"	chr11	+	64877176	64878075	64877176	64877395	64877953	64878075	4080	5,3	90,54	7,5	90,65	197	99	0.556411595928	1.0	0.027,0.027	0.038,0.037	-0.01
4082	"ENSG00000176014.8"	"TUBB6"	chr18	+	12308239	12308794	12308239	12308348	12308685	12308794	4082	9,11	323,302	8,4	278,210	197	99	0.583693029203	1.0	0.014,0.018	0.014,0.009	0.005
4083	"ENSG00000165609.8"	"NUDT5"	chr10	-	12212715	12212907	12212715	12212769	12212898	12212907	4083	6,9	86,91	4,3	56,46	197	99	0.931868574285	1.0	0.034,0.047	0.035,0.032	0.007
4085	"ENSG00000114395.6"	"CYB561D2"	chr3	+	50388627	50388991	50388627	50388717	50388839	50388991	4085	2,26	0,1	5,5	0,0	197	99	1	1.0	1.0,0.929	1.0,1.0	-0.035
4086	"ENSG00000082014.12"	"SMARCD3"	chr7	-	150937510	150938739	150937510	150937608	150938577	150938739	4086	6,6	4,15	7,3	7,4	197	99	0.769521139664	1.0	0.43,0.167	0.334,0.274	-0.006
4089	"ENSG00000130821.11"	"SLC6A8"	chrX	+	152959819	152960031	152959819	152959901	152959958	152960031	4089	2,5	0,4	5,4	1,1	155	99	0.555875539338	1.0	1.0,0.444	0.762,0.719	-0.018
4090	"ENSG00000130821.11"	"SLC6A8"	chrX	+	152959819	152960031	152959819	152959901	152959987	152960031	4090	3,6	225,643	8,5	358,295	184	99	0.577578146439	1.0	0.007,0.005	0.012,0.009	-0.004
4091	"ENSG00000130821.11"	"SLC6A8"	chrX	+	152958600	152958821	152958600	152958630	152958781	152958821	4091	798,781	20,21	100,127	2,3	197	99	0.674357769095	1.0	0.952,0.949	0.962,0.955	-0.008
4093	"ENSG00000157978.7"	"LDLRAP1"	chr1	+	25890151	25891698	25890151	25890282	25891663	25891698	4093	4,3	21,20	3,1	22,15	197	99	0.639841898159	1.0	0.087,0.07	0.064,0.032	0.03
4099	"ENSG00000198373.8"	"WWP2"	chr16	+	69965411	69965793	69965411	69965483	69965704	69965793	4099	5,6	38,46	3,2	32,21	197	99	0.840146064226	1.0	0.062,0.062	0.045,0.046	0.017
40	"ENSG00000102879.11"	"CORO1A"	chr16	+	30198136	30198544	30198136	30198266	30198359	30198544	40	0,0	8,9	1,0	10,7	191	99	1	1.0	0.0,0.0	0.049,0.0	-0.025
4100	"ENSG00000139793.14"	"MBNL2"	chr13	+	97999057	97999321	97999057	97999257	97999294	97999321	4100	18,27	2,0	27,19	1,1	135	99	0.757296101021	1.0	0.868,1.0	0.952,0.933	-0.009
4101	"ENSG00000161179.9"	"YDJC"	chr22	-	21983596	21984050	21983596	21983696	21983890	21984050	4101	184,203	35,42	168,154	29,25	197	99	0.448732857232	1.0	0.725,0.708	0.744,0.756	-0.034
4102	"ENSG00000161179.9"	"YDJC"	chr22	-	21983298	21983696	21983298	21983476	21983596	21983696	4102	31,57	13,37	40,30	22,15	197	99	0.849551156473	1.0	0.545,0.436	0.477,0.501	0.002
4103	"ENSG00000161179.9"	"YDJC"	chr22	-	21983596	21984050	21983596	21983696	21983831	21984050	4103	158,177	72,39	146,125	55,48	197	99	0.530923224649	1.0	0.524,0.695	0.572,0.567	0.04
4104	"ENSG00000173540.8"	"GMPPB"	chr3	-	49761030	49761384	49761030	49761164	49761272	49761384	4104	27,37	3,1	23,17	1,1	197	99	0.61916075146	1.0	0.819,0.949	0.92,0.895	-0.024
4107	"ENSG00000132522.11"	"GPS2"	chr17	-	7216886	7217478	7216886	7216994	7217398	7217478	4107	62,28	1,0	18,17	0,0	197	99	1	1.0	0.969,1.0	1.0,1.0	-0.016
4108	"ENSG00000132522.11"	"GPS2"	chr17	-	7216347	7216610	7216347	7216443	7216530	7216610	4108	17,13	83,135	16,10	96,67	185	99	0.622158663766	1.0	0.099,0.049	0.082,0.074	-0.004
4109	"ENSG00000132522.11"	"GPS2"	chr17	-	7216347	7216610	7216347	7216416	7216530	7216610	4109	101,119	1,5	103,72	2,2	197	99	0.887231996968	1.0	0.981,0.923	0.963,0.948	-0.004
410	"ENSG00000095906.12"	"NUBP2"	chr16	+	1836537	1836956	1836537	1836656	1836757	1836956	410	8,5	29,22	6,4	24,18	197	99	0.917384013343	1.0	0.122,0.103	0.112,0.1	0.006
4110	"ENSG00000132522.11"	"GPS2"	chr17	-	7216886	7217478	7216886	7217307	7217398	7217478	4110	15,15	90,68	11,7	57,37	189	99	0.956531786855	1.0	0.08,0.104	0.092,0.09	0.001
4112	"ENSG00000214026.6"	"MRPL23"	chr11	+	1977485	1977839	1977485	1977678	1977771	1977839	4112	33,15	1,7	14,11	3,2	191	99	0.856016898988	1.0	0.945,0.526	0.708,0.74	0.012
4115	"ENSG00000158106.8"	"RHPN1"	chr8	+	144461998	144462345	144461998	144462155	144462231	144462345	4115	1,7	1,1	3,2	2,1	174	99	0.576316773335	1.0	0.363,0.799	0.46,0.532	0.085
411	"ENSG00000095906.12"	"NUBP2"	chr16	+	1836537	1837832	1836537	1836656	1837677	1837832	411	13,10	50,22	10,6	37,26	197	99	0.595121124107	1.0	0.116,0.186	0.12,0.104	0.039
4120	"ENSG00000132432.9"	"SEC61G"	chr7	-	54825187	54825412	54825187	54825287	54825371	54825412	4120	0,11	1,0	2,3	0,0	182	99	1	1.0	0.0,1.0	1.0,1.0	-0.5
4122	"ENSG00000065357.15"	"DGKA"	chr12	+	56345406	56345883	56345406	56345567	56345818	56345883	4122	2,0	13,19	1,1	19,12	197	99	0.951619949471	1.0	0.072,0.0	0.026,0.04	0.003
4123	"ENSG00000065357.15"	"DGKA"	chr12	+	56333865	56334506	56333865	56334217	56334407	56334506	4123	6,2	13,19	5,3	10,6	197	99	0.260231150563	1.0	0.188,0.05	0.201,0.201	-0.082
4124	"ENSG00000065357.15"	"DGKA"	chr12	+	56333198	56333954	56333198	56333313	56333865	56333954	4124	2,9	3,5	8,5	5,3	197	99	0.82540480842	1.0	0.251,0.475	0.446,0.456	-0.088
4125	"ENSG00000065357.15"	"DGKA"	chr12	+	56333198	56334217	56333198	56333313	56334097	56334217	4125	2,2	1,0	1,2	0,0	197	99	1	1.0	0.501,1.0	1.0,1.0	-0.25
4127	"ENSG00000065357.15"	"DGKA"	chr12	+	56346124	56346716	56346124	56346215	56346517	56346716	4127	4,3	11,11	2,1	7,5	197	99	0.739420189942	1.0	0.155,0.121	0.126,0.091	0.03
4128	"ENSG00000065357.15"	"DGKA"	chr12	+	56334680	56335109	56334680	56334764	56335035	56335109	4128	5,4	10,6	7,5	13,7	197	99	0.939828330592	1.0	0.201,0.251	0.213,0.264	-0.012
412	"ENSG00000105607.8"	"GCDH"	chr19	+	13008116	13008677	13008116	13008242	13008516	13008677	412	3,2	55,38	3,3	29,26	197	99	0.238106327573	1.0	0.027,0.026	0.049,0.055	-0.026
4130	"ENSG00000065357.15"	"DGKA"	chr12	+	56347133	56347805	56347133	56347194	56347468	56347805	4130	5,1	6,20	4,2	8,5	197	99	0.482699791661	1.0	0.295,0.025	0.201,0.167	-0.024
4131	"ENSG00000065357.15"	"DGKA"	chr12	+	56333865	56334217	56333865	56333954	56334097	56334217	4131	7,8	5,9	10,5	5,4	197	99	0.483061925367	1.0	0.413,0.309	0.501,0.386	-0.083
4132	"ENSG00000065357.15"	"DGKA"	chr12	+	56332698	56333089	56332698	56332773	56332969	56333089	4132	4,2	5,6	2,1	7,5	197	99	0.563681137076	1.0	0.287,0.143	0.126,0.091	0.106
4135	"ENSG00000107099.11"	"DOCK8"	chr9	+	368017	370300	368017	368135	370229	370300	4135	2,1	60,58	1,1	45,33	197	99	0.852100024508	1.0	0.016,0.009	0.011,0.015	-0.0
4137	"ENSG00000134440.7"	"NARS"	chr18	-	55269586	55270175	55269586	55269718	55270043	55270175	4137	40,30	285,345	43,33	331,280	197	99	0.599378265798	1.0	0.066,0.042	0.061,0.056	-0.004
4138	"ENSG00000134440.7"	"NARS"	chr18	-	55282872	55283207	55282872	55282962	55283048	55283207	4138	0,1	572,500	1,1	524,523	184	99	1	1.0	0.0,0.001	0.001,0.001	-0.001
4139	"ENSG00000101199.8"	"ARFGAP1"	chr20	+	61918915	61921140	61918915	61920848	61921029	61921140	4139	38,100	1,8	68,44	5,3	197	99	0.783072393661	1.0	0.95,0.863	0.872,0.881	0.03
413	"ENSG00000105607.8"	"GCDH"	chr19	+	13001973	13002209	13001973	13002016	13002084	13002209	413	1,2	8,2	0,0	5,4	166	99	1	1.0	0.069,0.374	0.0,0.0	0.222
4142	"ENSG00000129353.10"	"SLC44A2"	chr19	+	10745431	10745749	10745431	10745563	10745649	10745749	4142	9,1	53,52	5,3	36,26	184	99	0.44971506765	1.0	0.084,0.01	0.07,0.058	-0.017
4143	"ENSG00000213465.3"	"ARL2"	chr11	+	64789192	64789656	64789192	64789360	64789442	64789656	4143	326,328	1,0	360,254	3,2	180	99	0.207065799536	1.0	0.994,1.0	0.985,0.986	0.011
4144	"ENSG00000116688.12"	"MFN2"	chr1	+	12058826	12059065	12058826	12058935	12059044	12059065	4144	14,40	187,182	15,11	116,117	197	99	0.396348378479	1.0	0.036,0.099	0.061,0.045	0.015
4145	"ENSG00000143401.10"	"ANP32E"	chr1	-	150208080	150208504	150208080	150208177	150208413	150208504	4145	585,606	1,0	69,87	0,0	197	99	1	1.0	0.997,1.0	1.0,1.0	-0.002
4146	"ENSG00000228474.1"	"OST4"	chr2	-	27294193	27294517	27294193	27294331	27294468	27294517	4146	5,4	1105,787	7,4	1001,785	197	99	1	1.0	0.002,0.003	0.004,0.003	-0.001
4148	"ENSG00000130714.11"	"POMT1"	chr9	+	134385289	134385802	134385289	134385420	134385646	134385802	4148	20,18	0,1	2,1	0,0	197	99	1	1.0	1.0,0.9	1.0,1.0	-0.05
4149	"ENSG00000130714.11"	"POMT1"	chr9	+	134385289	134385802	134385289	134385449	134385646	134385802	4149	0,22	0,2	15,13	0,0	197	99	1	1.0	NA,0.847	1.0,1.0	-0.153
414	"ENSG00000105607.8"	"GCDH"	chr19	+	13002300	13002788	13002300	13002336	13002644	13002788	414	8,3	28,17	7,7	18,16	197	99	0.27905062293	1.0	0.126,0.081	0.163,0.18	-0.068
4152	"ENSG00000196576.10"	"PLXNB2"	chr22	-	50719788	50720171	50719788	50719928	50719994	50720171	4152	1,1	6,24	3,1	22,12	164	99	0.687634962656	1.0	0.091,0.025	0.076,0.048	-0.004
4157	"ENSG00000162004.12"	"CCDC78"	chr16	-	772921	773936	772921	773161	773856	773936	4157	7,3	28,2	2,2	7,4	197	99	0.703854493203	1.0	0.112,0.43	0.126,0.201	0.108
4161	"ENSG00000125124.7"	"BBS2"	chr16	-	56530878	56531792	56530878	56530991	56531654	56531792	4161	1,0	22,36	1,0	16,11	197	99	0.401940645407	1.0	0.022,0.0	0.03,0.0	-0.004
4163	"ENSG00000125124.7"	"BBS2"	chr16	-	56536228	56536720	56536228	56536368	56536584	56536720	4163	2,2	20,26	4,2	17,11	197	99	0.194591249187	1.0	0.048,0.037	0.106,0.084	-0.053
4164	"ENSG00000160072.15"	"ATAD3B"	chr1	+	1421161	1421615	1421161	1421218	1421489	1421615	4164	5,2	46,105	4,2	50,35	197	99	0.393134978249	1.0	0.052,0.009	0.039,0.028	-0.003
4165	"ENSG00000142632.12"	"ARHGEF19"	chr1	-	16531845	16532062	16531845	16531920	16532032	16532062	4165	1,0	29,29	0,0	19,24	197	99	0.861138105167	1.0	0.017,0.0	0.0,0.0	0.009
4167	"ENSG00000143224.13"	"PPOX"	chr1	+	161140050	161140559	161140050	161140251	161140409	161140559	4167	54,37	1,2	39,26	1,0	197	99	0.649232961182	1.0	0.964,0.903	0.951,1.0	-0.042
4168	"ENSG00000143224.13"	"PPOX"	chr1	+	161136467	161136724	161136467	161136537	161136629	161136724	4168	31,6	12,2	23,13	11,8	190	99	0.479037278849	1.0	0.574,0.61	0.521,0.458	0.102
4170	"ENSG00000143224.13"	"PPOX"	chr1	+	161136889	161137276	161136889	161137024	161137144	161137276	4170	63,0	0,0	64,48	1,0	197	99	1	1.0	1.0,NA	0.97,1.0	0.015
4172	"ENSG00000143224.13"	"PPOX"	chr1	+	161136889	161137276	161136889	161137024	161137128	161137276	4172	91,13	12,2	85,50	7,4	197	99	0.263868023524	1.0	0.792,0.766	0.859,0.863	-0.082
4173	"ENSG00000185624.10"	"P4HB"	chr17	-	79803436	79803698	79803436	79803618	79803693	79803698	4173	6,4	1,0	21,13	1,0	173	99	0.346783788228	1.0	0.774,1.0	0.923,1.0	-0.075
4174	"ENSG00000185624.10"	"P4HB"	chr17	-	79817056	79817606	79817056	79817263	79817527	79817606	4174	22,66	0,2	100,57	1,0	197	99	0.278366877897	1.0	1.0,0.943	0.98,1.0	-0.018
4176	"ENSG00000172936.8"	"MYD88"	chr3	+	38181878	38182339	38181878	38182083	38182247	38182339	4176	4,33	0,2	7,7	1,0	197	99	0.592957516083	1.0	1.0,0.892	0.779,1.0	0.056
4177	"ENSG00000172936.8"	"MYD88"	chr3	+	38181878	38182339	38181878	38182059	38182247	38182339	4177	13,28	56,57	10,8	37,26	197	99	0.617155314353	1.0	0.104,0.198	0.12,0.134	0.024
4179	"ENSG00000172936.8"	"MYD88"	chr3	+	38181878	38182339	38181878	38182059	38182290	38182339	4179	17,124	0,1	25,37	0,0	197	99	1	1.0	1.0,0.984	1.0,1.0	-0.008
417	"ENSG00000157456.3"	"CCNB2"	chr15	+	59399520	59399869	59399520	59399649	59399755	59399869	417	0,0	278,362	1,1	526,410	197	99	1	1.0	0.0,0.0	0.001,0.001	-0.001
4182	"ENSG00000136319.7"	"TTC5"	chr14	-	20760141	20763685	20760141	20760286	20763470	20763685	4182	1,2	11,15	2,1	11,7	197	99	0.606715749083	1.0	0.044,0.063	0.084,0.067	-0.022
4184	"ENSG00000188603.12"	"CLN3"	chr16	-	28503034	28503536	28503034	28503156	28503340	28503536	4184	0,0	0,32	3,3	11,14	197	99	1	1.0	NA,0.0	0.121,0.097	-0.109
4185	"ENSG00000188603.12"	"CLN3"	chr16	-	28493647	28493993	28493647	28493866	28493946	28493993	4185	3,5	21,42	3,2	33,23	178	99	0.679827568013	1.0	0.074,0.062	0.048,0.046	0.021
4186	"ENSG00000188603.12"	"CLN3"	chr16	-	28493425	28493703	28493425	28493519	28493647	28493703	4186	1,4	75,103	4,2	65,45	197	99	0.259921596731	1.0	0.007,0.019	0.03,0.022	-0.013
4187	"ENSG00000188603.12"	"CLN3"	chr16	-	28493647	28493866	28493647	28493703	28493797	28493866	4187	2,3	61,111	2,2	65,46	192	99	0.638316114612	1.0	0.017,0.014	0.016,0.022	-0.003
4189	"ENSG00000188603.12"	"CLN3"	chr16	-	28502802	28503156	28502802	28502881	28503034	28503156	4189	1,3	46,38	1,1	41,27	197	99	0.863215535211	1.0	0.011,0.038	0.012,0.018	0.01
418	"ENSG00000168701.14"	"TMEM208"	chr16	+	67262397	67262784	67262397	67262534	67262699	67262784	418	5,36	50,84	18,12	56,44	197	99	0.802308896686	1.0	0.048,0.177	0.139,0.121	-0.018
4190	"ENSG00000169242.7"	"EFNA1"	chr1	+	155105978	155106256	155105978	155106044	155106205	155106256	4190	0,0	2,3	2,1	3,2	197	99	1	1.0	0.0,0.0	0.251,0.201	-0.226
4192	"ENSG00000137073.16"	"UBAP2"	chr9	-	33921690	33922597	33921690	33921862	33922356	33922597	4192	88,106	1,2	54,49	0,0	197	99	0.49664624995	1.0	0.978,0.964	1.0,1.0	-0.029
4195	"ENSG00000105426.10"	"PTPRS"	chr19	-	5218430	5219478	5218430	5218543	5219320	5219478	4195	17,22	12,11	15,8	15,7	197	99	0.261497610072	1.0	0.416,0.501	0.334,0.365	0.109
4197	"ENSG00000111057.6"	"KRT18"	chr12	+	53343588	53344194	53343588	53343634	53344111	53344194	4197	0,0	1,0	7,5	0,0	197	99	1	1.0	0.0,NA	1.0,1.0	-1.0
4198	"ENSG00000111057.6"	"KRT18"	chr12	+	53344111	53344690	53344111	53344194	53344533	53344690	4198	4,0	772,786	14,8	872,603	197	99	1	1.0	0.003,0.0	0.008,0.007	-0.006
419	"ENSG00000168701.14"	"TMEM208"	chr16	+	67262397	67262784	67262397	67262560	67262699	67262784	419	6,12	0,17	11,8	4,3	197	99	0.78497813218	1.0	1.0,0.262	0.58,0.573	0.054
41	"ENSG00000102879.11"	"CORO1A"	chr16	+	30196529	30198041	30196529	30196728	30197918	30198041	41	0,0	9,4	2,0	9,7	197	99	1	1.0	0.0,0.0	0.1,0.0	-0.05
4200	"ENSG00000132612.14"	"VPS4A"	chr16	+	69354590	69355019	69354590	69354672	69354991	69355019	4200	9,50	0,3	26,22	1,0	197	99	0.689759216185	1.0	1.0,0.893	0.929,1.0	-0.018
4201	"ENSG00000160867.10"	"FGFR4"	chr5	+	176517632	176517826	176517632	176517654	176517745	176517826	4201	3,0	17,23	0,0	1,1	189	99	1	1.0	0.085,0.0	0.0,0.0	0.043
4207	"ENSG00000104679.6"	"R3HCC1"	chr8	+	23147378	23147982	23147378	23147438	23147564	23147982	4207	40,108	1,0	49,34	0,0	197	99	0.508433245112	1.0	0.953,1.0	1.0,1.0	-0.024
420	"ENSG00000168701.14"	"TMEM208"	chr16	+	67262699	67263181	67262699	67262784	67262878	67263181	420	1,8	33,55	5,3	40,30	192	99	0.755050866064	1.0	0.015,0.07	0.061,0.049	-0.012
4211	"ENSG00000121022.9"	"COPS5"	chr8	-	67955316	67958195	67955316	67955552	67958046	67958195	4211	19,28	142,165	15,11	108,84	197	99	0.754209638008	1.0	0.063,0.079	0.065,0.062	0.008
4216	"ENSG00000161265.10"	"U2AF1L4"	chr19	-	36235223	36236088	36235223	36235639	36236025	36236088	4216	14,54	7,4	52,30	13,8	197	99	0.681050845996	1.0	0.501,0.872	0.668,0.653	0.026
4217	"ENSG00000161265.10"	"U2AF1L4"	chr19	-	36235223	36236088	36235223	36235322	36236025	36236088	4217	14,32	4,15	32,20	9,6	197	99	0.432298693413	1.0	0.638,0.517	0.641,0.626	-0.056
4218	"ENSG00000161265.10"	"U2AF1L4"	chr19	-	36234970	36235322	36234970	36235123	36235223	36235322	4218	6,11	0,0	10,11	1,0	197	99	1	1.0	1.0,1.0	0.834,1.0	0.083
4219	"ENSG00000161265.10"	"U2AF1L4"	chr19	-	36233429	36234805	36233429	36233704	36234709	36234805	4219	6,29	18,6	18,11	15,9	197	99	0.907451464934	1.0	0.143,0.708	0.376,0.381	0.047
421	"ENSG00000168701.14"	"TMEM208"	chr16	+	67262699	67263181	67262699	67262739	67262878	67263181	421	44,61	2,0	45,34	1,0	197	99	0.602689057542	1.0	0.917,1.0	0.958,1.0	-0.02
4220	"ENSG00000161265.10"	"U2AF1L4"	chr19	-	36234970	36235322	36234970	36235046	36235223	36235322	4220	17,14	14,21	15,11	20,14	197	99	0.706638550793	1.0	0.379,0.251	0.274,0.283	0.037
4224	"ENSG00000167604.9"	"NFKBID"	chr19	-	36387627	36387960	36387627	36387733	36387814	36387960	4224	1,6	2,2	3,2	3,1	179	99	0.836140975207	1.0	0.217,0.624	0.356,0.525	-0.02
4225	"ENSG00000123473.11"	"STIL"	chr1	-	47765576	47765824	47765576	47765640	47765781	47765824	4225	33,90	5,2	62,43	6,5	197	99	0.39548903364	1.0	0.768,0.958	0.839,0.812	0.037
4226	"ENSG00000115541.6"	"HSPE1"	chr2	+	198367762	198368105	198367762	198367852	198367932	198368105	4226	4,18	456,359	9,6	332,293	178	99	0.823230968734	1.0	0.005,0.027	0.015,0.011	0.003
4228	"ENSG00000161642.13"	"ZNF385A"	chr12	-	54778211	54778457	54778211	54778348	54778444	54778457	4228	3,7	0,1	3,4	0,0	194	99	1	1.0	1.0,0.781	1.0,1.0	-0.109
422	"ENSG00000173846.8"	"PLK3"	chr1	+	45269271	45269696	45269271	45269363	45269602	45269696	422	0,5	4,32	2,2	16,12	197	99	0.785524927883	1.0	0.0,0.073	0.059,0.077	-0.032
4230	"ENSG00000017621.11"	"MAGIX"	chrX	+	49021044	49021428	49021044	49021127	49021245	49021428	4230	0,0	1,0	3,2	0,0	197	99	1	1.0	0.0,NA	1.0,1.0	-1.0
4232	"ENSG00000158793.9"	"NIT1"	chr1	+	161088923	161089402	161088923	161089178	161089282	161089402	4232	9,5	1,1	9,9	1,0	197	99	0.543658760016	1.0	0.819,0.715	0.819,1.0	-0.143
4234	"ENSG00000137700.12"	"SLC37A4"	chr11	-	118898337	118899136	118898337	118898582	118898903	118899136	4234	29,33	31,30	29,25	24,18	197	99	0.420183776157	1.0	0.32,0.356	0.378,0.411	-0.056
4237	"ENSG00000065268.6"	"WDR18"	chr19	+	990915	991145	990915	990995	991080	991145	4237	1,0	118,80	0,0	37,34	183	99	1	1.0	0.005,0.0	0.0,0.0	0.003
4238	"ENSG00000103005.7"	"USB1"	chr16	+	58036382	58036549	58036382	58036403	58036519	58036549	4238	106,87	2,2	75,59	1,1	197	99	0.775308233488	1.0	0.964,0.956	0.974,0.967	-0.01
423	"ENSG00000173846.8"	"PLK3"	chr1	+	45268626	45269063	45268626	45268825	45268939	45269063	423	5,12	27,29	9,6	37,22	197	99	0.681069174474	1.0	0.085,0.172	0.109,0.121	0.014
4240	"ENSG00000133858.11"	"ZFC3H1"	chr12	-	72004837	72005667	72004837	72004877	72005565	72005667	4240	20,24	91,82	20,12	82,62	197	99	0.664351997778	1.0	0.099,0.128	0.109,0.089	0.014
4241	"ENSG00000133858.11"	"ZFC3H1"	chr12	-	72004837	72005667	72004837	72004877	72005498	72005667	4241	9,3	0,2	2,3	0,0	197	99	1	1.0	1.0,0.43	1.0,1.0	-0.285
4242	"ENSG00000185753.8"	"CXorf38"	chrX	-	40488284	40490025	40488284	40489414	40489865	40490025	4242	5,9	15,26	4,3	18,12	197	99	0.616735333092	1.0	0.143,0.148	0.1,0.112	0.039
4244	"ENSG00000143811.12"	"PYCR2"	chr1	-	226111181	226111471	226111181	226111239	226111400	226111471	4244	41,53	0,0	28,39	0,1	197	99	1	1.0	1.0,1.0	1.0,0.951	0.024
4245	"ENSG00000143811.12"	"PYCR2"	chr1	-	226109903	226110779	226109903	226110083	226110700	226110779	4245	73,71	1,2	108,83	1,1	197	99	0.477068054131	1.0	0.973,0.947	0.982,0.977	-0.02
424	"ENSG00000173846.8"	"PLK3"	chr1	+	45270010	45270451	45270010	45270173	45270321	45270451	424	6,9	6,31	6,3	19,13	197	99	0.501604395254	1.0	0.334,0.127	0.137,0.104	0.11
4252	"ENSG00000176155.14"	"CCDC57"	chr17	-	80151631	80152015	80151631	80151706	80151857	80152015	4252	27,11	3,17	10,7	9,7	197	99	0.395029054669	1.0	0.819,0.245	0.358,0.334	0.186
4253	"ENSG00000148444.11"	"COMMD3"	chr10	+	22607200	22607947	22607200	22607235	22607887	22607947	4253	16,29	2,7	24,17	3,2	197	99	0.527038066463	1.0	0.801,0.676	0.801,0.81	-0.067
4255	"ENSG00000079134.7"	"THOC1"	chr18	-	225088	225271	225088	225139	225235	225271	4255	61,78	1,0	48,43	1,1	194	99	0.391697506489	1.0	0.969,1.0	0.961,0.956	0.026
4256	"ENSG00000079134.7"	"THOC1"	chr18	-	225235	225403	225235	225271	225336	225403	4256	8,1	0,2	20,23	0,0	163	99	1	1.0	1.0,0.233	1.0,1.0	-0.383
4258	"ENSG00000079134.7"	"THOC1"	chr18	-	224923	225403	224923	224994	225088	225403	4258	19,25	119,212	15,10	104,83	192	99	0.98026481278	1.0	0.076,0.057	0.069,0.058	0.003
4259	"ENSG00000079134.7"	"THOC1"	chr18	-	224923	225403	224923	224994	225336	225403	4259	30,89	0,2	62,47	1,1	197	99	0.972818120825	1.0	1.0,0.957	0.969,0.959	0.014
4260	"ENSG00000198208.7"	"RPS6KL1"	chr14	-	75377950	75378544	75377950	75378083	75378496	75378544	4260	4,4	3,5	3,2	2,1	197	99	0.55472198465	1.0	0.401,0.287	0.43,0.501	-0.122
4261	"ENSG00000198208.7"	"RPS6KL1"	chr14	-	75372345	75373827	75372345	75373462	75373720	75373827	4261	4,9	0,0	7,6	0,1	197	99	1	1.0	1.0,1.0	1.0,0.751	0.125
4262	"ENSG00000198208.7"	"RPS6KL1"	chr14	-	75375803	75376851	75375803	75375893	75376245	75376851	4262	6,3	2,0	2,2	1,1	197	99	0.517697292822	1.0	0.601,1.0	0.501,0.501	0.299
4264	"ENSG00000144130.7"	"NT5DC4"	chr2	+	113481670	113482817	113481670	113481703	113482750	113482817	4264	8,6	0,0	4,3	1,0	197	99	1	1.0	1.0,1.0	0.668,1.0	0.166
4266	"ENSG00000068308.9"	"OTUD5"	chrX	-	48791736	48792140	48791736	48791885	48791983	48792140	4266	50,74	465,696	54,41	429,329	196	99	0.355298360521	1.0	0.052,0.051	0.06,0.059	-0.008
4268	"ENSG00000104976.7"	"SNAPC2"	chr19	+	7986919	7987542	7986919	7987232	7987368	7987542	4268	82,85	0,0	107,76	1,1	197	99	0.522728874857	1.0	1.0,1.0	0.982,0.974	0.022
4270	"ENSG00000133265.6"	"HSPBP1"	chr19	-	55791453	55791700	55791453	55791476	55791585	55791700	4270	3,21	3,7	6,6	5,4	197	99	0.44878899763	1.0	0.334,0.601	0.376,0.43	0.065
4273	"ENSG00000156869.8"	"FRRS1"	chr1	-	100177497	100177719	100177497	100177576	100177660	100177719	4273	2,6	1,4	3,2	1,1	182	99	0.741435037461	1.0	0.521,0.449	0.62,0.521	-0.086
4274	"ENSG00000109919.5"	"MTCH2"	chr11	-	47650504	47650907	47650504	47650598	47650749	47650907	4274	7,9	1,2	2,4	0,0	197	99	1	1.0	0.779,0.693	1.0,1.0	-0.264
4275	"ENSG00000173145.7"	"NOC3L"	chr10	-	96116930	96117972	96116930	96117088	96117839	96117972	4275	7,7	61,25	2,2	28,24	197	99	0.391146410912	1.0	0.055,0.123	0.035,0.04	0.051
4277	"ENSG00000197948.6"	"FCHSD1"	chr5	-	141025653	141026289	141025653	141025758	141026055	141026289	4277	2,40	2,1	9,15	0,0	197	99	1	1.0	0.334,0.953	1.0,1.0	-0.357
4280	"ENSG00000214517.4"	"PPME1"	chr11	+	73961998	73962760	73961998	73962231	73962692	73962760	4280	9,7	0,2	16,9	1,0	197	99	0.543215655908	1.0	1.0,0.638	0.889,1.0	-0.126
4283	"ENSG00000179335.14"	"CLK3"	chr15	+	74912349	74914557	74912349	74912566	74914460	74914557	4283	19,13	41,60	25,14	72,49	197	99	0.978626666179	1.0	0.189,0.098	0.149,0.126	0.006
4284	"ENSG00000179335.14"	"CLK3"	chr15	+	74914460	74914901	74914460	74914557	74914834	74914901	4284	9,21	47,40	24,13	70,45	197	99	0.819756749929	1.0	0.088,0.209	0.147,0.127	0.011
4285	"ENSG00000104231.6"	"ZFAND1"	chr8	-	82626833	82627130	82626833	82626894	82627038	82627130	4285	12,24	0,1	21,17	3,2	197	99	0.28594160613	1.0	1.0,0.923	0.779,0.81	0.167
4301	"ENSG00000160752.10"	"FDPS"	chr1	+	155287959	155288478	155287959	155288082	155288467	155288478	4301	80,60	1,1	69,52	0,0	197	99	0.733024423645	1.0	0.976,0.968	1.0,1.0	-0.028
4302	"ENSG00000160752.10"	"FDPS"	chr1	+	155288467	155288696	155288467	155288544	155288646	155288696	4302	59,52	655,450	51,30	422,400	197	99	0.901204127305	1.0	0.043,0.055	0.057,0.036	0.003
4304	"ENSG00000160752.10"	"FDPS"	chr1	+	155288509	155288719	155288509	155288554	155288646	155288719	4304	0,25	0,0	42,31	1,1	190	99	1	1.0	NA,1.0	0.956,0.942	0.051
4305	"ENSG00000076604.10"	"TRAF4"	chr17	+	27074230	27074731	27074230	27074282	27074587	27074731	4305	27,27	1,0	22,15	1,0	197	99	0.703014537804	1.0	0.931,1.0	0.917,1.0	0.007
4306	"ENSG00000076604.10"	"TRAF4"	chr17	+	27074860	27075196	27074860	27074921	27075034	27075196	4306	130,130	0,1	46,43	0,0	197	99	0.966524309207	1.0	1.0,0.985	1.0,1.0	-0.008
4307	"ENSG00000076604.10"	"TRAF4"	chr17	+	27074860	27075196	27074860	27074965	27075034	27075196	4307	54,31	311,311	47,29	266,205	167	99	0.391634147623	1.0	0.093,0.056	0.095,0.077	-0.011
4308	"ENSG00000090581.5"	"GNPTG"	chr16	+	1412206	1412743	1412206	1412535	1412611	1412743	4308	6,22	73,44	9,5	56,39	174	99	0.313324416798	1.0	0.045,0.221	0.084,0.068	0.057
4309	"ENSG00000090581.5"	"GNPTG"	chr16	+	1402102	1402307	1402102	1402160	1402239	1402307	4309	2,7	5,10	3,3	13,9	177	99	0.244584022094	1.0	0.183,0.281	0.114,0.157	0.097
4310	"ENSG00000090581.5"	"GNPTG"	chr16	+	1412206	1412535	1412206	1412321	1412452	1412535	4310	1,24	29,27	7,5	30,20	197	99	0.590024944647	1.0	0.017,0.309	0.105,0.112	0.055
4311	"ENSG00000221983.3"	"UBA52"	chr19	+	18685741	18685980	18685741	18685782	18685866	18685980	4311	2,5	3998,3128	4,2	2463,2083	182	99	1	1.0	0.0,0.001	0.001,0.001	-0.001
4312	"ENSG00000221983.3"	"UBA52"	chr19	+	18685679	18686051	18685679	18685782	18685912	18686051	4312	2531,1678	2,0	1853,1399	2,1	197	99	1	1.0	0.998,1.0	0.998,0.999	0.001
4314	"ENSG00000185621.7"	"LMLN"	chr3	+	197702899	197703586	197702899	197702982	197703468	197703586	4314	4,6	9,6	3,3	4,3	197	99	0.757409110135	1.0	0.183,0.334	0.274,0.334	-0.046
4315	"ENSG00000185621.7"	"LMLN"	chr3	+	197702899	197703586	197702899	197703058	197703468	197703586	4315	10,14	1,0	2,3	0,0	197	99	1	1.0	0.834,1.0	1.0,1.0	-0.083
4318	"ENSG00000186787.7"	"SPIN2B"	chrX	-	57146114	57147064	57146114	57146534	57146837	57147064	4318	13,13	26,14	21,11	23,15	197	99	0.569063099313	1.0	0.201,0.318	0.315,0.269	-0.033
4322	"ENSG00000104870.8"	"FCGRT"	chr19	+	50027763	50028830	50027763	50028033	50028713	50028830	4322	0,0	5,1	1,0	4,2	197	99	1	1.0	0.0,0.0	0.112,0.0	-0.056
4324	"ENSG00000089682.12"	"RBM41"	chrX	-	106312484	106313655	106312484	106312632	106313442	106313655	4324	8,4	7,0	9,6	4,3	197	99	0.88280407456	1.0	0.365,1.0	0.531,0.501	0.166
4325	"ENSG00000089682.12"	"RBM41"	chrX	-	106331665	106332069	106331665	106331803	106331964	106332069	4325	126,41	12,3	102,82	7,6	197	99	0.564667523599	1.0	0.841,0.873	0.88,0.873	-0.02
4329	"ENSG00000000971.11"	"CFH"	chr1	+	196709748	196711181	196709748	196709922	196711004	196711181	4329	60,15	69,31	28,20	29,22	197	99	0.345033764444	1.0	0.304,0.196	0.327,0.314	-0.071
432	"ENSG00000165704.10"	"HPRT1"	chrX	+	133632434	133632671	133632434	133632466	133632637	133632671	432	1,2	202,132	0,0	15,31	197	99	1	1.0	0.002,0.008	0.0,0.0	0.005
4336	"ENSG00000174547.9"	"MRPL11"	chr11	-	66204675	66204906	66204675	66204734	66204808	66204906	4336	1,0	1,0	1,0	0,0	172	99	1	1.0	0.365,NA	1.0,NA	-0.635
4337	"ENSG00000174547.9"	"MRPL11"	chr11	-	66204675	66204914	66204675	66204734	66204820	66204914	4337	3,0	262,207	1,1	94,92	184	99	1	1.0	0.006,0.0	0.006,0.006	-0.003
4338	"ENSG00000167578.12"	"RAB4B"	chr19	+	41285923	41286404	41285923	41286004	41286289	41286404	4338	8,1	12,7	3,4	14,8	197	99	0.618061514302	1.0	0.251,0.067	0.097,0.201	0.01
4340	"ENSG00000167578.12"	"RAB4B"	chr19	+	41284951	41286004	41284951	41284960	41285923	41286004	4340	2,0	2,0	1,1	0,0	197	99	1	1.0	0.334,NA	1.0,1.0	-0.666
4342	"ENSG00000105397.9"	"TYK2"	chr19	-	10464586	10464910	10464586	10464605	10464717	10464910	4342	4,36	1,0	16,12	0,0	197	99	1	1.0	0.668,1.0	1.0,1.0	-0.166
4343	"ENSG00000158887.11"	"MPZ"	chr1	-	161274524	161275767	161274524	161275079	161275323	161275767	4343	77,124	1,4	113,64	6,4	197	99	0.183567698334	1.0	0.975,0.94	0.904,0.889	0.061
4344	"ENSG00000158887.11"	"MPZ"	chr1	-	161275752	161275976	161275752	161275767	161275897	161275976	4344	9,21	90,53	1,1	5,4	197	99	0.642599924225	1.0	0.048,0.166	0.091,0.112	0.006
4347	"ENSG00000203875.6"	"SNHG5"	chr6	-	86387853	86388440	86387853	86387906	86388415	86388440	4347	292,662	1,1	755,666	2,1	197	99	1	1.0	0.993,0.997	0.995,0.997	-0.001
4348	"ENSG00000203875.6"	"SNHG5"	chr6	-	86387512	86387750	86387512	86387564	86387671	86387750	4348	2542,2296	0,1	869,890	0,0	197	99	1	1.0	1.0,0.999	1.0,1.0	-0.0
4349	"ENSG00000203875.6"	"SNHG5"	chr6	-	86387512	86387750	86387512	86387586	86387671	86387750	4349	1752,2540	14,21	1524,1417	14,10	183	99	1	1.0	0.985,0.985	0.983,0.987	0.0
4350	"ENSG00000203875.6"	"SNHG5"	chr6	-	86387512	86387750	86387512	86387593	86387671	86387750	4350	24,24	980,2004	26,17	1810,1598	176	99	0.70603367925	1.0	0.014,0.007	0.008,0.006	0.004
4351	"ENSG00000203875.6"	"SNHG5"	chr6	-	86387512	86387750	86387512	86387617	86387671	86387750	4351	18,23	1,1	15,12	1,1	152	99	0.620463130898	1.0	0.921,0.937	0.907,0.887	0.032
4352	"ENSG00000112096.12"	"SOD2"	chr6	-	160100095	160103670	160100095	160100330	160103505	160103670	4352	185,170	32,11	171,126	27,18	197	99	0.372787301319	1.0	0.744,0.886	0.761,0.779	0.045
4353	"ENSG00000254996.1"	"ANKHD1-EIF4EBP3"	chr5	+	139918503	139921866	139918503	139918668	139921756	139921866	4353	0,11	27,90	3,2	35,26	197	99	0.848580381046	1.0	0.0,0.058	0.041,0.037	-0.01
4354	"ENSG00000215305.5"	"VPS16"	chr20	+	2844594	2844933	2844594	2844729	2844824	2844933	4354	3,6	51,36	4,4	41,28	193	99	0.770394473987	1.0	0.029,0.079	0.048,0.068	-0.004
4355	"ENSG00000123360.7"	"PDE1B"	chr12	+	54964024	54966525	54964024	54964141	54966384	54966525	4355	0,1	1,2	0,0	1,0	197	99	1	1.0	0.0,0.201	0.0,NA	0.101
4359	"ENSG00000143093.10"	"STRIP1"	chr1	+	110591733	110593031	110591733	110591860	110592964	110593031	4359	18,10	0,2	10,7	0,1	197	99	0.945649075696	1.0	1.0,0.715	1.0,0.779	-0.032
4362	"ENSG00000178149.12"	"DALRD3"	chr3	-	49053236	49053773	49053236	49053305	49053405	49053773	4362	28,15	22,4	15,8	15,9	197	99	0.203234433996	1.0	0.39,0.653	0.334,0.309	0.2
4363	"ENSG00000178149.12"	"DALRD3"	chr3	-	49053236	49053773	49053236	49053305	49053590	49053773	4363	11,5	0,1	5,5	0,0	197	99	1	1.0	1.0,0.715	1.0,1.0	-0.143
4364	"ENSG00000178149.12"	"DALRD3"	chr3	-	49054660	49054946	49054660	49054789	49054866	49054946	4364	7,11	18,5	6,4	11,8	175	99	0.523383848867	1.0	0.18,0.554	0.236,0.22	0.139
4365	"ENSG00000178149.12"	"DALRD3"	chr3	-	49053405	49053773	49053405	49053519	49053590	49053773	4365	13,15	33,14	10,7	21,12	169	99	0.705970171898	1.0	0.188,0.386	0.218,0.255	0.051
4369	"ENSG00000075292.14"	"ZNF638"	chr2	+	71575556	71577401	71575556	71575743	71575882	71577401	4369	1,7	0,1	2,2	0,0	197	99	1	1.0	1.0,0.779	1.0,1.0	-0.111
436	"ENSG00000087088.15"	"BAX"	chr19	+	49464066	49465055	49464066	49464171	49464788	49465055	436	66,83	47,40	48,33	27,21	197	99	0.961797176858	1.0	0.414,0.51	0.472,0.441	0.005
4370	"ENSG00000119403.9"	"PHF19"	chr9	-	123628061	123628374	123628061	123628065	123628305	123628374	4370	1,11	0,0	3,3	1,1	197	99	1	1.0	1.0,1.0	0.601,0.601	0.399
4371	"ENSG00000119403.9"	"PHF19"	chr9	-	123627987	123628374	123627987	123628108	123628305	123628374	4371	7,15	88,78	10,7	85,69	197	99	0.639145225677	1.0	0.038,0.088	0.056,0.049	0.01
4372	"ENSG00000119403.9"	"PHF19"	chr9	-	123628305	123628503	123628305	123628374	123628466	123628503	4372	13,5	0,0	14,13	1,1	190	99	1	1.0	1.0,1.0	0.879,0.871	0.125
4374	"ENSG00000118900.10"	"UBN1"	chr16	+	4910664	4911103	4910664	4910954	4911059	4911103	4374	138,145	2,1	87,78	2,2	197	99	0.259168523277	1.0	0.972,0.986	0.956,0.951	0.025
4377	"ENSG00000259522.1"	"RP11-468E2.2"	chr14	-	24652455	24652692	24652455	24652561	24652661	24652692	4377	2,2	96,133	1,0	50,52	197	99	0.902554489905	1.0	0.01,0.008	0.01,0.0	0.004
4379	"ENSG00000140688.12"	"C16orf58"	chr16	-	31503329	31503572	31503329	31503407	31503517	31503572	4379	3,0	62,23	2,1	40,40	197	99	0.938846986752	1.0	0.024,0.0	0.025,0.012	-0.007
437	"ENSG00000087088.15"	"BAX"	chr19	+	49458804	49459090	49458804	49458856	49458943	49459090	437	10,13	57,65	14,8	62,47	185	99	0.81632313629	1.0	0.086,0.097	0.108,0.083	-0.004
4380	"ENSG00000140688.12"	"C16orf58"	chr16	-	31519394	31519705	31519394	31519454	31519589	31519705	4380	73,46	1,0	63,41	1,1	197	99	0.669211621442	1.0	0.973,1.0	0.969,0.954	0.025
4383	"ENSG00000162298.12"	"SYVN1"	chr11	-	64897473	64897851	64897473	64897647	64897722	64897851	4383	8,28	11,46	14,8	31,19	173	99	0.328124917465	1.0	0.294,0.258	0.205,0.194	0.077
4384	"ENSG00000162298.12"	"SYVN1"	chr11	-	64900392	64900791	64900392	64900545	64900630	64900791	4384	5,14	72,193	11,7	165,114	183	99	0.772014370341	1.0	0.036,0.038	0.035,0.032	0.003
4385	"ENSG00000162298.12"	"SYVN1"	chr11	-	64899718	64900251	64899718	64899779	64900202	64900251	4385	34,129	0,1	76,59	0,0	197	99	0.835117705787	1.0	1.0,0.985	1.0,1.0	-0.008
4387	"ENSG00000162298.12"	"SYVN1"	chr11	-	64897473	64897851	64897473	64897644	64897722	64897851	4387	18,69	12,34	45,27	30,16	176	99	0.544818353459	1.0	0.458,0.533	0.458,0.487	0.023
4389	"ENSG00000055483.15"	"USP36"	chr17	-	76799466	76800060	76799466	76799712	76799997	76800060	4389	61,53	1,4	56,36	4,2	197	99	0.532774994677	1.0	0.968,0.869	0.876,0.9	0.03
4391	"ENSG00000153234.9"	"NR4A2"	chr2	-	157182661	157182840	157182661	157182719	157182823	157182840	4391	18,9	0,1	5,4	0,0	197	99	1	1.0	1.0,0.819	1.0,1.0	-0.091
4393	"ENSG00000091592.11"	"NLRP1"	chr17	-	5487006	5487832	5487006	5487423	5487612	5487832	4393	247,156	8,13	212,149	8,6	197	99	0.456326427077	1.0	0.939,0.858	0.93,0.926	-0.03
4394	"ENSG00000007392.12"	"LUC7L"	chr16	-	277240	278401	277240	277335	278331	278401	4394	119,76	12,15	70,52	7,5	197	99	0.45632719704	1.0	0.833,0.718	0.834,0.839	-0.061
4395	"ENSG00000007392.12"	"LUC7L"	chr16	-	238967	240134	238967	239338	239966	240134	4395	20,60	56,72	41,24	89,56	197	99	0.330650062281	1.0	0.152,0.295	0.188,0.177	0.041
4397	"ENSG00000124767.6"	"GLO1"	chr6	-	38654667	38654906	38654667	38654750	38654852	38654906	4397	6,5	2,1	3,3	1,1	197	99	0.783677026414	1.0	0.601,0.715	0.601,0.601	0.057
43	"ENSG00000130529.11"	"TRPM4"	chr19	+	49714420	49715091	49714420	49714526	49714750	49715091	43	3,3	31,11	3,2	17,9	197	99	0.594035288154	1.0	0.046,0.121	0.081,0.1	-0.007
4400	"ENSG00000178127.8"	"NDUFV2"	chr18	+	9119328	9119523	9119328	9119386	9119471	9119523	4400	0,0	325,230	3,4	208,261	183	99	1	1.0	0.0,0.0	0.008,0.008	-0.008
4401	"ENSG00000153406.9"	"NMRAL1"	chr16	-	4524093	4524793	4524093	4524167	4524554	4524793	4401	11,1	11,9	7,4	6,4	197	99	0.27026925858	1.0	0.334,0.053	0.37,0.334	-0.158
4404	"ENSG00000184863.6"	"RBM33"	chr7	+	155530753	155532720	155530753	155531097	155532408	155532720	4404	0,0	40,17	1,1	51,38	197	99	0.695247932292	1.0	0.0,0.0	0.01,0.013	-0.011
4406	"ENSG00000183077.11"	"AFMID"	chr17	+	76198575	76198815	76198575	76198684	76198783	76198815	4406	2,0	51,31	0,0	22,19	197	99	0.686841886434	1.0	0.019,0.0	0.0,0.0	0.009
4408	"ENSG00000172354.5"	"GNB2"	chr7	+	100275120	100275441	100275120	100275283	100275374	100275441	4408	4,0	339,348	4,2	310,225	189	99	1	1.0	0.006,0.0	0.007,0.005	-0.003
440	"ENSG00000147471.7"	"PROSC"	chr8	+	37623043	37623264	37623043	37623151	37623228	37623264	440	0,3	56,57	2,1	43,30	175	99	0.520287983704	1.0	0.0,0.029	0.026,0.019	-0.008
4416	"ENSG00000175061.13"	"C17orf76-AS1"	chr17	+	16344387	16344816	16344387	16344444	16344670	16344816	4416	26,105	1,3	69,61	4,2	197	99	0.612725930911	1.0	0.929,0.946	0.897,0.939	0.02
4418	"ENSG00000175061.13"	"C17orf76-AS1"	chr17	+	16342640	16343567	16342640	16342707	16343498	16343567	4418	2301,3820	0,4	5142,3893	1,1	197	99	1	1.0	1.0,0.998	1.0,0.999	-0.001
4419	"ENSG00000186716.15"	"BCR"	chr22	+	23625395	23626285	23625395	23625448	23626163	23626285	4419	2,1	1,2	1,1	0,0	197	99	1	1.0	0.501,0.201	1.0,1.0	-0.649
4420	"ENSG00000110697.8"	"PITPNM1"	chr11	-	67263648	67264907	67263648	67263819	67264701	67264907	4420	19,7	26,19	18,11	21,12	197	99	0.266328342071	1.0	0.269,0.156	0.301,0.315	-0.095
4422	"ENSG00000110697.8"	"PITPNM1"	chr11	-	67261158	67261541	67261158	67261308	67261392	67261541	4422	2,2	18,12	3,2	11,8	182	99	0.348260484755	1.0	0.057,0.083	0.129,0.12	-0.054
4423	"ENSG00000255717.2"	"SNHG1"	chr11	-	62621272	62621536	62621272	62621305	62621489	62621536	4423	54,299	50,183	357,225	228,167	197	99	0.868771373834	1.0	0.352,0.451	0.44,0.404	-0.021
4424	"ENSG00000255717.2"	"SNHG1"	chr11	-	62621272	62621536	62621272	62621321	62621489	62621536	4424	53,312	1,1	365,232	3,3	197	99	0.666104852028	1.0	0.964,0.994	0.984,0.975	-0.001
4426	"ENSG00000255717.2"	"SNHG1"	chr11	-	62620825	62621062	62620825	62620880	62621023	62621062	4426	26,38	0,1	73,74	0,0	197	99	0.191728220578	1.0	1.0,0.95	1.0,1.0	-0.025
4428	"ENSG00000198618.4"	"PPIAP22"	chr21	+	20230096	20230594	20230096	20230329	20230437	20230594	4428	9,9	11,9	7,5	8,6	197	99	0.948207104998	1.0	0.291,0.334	0.305,0.295	0.013
4429	"ENSG00000139190.12"	"VAMP1"	chr12	-	6571402	6574107	6571402	6572008	6574055	6574107	4429	42,17	1,0	20,12	1,1	197	99	0.325319925788	1.0	0.955,1.0	0.91,0.858	0.094
4430	"ENSG00000159377.6"	"PSMB4"	chr1	+	151373376	151373831	151373376	151373596	151373714	151373831	4430	53,39	2,0	13,15	0,0	197	99	1	1.0	0.93,1.0	1.0,1.0	-0.035
4432	"ENSG00000110025.8"	"SNX15"	chr11	+	64802991	64806301	64802991	64803135	64806043	64806301	4432	0,6	19,8	2,1	17,11	197	99	0.617031857394	1.0	0.0,0.274	0.056,0.044	0.087
4434	"ENSG00000157873.13"	"TNFRSF14"	chr1	+	2489781	2491417	2489781	2489907	2491261	2491417	4434	5,5	0,0	2,1	1,0	197	99	1	1.0	1.0,1.0	0.501,1.0	0.25
4435	"ENSG00000198858.5"	"R3HDM4"	chr19	-	901490	902130	901490	901541	901975	902130	4435	14,151	1,0	31,34	0,0	197	99	0.306252176595	1.0	0.876,1.0	1.0,1.0	-0.062
4436	"ENSG00000198858.5"	"R3HDM4"	chr19	-	901975	902434	901975	902130	902241	902434	4436	11,7	27,1	27,17	31,22	197	99	0.673816467795	1.0	0.17,0.779	0.304,0.28	0.182
4438	"ENSG00000198858.5"	"R3HDM4"	chr19	-	899439	899629	899439	899495	899600	899629	4438	4,1	63,75	1,1	35,40	197	99	0.719351312915	1.0	0.031,0.007	0.014,0.012	0.006
4439	"ENSG00000182325.6"	"FBXL6"	chr8	-	145579959	145580373	145579959	145580191	145580259	145580373	4439	34,21	28,6	34,22	12,9	166	99	0.41471076886	1.0	0.42,0.676	0.628,0.593	-0.063
443	"ENSG00000118655.4"	"DCLRE1B"	chr1	+	114453752	114456708	114453752	114454460	114454753	114456708	443	137,96	2,3	106,90	2,2	197	99	0.951984882379	1.0	0.972,0.941	0.964,0.958	-0.005
4442	"ENSG00000182325.6"	"FBXL6"	chr8	-	145579959	145580373	145579959	145580191	145580340	145580373	4442	15,25	0,2	33,24	1,1	197	99	0.722936470924	1.0	1.0,0.863	0.943,0.923	-0.002
4443	"ENSG00000182325.6"	"FBXL6"	chr8	-	145580649	145581162	145580649	145580781	145581116	145581162	4443	70,23	5,0	35,30	2,1	197	99	0.760398302772	1.0	0.876,1.0	0.898,0.938	0.02
4444	"ENSG00000182325.6"	"FBXL6"	chr8	-	145580649	145581162	145580649	145580781	145581098	145581162	4444	39,18	30,13	27,21	12,11	197	99	0.187845195835	1.0	0.395,0.41	0.531,0.49	-0.108
4447	"ENSG00000167674.10"	"HDGFRP2"	chr19	+	4499487	4499716	4499487	4499526	4499649	4499716	4447	84,58	3,7	62,43	4,2	197	99	0.84575749387	1.0	0.934,0.806	0.886,0.915	-0.03
444	"ENSG00000165487.9"	"MICU2"	chr13	-	22069299	22070299	22069299	22069457	22070190	22070299	444	8,4	61,53	6,4	68,57	197	99	0.565702876337	1.0	0.062,0.037	0.042,0.034	0.011
4452	"ENSG00000131788.11"	"PIAS3"	chr1	+	145584798	145586546	145584798	145584836	145585355	145586546	4452	22,12	42,18	16,9	30,16	197	99	0.986376318493	1.0	0.208,0.251	0.211,0.22	0.014
4454	"ENSG00000131788.11"	"PIAS3"	chr1	+	145578061	145578721	145578061	145578479	145578636	145578721	4454	18,10	32,35	12,8	19,12	197	99	0.232702057386	1.0	0.22,0.126	0.241,0.251	-0.073
4458	"ENSG00000166986.8"	"MARS"	chr12	+	57909702	57910120	57909702	57909774	57910027	57910120	4458	49,56	304,106	109,77	359,304	197	99	0.912864225699	1.0	0.075,0.21	0.132,0.113	0.02
4459	"ENSG00000166986.8"	"MARS"	chr12	+	57909702	57909941	57909702	57909774	57909921	57909941	4459	45,30	1,2	64,43	1,1	197	99	0.437637033123	1.0	0.958,0.883	0.97,0.956	-0.042
4460	"ENSG00000166986.8"	"MARS"	chr12	+	57883049	57883341	57883049	57883128	57883237	57883341	4460	461,186	0,4	432,379	6,4	197	99	0.379614539117	1.0	1.0,0.959	0.973,0.979	0.004
4461	"ENSG00000166986.8"	"MARS"	chr12	+	57905790	57906136	57905790	57905886	57906018	57906136	4461	1,19	183,72	30,21	221,189	197	99	0.267610875003	1.0	0.003,0.117	0.064,0.053	0.002
4463	"ENSG00000166986.8"	"MARS"	chr12	+	57882801	57883128	57882801	57882892	57883049	57883128	4463	2,0	203,84	3,2	190,149	197	99	1	1.0	0.005,0.0	0.008,0.007	-0.005
4465	"ENSG00000166986.8"	"MARS"	chr12	+	57910027	57910438	57910027	57910120	57910217	57910438	4465	11,26	382,129	31,21	416,342	195	99	0.573024864758	1.0	0.014,0.093	0.036,0.03	0.02
4467	"ENSG00000198276.9"	"UCKL1"	chr20	-	62577049	62577267	62577049	62577075	62577157	62577267	4467	0,1	26,14	1,0	39,36	180	99	0.471466993505	1.0	0.0,0.038	0.014,0.0	0.012
4468	"ENSG00000198276.9"	"UCKL1"	chr20	-	62577157	62577620	62577157	62577267	62577513	62577620	4468	202,171	6,13	138,116	7,5	197	99	0.981533957112	1.0	0.944,0.869	0.908,0.921	-0.008
4469	"ENSG00000198276.9"	"UCKL1"	chr20	-	62577157	62577620	62577157	62577341	62577513	62577620	4469	56,70	7,4	65,38	3,2	197	99	0.41879814389	1.0	0.801,0.898	0.916,0.905	-0.061
4471	"ENSG00000198276.9"	"UCKL1"	chr20	-	62577157	62577620	62577157	62577352	62577513	62577620	4471	47,59	0,2	59,33	1,0	197	99	0.932920573971	1.0	1.0,0.937	0.967,1.0	-0.015
4472	"ENSG00000198276.9"	"UCKL1"	chr20	-	62577157	62577620	62577157	62577229	62577513	62577620	4472	114,104	0,2	47,61	0,0	197	99	0.5069128174	1.0	1.0,0.963	1.0,1.0	-0.018
4473	"ENSG00000198276.9"	"UCKL1"	chr20	-	62577003	62577229	62577003	62577075	62577202	62577229	4473	9,16	0,2	4,4	0,0	197	99	1	1.0	1.0,0.801	1.0,1.0	-0.099
4474	"ENSG00000198276.9"	"UCKL1"	chr20	-	62572302	62572561	62572302	62572396	62572462	62572561	4474	9,7	46,25	6,3	25,18	164	99	0.840159152143	1.0	0.106,0.145	0.127,0.091	0.017
4476	"ENSG00000161999.7"	"JMJD8"	chr16	-	733321	733598	733321	733441	733529	733598	4476	32,46	71,80	25,18	55,38	186	99	0.726337864661	1.0	0.193,0.234	0.195,0.201	0.016
4477	"ENSG00000161999.7"	"JMJD8"	chr16	-	733860	734155	733860	733909	734065	734155	4477	1,7	9,17	2,1	11,7	197	99	0.898227129081	1.0	0.053,0.171	0.084,0.067	0.036
4478	"ENSG00000161999.7"	"JMJD8"	chr16	-	733684	733909	733684	733781	733860	733909	4478	3,15	31,26	6,4	24,17	177	99	0.875218824372	1.0	0.051,0.244	0.123,0.116	0.028
4479	"ENSG00000161999.7"	"JMJD8"	chr16	-	733684	734155	733684	733781	733909	734155	4479	3,22	1,4	7,4	2,1	197	99	0.788015166649	1.0	0.601,0.734	0.638,0.668	0.014
4481	"ENSG00000119844.10"	"AFTPH"	chr2	+	64806619	64808407	64806619	64806680	64808323	64808407	4481	3,8	4,2	5,3	1,1	197	99	0.549778573912	1.0	0.274,0.668	0.715,0.601	-0.187
4483	"ENSG00000168591.11"	"TMUB2"	chr17	+	42266302	42266956	42266302	42266667	42266778	42266956	4483	21,17	0,0	35,26	1,0	197	99	1	1.0	1.0,1.0	0.946,1.0	0.027
4484	"ENSG00000168591.11"	"TMUB2"	chr17	+	42267868	42268594	42267868	42268254	42268402	42268594	4484	56,82	1,1	28,24	0,0	197	99	1	1.0	0.966,0.976	1.0,1.0	-0.029
4485	"ENSG00000168591.11"	"TMUB2"	chr17	+	42266302	42266667	42266302	42266459	42266574	42266667	4485	46,40	0,0	59,43	1,1	197	99	0.691820198548	1.0	1.0,1.0	0.967,0.956	0.038
448	"ENSG00000183808.7"	"RBM12B"	chr8	-	94749534	94749757	94749534	94749583	94749672	94749757	448	0,6	0,1	6,6	0,0	187	99	1	1.0	NA,0.761	1.0,1.0	-0.239
4496	"ENSG00000144224.12"	"UBXN4"	chr2	+	136511108	136511847	136511108	136511137	136511728	136511847	4496	6,10	11,10	11,7	12,8	197	99	0.776339244516	1.0	0.215,0.334	0.315,0.305	-0.035
4499	"ENSG00000181789.10"	"COPG1"	chr3	+	128971465	128971798	128971465	128971537	128971718	128971798	4499	0,0	80,125	1,2	170,115	197	99	1	1.0	0.0,0.0	0.003,0.009	-0.006
4500	"ENSG00000041357.11"	"PSMA4"	chr15	+	78834518	78834987	78834518	78834561	78834824	78834987	4500	2,11	535,427	8,6	395,348	197	99	1	1.0	0.002,0.013	0.01,0.009	-0.002
4501	"ENSG00000041357.11"	"PSMA4"	chr15	+	78834518	78834987	78834518	78834561	78834917	78834987	4501	943,739	14,18	643,584	13,9	197	99	0.972790396793	1.0	0.971,0.954	0.961,0.97	-0.003
4505	"ENSG00000143442.17"	"POGZ"	chr1	-	151379082	151379499	151379082	151379107	151379386	151379499	4505	8,6	12,8	11,5	8,6	197	99	0.364955102079	1.0	0.251,0.274	0.409,0.295	-0.089
4508	"ENSG00000041515.11"	"MYO16"	chr13	+	109431889	109432400	109431889	109431937	109432152	109432400	4508	31,6	5,2	15,13	4,3	197	99	0.77167754704	1.0	0.757,0.601	0.653,0.685	0.01
4509	"ENSG00000041515.11"	"MYO16"	chr13	+	109431889	109432400	109431889	109431937	109432320	109432400	4509	17,2	2,0	12,11	1,0	197	99	0.610683765941	1.0	0.81,1.0	0.858,1.0	-0.024
4510	"ENSG00000140474.8"	"ULK3"	chr15	-	75130780	75131026	75130780	75130845	75130983	75131026	4510	0,4	26,23	2,1	17,12	197	99	0.629436104697	1.0	0.0,0.08	0.056,0.04	-0.008
4511	"ENSG00000140474.8"	"ULK3"	chr15	-	75132574	75132982	75132574	75132657	75132838	75132982	4511	34,13	20,11	33,20	18,11	197	99	0.603887945868	1.0	0.461,0.373	0.48,0.477	-0.061
4513	"ENSG00000140474.8"	"ULK3"	chr15	-	75134620	75135017	75134620	75134761	75134879	75135017	4513	10,16	1,0	20,14	2,2	197	99	0.485711269599	1.0	0.834,1.0	0.834,0.779	0.111
4514	"ENSG00000140474.8"	"ULK3"	chr15	-	75134620	75135017	75134620	75134758	75134875	75135017	4514	7,17	1,0	33,26	1,0	197	99	0.541924206338	1.0	0.779,1.0	0.943,1.0	-0.082
4515	"ENSG00000140474.8"	"ULK3"	chr15	-	75134620	75135017	75134620	75134761	75134875	75135017	4515	8,16	3,1	14,10	5,4	197	99	0.354159834656	1.0	0.573,0.889	0.585,0.557	0.16
4516	"ENSG00000140474.8"	"ULK3"	chr15	-	75134415	75134761	75134415	75134459	75134620	75134761	4516	18,16	0,0	21,13	1,0	197	99	1	1.0	1.0,1.0	0.913,1.0	0.043
4519	"ENSG00000140474.8"	"ULK3"	chr15	-	75134415	75134761	75134415	75134536	75134620	75134761	4519	12,9	49,32	13,8	45,33	182	99	0.929211626627	1.0	0.118,0.133	0.136,0.117	-0.001
4521	"ENSG00000105221.12"	"AKT2"	chr19	-	40741796	40742292	40741796	40742011	40742163	40742292	4521	25,23	86,67	16,10	60,48	197	99	0.414098966911	1.0	0.127,0.147	0.118,0.095	0.031
4522	"ENSG00000105221.12"	"AKT2"	chr19	-	40742163	40743998	40742163	40742292	40743875	40743998	4522	32,39	145,96	43,26	131,100	197	99	0.964867912182	1.0	0.1,0.17	0.142,0.116	0.006
4525	"ENSG00000136485.10"	"DCAF7"	chr17	+	61666361	61671628	61666361	61666599	61671564	61671628	4525	313,386	10,9	308,243	9,6	197	99	0.976450133194	1.0	0.94,0.956	0.945,0.953	-0.001
4527	"ENSG00000172922.4"	"RNASEH2C"	chr11	-	65487191	65487635	65487191	65487301	65487515	65487635	4527	4,0	0,1	0,1	0,0	197	99	1	1.0	1.0,0.0	NA,1.0	-0.5
4529	"ENSG00000110955.4"	"ATP5B"	chr12	-	57036327	57036494	57036327	57036364	57036456	57036494	4529	0,0	1326,1332	5,5	848,930	190	99	1	1.0	0.0,0.0	0.003,0.003	-0.003
4531	"ENSG00000146263.7"	"MMS22L"	chr6	-	97711210	97715878	97711210	97711324	97715757	97715878	4531	29,29	0,1	22,18	2,1	197	99	0.300869917215	1.0	1.0,0.936	0.847,0.9	0.095
4532	"ENSG00000146263.7"	"MMS22L"	chr6	-	97711210	97715878	97711210	97711324	97715747	97715878	4532	0,2	25,27	1,1	22,17	197	99	0.702592975706	1.0	0.0,0.036	0.022,0.029	-0.008
4533	"ENSG00000146263.7"	"MMS22L"	chr6	-	97717777	97720757	97717777	97717868	97720579	97720757	4533	0,1	12,14	4,2	25,21	197	99	0.730473134697	1.0	0.0,0.035	0.074,0.046	-0.042
4536	"ENSG00000048162.15"	"NOP16"	chr5	-	175815235	175815599	175815235	175815344	175815433	175815599	4536	18,21	288,396	14,9	224,195	187	99	0.910384583794	1.0	0.032,0.027	0.032,0.024	0.001
4538	"ENSG00000117308.10"	"GALE"	chr1	-	24124606	24125220	24124606	24124720	24125104	24125220	4538	6,7	76,49	8,6	82,71	197	99	0.731907625652	1.0	0.038,0.067	0.047,0.041	0.009
4539	"ENSG00000117308.10"	"GALE"	chr1	-	24122998	24123272	24122998	24123076	24123186	24123272	4539	25,24	154,75	23,18	136,116	197	99	0.258261985542	1.0	0.075,0.139	0.078,0.072	0.032
453	"ENSG00000100918.8"	"REC8"	chr14	+	24647811	24648122	24647811	24647878	24647982	24648122	453	5,1	7,4	2,1	4,2	197	99	0.824459001296	1.0	0.264,0.112	0.201,0.201	-0.013
4540	"ENSG00000117308.10"	"GALE"	chr1	-	24123365	24123597	24123365	24123432	24123523	24123597	4540	0,1	98,32	1,1	60,64	189	99	0.736179037474	1.0	0.0,0.016	0.009,0.008	-0.001
4541	"ENSG00000197622.8"	"CDC42SE1"	chr1	-	151027491	151028469	151027491	151027602	151028360	151028469	4541	439,156	0,0	287,248	1,1	197	99	1	1.0	1.0,1.0	0.993,0.992	0.008
4544	"ENSG00000197622.8"	"CDC42SE1"	chr1	-	151027491	151028469	151027491	151027629	151028152	151028469	4544	245,33	0,0	163,133	1,1	197	99	0.41146606488	1.0	1.0,1.0	0.988,0.985	0.014
4545	"ENSG00000052723.7"	"SIKE1"	chr1	-	115322730	115323116	115322730	115322836	115323111	115323116	4545	2,17	4,0	6,5	0,1	197	99	0.262160403372	1.0	0.201,1.0	1.0,0.715	-0.257
4547	"ENSG00000205542.6"	"TMSB4X"	chrX	+	12993228	12994480	12993228	12993272	12994364	12994480	4547	228,2099	2,0	612,766	0,0	197	99	0.917321849357	1.0	0.983,1.0	1.0,1.0	-0.008
4550	"ENSG00000120699.8"	"EXOSC8"	chr13	+	37577070	37578698	37577070	37577144	37578613	37578698	4550	58,109	0,6	63,42	4,1	197	99	0.584943462685	1.0	1.0,0.901	0.888,0.955	0.029
4551	"ENSG00000048740.13"	"CELF2"	chr10	+	11370888	11374591	11370888	11371060	11372418	11374591	4551	10,4	55,16	5,3	17,13	197	99	0.46386364331	1.0	0.084,0.112	0.129,0.104	-0.018
4553	"ENSG00000130204.8"	"TOMM40"	chr19	+	45404464	45404709	45404464	45404567	45404644	45404709	4553	6,8	5,0	8,6	1,1	175	99	0.7251975954	1.0	0.404,1.0	0.819,0.772	-0.094
4554	"ENSG00000136840.14"	"ST6GALNAC4"	chr9	-	130674546	130674959	130674546	130674617	130674710	130674959	4554	21,92	0,1	42,34	0,1	191	99	0.653962854478	1.0	1.0,0.979	1.0,0.946	0.017
4559	"ENSG00000174365.15"	"SNHG11"	chr20	+	37078978	37079564	37078978	37079090	37079175	37079564	4559	34,8	50,26	16,14	29,22	183	99	0.708082545503	1.0	0.269,0.143	0.23,0.256	-0.037
4561	"ENSG00000151500.10"	"THYN1"	chr11	-	134118775	134119156	134118775	134118841	134119060	134119156	4561	79,59	1,0	20,25	0,0	197	99	1	1.0	0.975,1.0	1.0,1.0	-0.012
4565	"ENSG00000149577.11"	"SIDT2"	chr11	+	117060050	117060741	117060050	117060117	117060667	117060741	4565	3,2	54,63	2,1	45,29	197	99	0.897703701524	1.0	0.027,0.016	0.022,0.017	0.002
4566	"ENSG00000186480.8"	"INSIG1"	chr7	+	155093960	155094728	155093960	155094127	155094515	155094728	4566	0,766	0,2	788,780	1,0	197	99	1	1.0	NA,0.995	0.997,1.0	-0.003
456	"ENSG00000064545.10"	"TMEM161A"	chr19	-	19243160	19243563	19243160	19243242	19243465	19243563	456	88,70	6,7	65,51	3,2	197	99	0.350350350706	1.0	0.881,0.834	0.916,0.928	-0.065
4573	"ENSG00000099949.14"	"LZTR1"	chr22	+	21350984	21351255	21350984	21351090	21351174	21351255	4573	26,22	281,153	13,11	133,98	182	99	0.927955413449	1.0	0.048,0.073	0.05,0.058	0.006
4575	"ENSG00000168958.15"	"MFF"	chr2	+	228193393	228195562	228193393	228193505	228195341	228195562	4575	5,2	61,60	5,3	67,47	197	99	0.750779328784	1.0	0.04,0.016	0.036,0.031	-0.006
4576	"ENSG00000198585.7"	"NUDT16"	chr3	+	131102005	131107674	131102005	131102116	131102187	131107674	4576	86,25	0,2	32,28	0,0	169	99	0.25933316344	1.0	1.0,0.88	1.0,1.0	-0.06
4577	"ENSG00000088832.10"	"FKBP1A"	chr20	-	1349621	1350716	1349621	1349683	1350415	1350716	4577	615,247	50,41	426,332	47,35	197	99	0.863681420399	1.0	0.861,0.752	0.82,0.827	-0.017
4578	"ENSG00000143033.13"	"MTF2"	chr1	+	93575786	93575985	93575786	93575803	93575883	93575985	4578	59,105	0,0	53,37	1,0	178	99	0.275783558354	1.0	1.0,1.0	0.967,1.0	0.016
4580	"ENSG00000008710.13"	"PKD1"	chr16	-	2153266	2153896	2153266	2153391	2153516	2153896	4580	13,81	0,1	20,18	0,0	197	99	1	1.0	1.0,0.976	1.0,1.0	-0.012
4581	"ENSG00000008710.13"	"PKD1"	chr16	-	2147728	2147985	2147728	2147781	2147868	2147985	4581	0,1	4,9	0,0	4,5	185	99	1	1.0	0.0,0.056	0.0,0.0	0.028
4582	"ENSG00000008710.13"	"PKD1"	chr16	-	2147728	2147985	2147728	2147778	2147868	2147985	4582	6,12	10,3	7,6	6,4	188	99	0.863864876535	1.0	0.24,0.678	0.381,0.441	0.048
4583	"ENSG00000008710.13"	"PKD1"	chr16	-	2155322	2156025	2155322	2155475	2155865	2156025	4583	6,9	14,9	8,5	10,7	197	99	0.820146104314	1.0	0.177,0.334	0.287,0.264	-0.02
4585	"ENSG00000008710.13"	"PKD1"	chr16	-	2155322	2156025	2155322	2155708	2155865	2156025	4585	5,5	4,3	7,5	3,2	197	99	0.535192050573	1.0	0.386,0.456	0.54,0.557	-0.127
4587	"ENSG00000136270.9"	"TBRG4"	chr7	-	45148425	45148886	45148425	45148682	45148821	45148886	4587	666,1001	5,7	551,469	6,4	197	99	0.422667407584	1.0	0.985,0.986	0.979,0.983	0.005
4589	"ENSG00000168883.15"	"USP39"	chr2	+	85875883	85876403	85875883	85875976	85876139	85876403	4589	155,139	0,19	174,136	10,6	197	99	0.896294898802	1.0	1.0,0.786	0.897,0.919	-0.015
458	"ENSG00000064545.10"	"TMEM161A"	chr19	-	19243160	19243563	19243160	19243317	19243465	19243563	458	8,9	56,38	6,4	47,36	197	99	0.418615935791	1.0	0.067,0.106	0.06,0.053	0.03
4590	"ENSG00000134575.5"	"ACP2"	chr11	-	47269191	47269684	47269191	47269278	47269588	47269684	4590	0,3	54,38	2,1	24,16	197	99	0.222595088538	1.0	0.0,0.038	0.04,0.03	-0.016
4591	"ENSG00000103496.10"	"STX4"	chr16	+	31050861	31051139	31050861	31050972	31051043	31051139	4591	4,14	21,39	8,3	22,15	169	99	0.966160609776	1.0	0.1,0.174	0.176,0.105	-0.003
4592	"ENSG00000103496.10"	"STX4"	chr16	+	31051043	31051489	31051043	31051139	31051232	31051489	4592	3,4	56,53	2,1	37,27	191	99	0.763037461735	1.0	0.027,0.038	0.027,0.019	0.01
4596	"ENSG00000125459.10"	"MSTO1"	chr1	+	155581006	155581394	155581006	155581146	155581339	155581394	4596	29,6	5,3	24,17	7,4	197	99	0.976300055736	1.0	0.745,0.501	0.633,0.681	-0.034
4598	"ENSG00000125459.10"	"MSTO1"	chr1	+	155580031	155580351	155580031	155580123	155580215	155580351	4598	0,1	1,1	0,0	1,1	190	99	1	1.0	0.0,0.343	0.0,0.0	0.172
459	"ENSG00000166165.8"	"CKB"	chr14	-	103988154	103988514	103988154	103988287	103988359	103988514	459	1,11	524,533	4,3	497,372	170	99	0.905050807959	1.0	0.001,0.012	0.005,0.005	0.002
45	"ENSG00000026036.16"	"RTEL1-TNFRSF6B"	chr20	+	62327130	62328544	62327130	62327207	62328112	62328544	45	9,29	0,2	19,18	0,0	197	99	1	1.0	1.0,0.879	1.0,1.0	-0.06
4600	"ENSG00000125459.10"	"MSTO1"	chr1	+	155581006	155581394	155581006	155581082	155581217	155581394	4600	33,0	0,2	22,18	0,0	197	99	0.188124482042	1.0	1.0,0.0	1.0,1.0	-0.5
4601	"ENSG00000125459.10"	"MSTO1"	chr1	+	155581773	155582014	155581773	155581891	155581972	155582014	4601	4,0	10,0	3,3	5,5	179	99	1	1.0	0.181,NA	0.249,0.249	-0.068
4602	"ENSG00000159352.11"	"PSMD4"	chr1	+	151237307	151237710	151237307	151237504	151237641	151237710	4602	1,17	0,2	15,11	2,1	197	99	0.783355054089	1.0	1.0,0.81	0.79,0.847	0.087
4603	"ENSG00000159352.11"	"PSMD4"	chr1	+	151238479	151238915	151238479	151238684	151238783	151238915	4603	0,3	0,0	4,3	1,0	197	99	1	1.0	NA,1.0	0.668,1.0	0.166
4604	"ENSG00000159352.11"	"PSMD4"	chr1	+	151238479	151238915	151238479	151238588	151238783	151238915	4604	17,24	289,398	19,15	230,195	197	99	0.243226796812	1.0	0.029,0.029	0.04,0.037	-0.009
4609	"ENSG00000175197.6"	"DDIT3"	chr12	-	57911051	57911536	57911051	57911378	57911488	57911536	4609	0,21	0,0	164,105	3,1	197	99	1	1.0	NA,1.0	0.965,0.981	0.027
4610	"ENSG00000175197.6"	"DDIT3"	chr12	-	57911051	57911536	57911051	57911325	57911488	57911536	4610	0,0	2,1	140,91	1,1	197	99	1	1.0	0.0,0.0	0.986,0.979	-0.982
4611	"ENSG00000175197.6"	"DDIT3"	chr12	-	57911051	57911536	57911051	57911242	57911488	57911536	4611	0,0	2,0	109,84	1,2	197	99	1	1.0	0.0,NA	0.982,0.955	-0.968
4617	"ENSG00000164463.8"	"CREBRF"	chr5	+	172535626	172537714	172535626	172535821	172537524	172537714	4617	2,1	5,6	2,1	7,6	197	99	0.969128317464	1.0	0.167,0.077	0.126,0.077	0.02
461	"ENSG00000166165.8"	"CKB"	chr14	-	103988359	103988842	103988359	103988514	103988637	103988842	461	6,2	472,513	7,4	475,367	197	99	1	1.0	0.006,0.002	0.007,0.005	-0.002
4623	"ENSG00000169241.13"	"SLC50A1"	chr1	+	155110655	155111329	155110655	155110985	155111235	155111329	4623	98,9	2,0	74,61	0,0	197	99	0.280304042244	1.0	0.961,1.0	1.0,1.0	-0.02
4624	"ENSG00000103335.15"	"PIEZO1"	chr16	-	88793964	88794251	88793964	88794069	88794194	88794251	4624	25,21	1,8	20,11	5,4	197	99	0.491048066674	1.0	0.926,0.569	0.668,0.58	0.124
4625	"ENSG00000103335.15"	"PIEZO1"	chr16	-	88782340	88782527	88782340	88782385	88782504	88782527	4625	203,163	1,0	191,155	1,0	197	99	0.886519407144	1.0	0.99,1.0	0.99,1.0	0.0
4626	"ENSG00000103335.15"	"PIEZO1"	chr16	-	88782504	88782660	88782504	88782527	88782605	88782660	4626	1,7	43,129	2,2	79,62	176	99	0.563504804806	1.0	0.013,0.03	0.014,0.018	0.005
4627	"ENSG00000125445.6"	"MRPS7"	chr17	+	73261782	73262454	73261782	73262045	73262273	73262454	4627	278,237	0,1	136,115	1,1	197	99	0.195531330796	1.0	1.0,0.992	0.986,0.983	0.012
4629	"ENSG00000132781.13"	"MUTYH"	chr1	-	45798589	45798996	45798589	45798631	45798956	45798996	4629	3,9	0,0	7,5	1,0	197	99	1	1.0	1.0,1.0	0.779,1.0	0.111
462	"ENSG00000143947.8"	"RPS27A"	chr2	+	55459823	55459962	55459823	55459844	55459943	55459962	462	40,52	5246,5247	4,3	302,327	197	99	1	1.0	0.004,0.005	0.007,0.005	-0.001
4631	"ENSG00000132781.13"	"MUTYH"	chr1	-	45798434	45798996	45798434	45798506	45798956	45798996	4631	7,15	0,2	10,7	1,1	197	99	0.768190122751	1.0	1.0,0.79	0.834,0.779	0.089
4633	"ENSG00000132781.13"	"MUTYH"	chr1	-	45798434	45798842	45798434	45798506	45798768	45798842	4633	6,12	0,4	12,8	1,1	197	99	0.776873654585	1.0	1.0,0.601	0.858,0.801	-0.029
4635	"ENSG00000173113.2"	"TRMT112"	chr11	-	64084162	64084619	64084162	64084440	64084529	64084619	4635	0,39	320,600	16,13	440,340	187	99	0.791900944228	1.0	0.0,0.033	0.019,0.02	-0.003
4636	"ENSG00000173113.2"	"TRMT112"	chr11	-	64084735	64084982	64084735	64084837	64084962	64084982	4636	0,84	0,2	48,33	1,0	197	99	1	1.0	NA,0.955	0.96,1.0	-0.025
4637	"ENSG00000204394.8"	"VARS"	chr6	-	31750178	31750399	31750178	31750220	31750306	31750399	4637	0,5	146,127	5,4	145,142	184	99	0.439524779818	1.0	0.0,0.021	0.018,0.015	-0.006
4639	"ENSG00000204394.8"	"VARS"	chr6	-	31762607	31763276	31762607	31763027	31763237	31763276	4639	25,129	2,0	33,46	0,0	197	99	0.250517166766	1.0	0.863,1.0	1.0,1.0	-0.069
4640	"ENSG00000204394.8"	"VARS"	chr6	-	31748670	31748900	31748670	31748715	31748795	31748900	4640	1,0	407,65	2,2	276,243	178	99	1	1.0	0.001,0.0	0.004,0.005	-0.004
4641	"ENSG00000204394.8"	"VARS"	chr6	-	31750306	31750622	31750306	31750410	31750497	31750622	4641	12,12	260,181	14,13	201,160	185	99	0.302995728486	1.0	0.024,0.034	0.036,0.042	-0.01
4642	"ENSG00000204394.8"	"VARS"	chr6	-	31749467	31749729	31749467	31749538	31749623	31749729	4642	13,2	336,161	6,5	275,247	183	99	0.429283375201	1.0	0.021,0.007	0.012,0.011	0.003
4643	"ENSG00000156482.6"	"RPL30"	chr8	-	99057170	99057627	99057170	99057342	99057574	99057627	4643	44,55	0,2	33,36	0,0	197	99	1	1.0	1.0,0.933	1.0,1.0	-0.033
4644	"ENSG00000156482.6"	"RPL30"	chr8	-	99057170	99057627	99057170	99057316	99057574	99057627	4644	76,75	9402,6134	68,31	8457,6723	197	99	1	1.0	0.004,0.006	0.004,0.002	0.002
4645	"ENSG00000175203.11"	"DCTN2"	chr12	-	57926766	57927086	57926766	57926805	57927020	57927086	4645	14,8	203,158	16,11	191,147	197	99	0.402442087702	1.0	0.033,0.025	0.04,0.036	-0.009
4646	"ENSG00000175203.11"	"DCTN2"	chr12	-	57926766	57927086	57926766	57926805	57927044	57927086	4646	199,123	1,0	165,140	1,0	197	99	0.962789199725	1.0	0.99,1.0	0.988,1.0	0.001
4652	"ENSG00000213199.3"	"ASIC3"	chr7	+	150749252	150749561	150749252	150749324	150749502	150749561	4652	15,10	22,14	16,8	17,8	197	99	0.425337102838	1.0	0.255,0.264	0.321,0.334	-0.068
4653	"ENSG00000135341.13"	"MAP3K7"	chr6	-	91260186	91261898	91260186	91260268	91261767	91261898	4653	18,13	93,79	15,11	68,49	197	99	0.463267302133	1.0	0.089,0.076	0.1,0.101	-0.018
4654	"ENSG00000157778.4"	"PSMG3"	chr7	-	1608759	1609629	1608759	1608996	1609481	1609629	4654	72,48	1,1	48,39	2,1	197	99	0.453093425603	1.0	0.973,0.96	0.923,0.951	0.029
4655	"ENSG00000157778.4"	"PSMG3"	chr7	-	1608759	1609629	1608759	1608996	1609483	1609629	4655	22,81	0,2	35,33	0,0	197	99	1	1.0	1.0,0.953	1.0,1.0	-0.024
4658	"ENSG00000110700.2"	"RPS13"	chr11	-	17098975	17099215	17098975	17099024	17099177	17099215	4658	0,721	0,1	791,672	0,0	197	99	1	1.0	NA,0.997	1.0,1.0	-0.003
465	"ENSG00000143947.8"	"RPS27A"	chr2	+	55461254	55462098	55461254	55461340	55461966	55462098	465	0,18	3873,2692	9,6	4074,3218	197	99	1	1.0	0.0,0.003	0.001,0.001	0.001
4660	"ENSG00000203965.8"	"EFCAB7"	chr1	+	64033980	64036799	64033980	64034190	64036691	64036799	4660	0,0	22,12	2,1	26,16	197	99	0.571716495104	1.0	0.0,0.0	0.037,0.03	-0.034
4661	"ENSG00000087008.11"	"ACOX3"	chr4	-	8376194	8376879	8376194	8376239	8376704	8376879	4661	1,0	1,0	1,1	0,0	197	99	1	1.0	0.334,NA	1.0,1.0	-0.666
4662	"ENSG00000130816.10"	"DNMT1"	chr19	-	10270693	10271094	10270693	10270739	10271059	10271094	4662	3,2	609,682	4,3	491,421	197	99	1	1.0	0.002,0.001	0.004,0.004	-0.003
4666	"ENSG00000132323.4"	"ILKAP"	chr2	-	239102915	239103511	239102915	239102972	239103295	239103511	4666	12,5	1,1	3,3	0,0	197	99	1	1.0	0.858,0.715	1.0,1.0	-0.214
4667	"ENSG00000132323.4"	"ILKAP"	chr2	-	239102915	239103511	239102915	239102972	239103422	239103511	4667	8,7	2,1	6,5	1,2	197	99	0.775575022699	1.0	0.668,0.779	0.751,0.557	0.07
4668	"ENSG00000132323.4"	"ILKAP"	chr2	-	239102915	239103511	239102915	239102972	239103445	239103511	4668	8,8	32,12	7,7	16,10	197	99	0.449006837588	1.0	0.112,0.251	0.18,0.26	-0.039
4669	"ENSG00000236624.4"	"CCDC163P"	chr1	-	45965203	45965751	45965203	45965338	45965602	45965751	4669	0,24	0,0	9,10	0,1	197	99	1	1.0	NA,1.0	1.0,0.834	0.083
4670	"ENSG00000236624.4"	"CCDC163P"	chr1	-	45965203	45965646	45965203	45965338	45965553	45965646	4670	39,33	1,0	13,13	0,0	197	99	1	1.0	0.951,1.0	1.0,1.0	-0.024
4671	"ENSG00000236624.4"	"CCDC163P"	chr1	-	45965203	45965525	45965203	45965338	45965508	45965525	4671	19,14	2,2	8,10	1,1	197	99	0.856333705285	1.0	0.827,0.779	0.801,0.834	-0.015
4675	"ENSG00000046651.10"	"OFD1"	chrX	+	13778233	13778839	13778233	13778326	13778633	13778839	4675	56,57	0,1	47,50	0,0	197	99	0.804525825656	1.0	1.0,0.966	1.0,1.0	-0.017
4676	"ENSG00000141141.10"	"DDX52"	chr17	-	35979812	35981322	35979812	35979884	35981171	35981322	4676	2,12	0,7	4,5	1,0	197	99	0.509547413245	1.0	1.0,0.463	0.668,1.0	-0.103
4678	"ENSG00000124444.11"	"ZNF576"	chr19	+	44100558	44101345	44100558	44100773	44101248	44101345	4678	12,8	0,1	5,6	0,0	197	99	1	1.0	1.0,0.801	1.0,1.0	-0.099
4680	"ENSG00000182165.13"	"TP53TG1"	chr7	-	86974358	86974831	86974358	86974549	86974620	86974831	4680	23,16	0,0	18,11	1,1	169	99	1	1.0	1.0,1.0	0.913,0.866	0.111
4681	"ENSG00000064961.14"	"HMG20B"	chr19	+	3573689	3574584	3573689	3573798	3574380	3574584	4681	31,27	31,41	31,21	28,18	197	99	0.249204646791	1.0	0.334,0.249	0.357,0.37	-0.072
4683	"ENSG00000064961.14"	"HMG20B"	chr19	+	3576258	3576623	3576258	3576305	3576550	3576623	4683	11,8	178,230	12,6	186,137	197	99	0.607196472695	1.0	0.03,0.017	0.031,0.022	-0.003
4685	"ENSG00000064961.14"	"HMG20B"	chr19	+	3573689	3574584	3573689	3573798	3574338	3574584	4685	18,18	0,0	25,17	1,0	197	99	1	1.0	1.0,1.0	0.926,1.0	0.037
468	"ENSG00000137309.15"	"HMGA1"	chr6	+	34211244	34211446	34211244	34211295	34211392	34211446	468	5,3	0,6	1,1	1,1	195	99	0.333198972624	1.0	1.0,0.202	0.337,0.337	0.264
4692	"ENSG00000161996.13"	"WDR90"	chr16	+	716454	716792	716454	716598	716672	716792	4692	5,7	12,4	3,1	6,3	172	99	0.893624599167	1.0	0.193,0.502	0.223,0.161	0.156
4694	"ENSG00000164611.8"	"PTTG1"	chr5	+	159849308	159849900	159849308	159849410	159849702	159849900	4694	31,21	1,0	23,19	1,1	197	99	0.643270376187	1.0	0.94,1.0	0.92,0.905	0.057
4698	"ENSG00000168010.6"	"ATG16L2"	chr11	+	72533522	72535887	72533522	72533588	72533892	72535887	4698	13,6	6,2	9,4	3,2	197	99	0.926012848475	1.0	0.521,0.601	0.601,0.501	0.01
4699	"ENSG00000168010.6"	"ATG16L2"	chr11	+	72539403	72539821	72539403	72539553	72539773	72539821	4699	6,0	25,7	2,1	12,6	197	99	0.847632058582	1.0	0.108,0.0	0.077,0.077	-0.023
469	"ENSG00000141524.11"	"TMC6"	chr17	-	76116257	76117245	76116257	76116913	76117093	76117245	469	39,36	155,57	38,23	120,92	197	99	0.281572175782	1.0	0.112,0.241	0.137,0.112	0.052
46	"ENSG00000026036.16"	"RTEL1-TNFRSF6B"	chr20	+	62321102	62321563	62321102	62321218	62321439	62321563	46	6,7	29,6	5,3	19,15	197	99	0.402491204014	1.0	0.094,0.37	0.117,0.091	0.128
4705	"ENSG00000084453.12"	"SLCO1A2"	chr12	-	21446878	21448726	21446878	21447044	21448530	21448726	4705	3,1	7,1	2,1	2,2	197	99	0.674009649223	1.0	0.177,0.334	0.334,0.201	-0.012
4706	"ENSG00000123737.8"	"EXOSC9"	chr4	+	122735020	122737602	122735020	122735202	122737523	122737602	4706	28,13	214,153	18,12	153,122	197	99	0.973747506204	1.0	0.062,0.041	0.056,0.047	0.0
4709	"ENSG00000224843.2"	"LINC00240"	chr6	+	26991032	26991703	26991032	26991176	26991528	26991703	4709	3,5	0,1	1,0	1,1	197	99	0.224648828657	1.0	1.0,0.715	0.334,0.0	0.69
470	"ENSG00000141524.11"	"TMC6"	chr17	-	76121806	76122447	76121806	76121958	76122357	76122447	470	38,181	0,1	67,68	0,0	197	99	0.861560623286	1.0	1.0,0.989	1.0,1.0	-0.006
4710	"ENSG00000224843.2"	"LINC00240"	chr6	+	26991032	26991703	26991032	26991176	26991543	26991703	4710	2,6	6,2	1,1	1,1	197	99	0.864921570435	1.0	0.143,0.601	0.334,0.334	0.038
4715	"ENSG00000198951.7"	"NAGA"	chr22	-	42466285	42466834	42466285	42466370	42466766	42466834	4715	59,49	1,2	28,26	0,1	197	99	0.733523741969	1.0	0.967,0.925	1.0,0.929	-0.019
4716	"ENSG00000130724.4"	"CHMP2A"	chr19	-	59062932	59063334	59062932	59063143	59063272	59063334	4716	8,10	245,80	12,8	222,171	197	99	0.744712658114	1.0	0.016,0.059	0.026,0.023	0.013
4718	"ENSG00000185787.10"	"MORF4L1"	chr15	+	79178482	79178737	79178482	79178569	79178692	79178737	4718	0,0	2,2	5,3	2,2	197	99	1	1.0	0.0,0.0	0.557,0.43	-0.494
4719	"ENSG00000185787.10"	"MORF4L1"	chr15	+	79183330	79183914	79183330	79183356	79183825	79183914	4719	0,13	194,352	7,4	243,186	197	99	1	1.0	0.0,0.018	0.014,0.011	-0.004
471	"ENSG00000141524.11"	"TMC6"	chr17	-	76121806	76122447	76121806	76121965	76122357	76122447	471	28,28	113,101	27,19	119,85	197	99	0.555596869114	1.0	0.111,0.122	0.102,0.101	0.015
4725	"ENSG00000141456.10"	"PELP1"	chr17	-	4574985	4576440	4574985	4575177	4575408	4576440	4725	219,311	8,5	201,147	6,4	197	99	0.65460631351	1.0	0.932,0.969	0.944,0.949	0.004
4727	"ENSG00000173020.6"	"ADRBK1"	chr11	+	67048202	67048655	67048202	67048254	67048563	67048655	4727	8,3	50,96	9,4	78,58	197	99	0.624826263708	1.0	0.074,0.015	0.055,0.033	0.001
4729	"ENSG00000173020.6"	"ADRBK1"	chr11	+	67052317	67052659	67052317	67052454	67052545	67052659	4729	2,15	96,128	5,2	89,63	189	99	0.413239703455	1.0	0.011,0.058	0.029,0.016	0.012
472	"ENSG00000112759.12"	"SLC29A1"	chr6	+	44197643	44198218	44197643	44197783	44198083	44198218	472	46,17	137,109	45,26	123,87	197	99	0.198489439971	1.0	0.144,0.073	0.155,0.131	-0.035
4730	"ENSG00000173020.6"	"ADRBK1"	chr11	+	67049292	67050013	67049292	67049423	67049741	67050013	4730	14,48	75,125	26,14	87,62	197	99	0.679500107222	1.0	0.086,0.162	0.131,0.102	0.008
4735	"ENSG00000115661.9"	"STK16"	chr2	+	220110617	220111598	220110617	220110807	220111378	220111598	4735	13,12	28,15	9,6	23,17	197	99	0.334366693397	1.0	0.189,0.287	0.164,0.151	0.08
4736	"ENSG00000115661.9"	"STK16"	chr2	+	220110617	220111598	220110617	220110807	220111439	220111598	4736	42,24	0,0	38,34	1,1	197	99	0.76247472672	1.0	1.0,1.0	0.95,0.945	0.052
4737	"ENSG00000077454.11"	"LRCH4"	chr7	-	100174708	100175012	100174708	100174777	100174895	100175012	4737	16,14	23,18	17,10	22,10	197	99	0.697670887719	1.0	0.259,0.281	0.28,0.334	-0.037
4740	"ENSG00000146918.15"	"NCAPG2"	chr7	-	158447809	158448147	158447809	158447950	158448030	158448147	4740	31,15	162,25	22,16	113,82	178	99	0.217955395616	1.0	0.096,0.25	0.098,0.098	0.075
4741	"ENSG00000184436.7"	"THAP7"	chr22	-	21354935	21356084	21354935	21355700	21356006	21356084	4741	184,219	2,24	143,113	7,5	197	99	0.719042055527	1.0	0.979,0.821	0.911,0.919	-0.015
4743	"ENSG00000184436.7"	"THAP7"	chr22	-	21354935	21356084	21354935	21355700	21355995	21356084	4743	178,235	26,18	140,110	19,11	197	99	0.669375364363	1.0	0.775,0.868	0.787,0.834	0.011
4744	"ENSG00000102032.8"	"RENBP"	chrX	-	153209531	153209870	153209531	153209607	153209760	153209870	4744	1,0	30,10	2,1	17,10	197	99	0.272562798308	1.0	0.016,0.0	0.056,0.048	-0.044
4746	"ENSG00000196628.9"	"TCF4"	chr18	-	52896077	52899902	52896077	52896307	52899751	52899902	4746	28,23	13,9	25,16	10,8	197	99	0.971448903494	1.0	0.52,0.562	0.557,0.501	0.012
4747	"ENSG00000144567.6"	"FAM134A"	chr2	+	220045783	220046185	220045783	220045927	220046090	220046185	4747	1,8	59,104	5,3	72,46	197	99	0.620965032986	1.0	0.008,0.037	0.034,0.032	-0.011
4749	"ENSG00000234585.2"	"CCT6P3"	chr7	+	64529086	64530862	64529086	64529168	64530723	64530862	4749	2,2	1,0	3,4	0,0	197	99	1	1.0	0.501,1.0	1.0,1.0	-0.25
474	"ENSG00000162576.12"	"MXRA8"	chr1	-	1289572	1289889	1289572	1289612	1289733	1289889	474	8,4	10,21	9,7	12,8	197	99	0.200129034316	1.0	0.287,0.087	0.274,0.305	-0.102
4750	"ENSG00000189046.6"	"ALKBH2"	chr12	-	109530311	109531277	109530311	109530592	109531051	109531277	4750	141,91	41,35	103,78	33,28	197	99	0.91329673995	1.0	0.633,0.566	0.611,0.583	0.002
4754	"ENSG00000174775.12"	"HRAS"	chr11	-	532241	532755	532241	532522	532630	532755	4754	14,38	87,59	15,8	40,34	197	99	0.959487114976	1.0	0.075,0.245	0.159,0.106	0.027
4759	"ENSG00000214530.3"	"STARD10"	chr11	-	72465773	72466187	72465773	72465827	72466166	72466187	4759	18,27	4,0	34,21	1,0	197	99	0.441708591193	1.0	0.693,1.0	0.945,1.0	-0.126
4768	"ENSG00000094631.14"	"HDAC6"	chrX	+	48673081	48673300	48673081	48673147	48673240	48673300	4768	21,3	22,26	17,13	21,15	191	99	0.185820013104	1.0	0.331,0.056	0.296,0.31	-0.109
4770	"ENSG00000169220.13"	"RGS14"	chr5	+	176798350	176798583	176798350	176798397	176798502	176798583	4770	69,65	0,1	22,32	0,0	197	99	1	1.0	1.0,0.97	1.0,1.0	-0.015
4771	"ENSG00000119689.10"	"DLST"	chr14	+	75355797	75356041	75355797	75355850	75355979	75356041	4771	21,22	1,0	9,9	0,0	197	99	1	1.0	0.913,1.0	1.0,1.0	-0.043
4772	"ENSG00000119689.10"	"DLST"	chr14	+	75355797	75356041	75355797	75355850	75355977	75356041	4772	0,1	53,80	0,1	25,25	197	99	0.355007031225	1.0	0.0,0.006	0.0,0.02	-0.007
4774	"ENSG00000094914.8"	"AAAS"	chr12	-	53714348	53715041	53714348	53714476	53714938	53715041	4774	7,91	1,0	24,26	0,0	197	99	0.286364186387	1.0	0.779,1.0	1.0,1.0	-0.111
4775	"ENSG00000094914.8"	"AAAS"	chr12	-	53714348	53714992	53714348	53714476	53714877	53714992	4775	46,41	4,1	9,10	0,0	197	99	1	1.0	0.852,0.954	1.0,1.0	-0.097
4776	"ENSG00000094914.8"	"AAAS"	chr12	-	53714348	53715041	53714348	53714476	53714954	53715041	4776	82,70	0,2	52,28	1,0	197	99	0.830559606691	1.0	1.0,0.946	0.963,1.0	-0.009
4777	"ENSG00000094914.8"	"AAAS"	chr12	-	53701521	53701917	53701521	53701700	53701835	53701917	4777	233,91	2,3	185,138	7,4	197	99	0.202414093204	1.0	0.983,0.938	0.93,0.945	0.023
4778	"ENSG00000094914.8"	"AAAS"	chr12	-	53701521	53701917	53701521	53701755	53701835	53701917	4778	22,22	0,7	29,20	2,1	178	99	0.548983267372	1.0	1.0,0.636	0.89,0.918	-0.086
477	"ENSG00000160948.9"	"VPS28"	chr8	-	145650328	145651155	145650328	145650383	145651065	145651155	477	208,100	15,5	149,104	10,6	197	99	1	1.0	0.875,0.91	0.882,0.897	0.003
4780	"ENSG00000094914.8"	"AAAS"	chr12	-	53714348	53715041	53714348	53714476	53714984	53715041	4780	67,47	0,4	53,28	2,1	197	99	0.753966835791	1.0	1.0,0.855	0.93,0.934	-0.005
4781	"ENSG00000094914.8"	"AAAS"	chr12	-	53708081	53708633	53708081	53708225	53708534	53708633	4781	6,10	241,153	14,9	224,156	197	99	0.286145912955	1.0	0.012,0.032	0.03,0.028	-0.007
4782	"ENSG00000094914.8"	"AAAS"	chr12	-	53708081	53708633	53708081	53708246	53708534	53708633	4782	1,14	1,0	4,5	0,0	197	99	1	1.0	0.334,1.0	1.0,1.0	-0.333
4784	"ENSG00000160058.14"	"BSDC1"	chr1	-	32859680	32860026	32859680	32859741	32859825	32860026	4784	7,14	0,3	1,1	0,0	182	99	1	1.0	1.0,0.717	1.0,1.0	-0.141
4785	"ENSG00000160058.14"	"BSDC1"	chr1	-	32859680	32860032	32859680	32859741	32860004	32860032	4785	1,5	0,1	2,3	0,0	197	99	1	1.0	1.0,0.715	1.0,1.0	-0.143
4788	"ENSG00000169714.12"	"CNBP"	chr3	-	128889921	128890381	128889921	128890120	128890288	128890381	4788	368,367	707,923	304,224	762,599	197	99	0.190143137709	1.0	0.207,0.167	0.167,0.158	0.024
4789	"ENSG00000172590.14"	"MRPL52"	chr14	+	23299103	23299319	23299103	23299153	23299258	23299319	4789	34,27	1,1	14,13	2,1	197	99	0.198636132643	1.0	0.945,0.931	0.779,0.867	0.115
478	"ENSG00000160948.9"	"VPS28"	chr8	-	145650328	145651155	145650328	145650434	145651065	145651155	478	62,39	142,63	50,33	104,72	197	99	0.803420806701	1.0	0.18,0.237	0.195,0.187	0.017
4790	"ENSG00000172590.14"	"MRPL52"	chr14	+	23299103	23299319	23299103	23299153	23299261	23299319	4790	119,141	2,0	60,59	1,1	197	99	0.302563988708	1.0	0.968,1.0	0.968,0.967	0.016
4791	"ENSG00000172590.14"	"MRPL52"	chr14	+	23299095	23299319	23299095	23299149	23299261	23299319	4791	123,150	100,119	97,71	79,57	197	99	0.974385660134	1.0	0.382,0.388	0.382,0.385	0.002
4792	"ENSG00000213928.4"	"IRF9"	chr14	+	24633271	24634164	24633271	24633343	24633822	24634164	4792	18,20	9,6	15,9	6,4	197	99	0.927785870192	1.0	0.501,0.626	0.557,0.531	0.019
4793	"ENSG00000003436.10"	"TFPI"	chr2	-	188348850	188349714	188348850	188348943	188349537	188349714	4793	0,2	161,135	1,1	140,113	197	99	1	1.0	0.0,0.007	0.004,0.004	-0.001
4794	"ENSG00000213397.6"	"HAUS7"	chrX	-	152719851	152721224	152719851	152719966	152720999	152721224	4794	11,12	29,15	6,5	23,16	197	99	0.215463785531	1.0	0.16,0.287	0.116,0.136	0.097
4799	"ENSG00000142534.2"	"RPS11"	chr19	+	50000776	50001303	50000776	50000852	50001173	50001303	4799	91,76	28641,22825	87,65	23860,20934	197	99	1	1.0	0.002,0.002	0.002,0.002	0.0
479	"ENSG00000160948.9"	"VPS28"	chr8	-	145650100	145651155	145650100	145650202	145651065	145651155	479	37,31	2,0	32,25	0,0	197	99	0.687407924714	1.0	0.903,1.0	1.0,1.0	-0.048
47	"ENSG00000026036.16"	"RTEL1-TNFRSF6B"	chr20	+	62309497	62309699	62309497	62309536	62309620	62309699	47	0,1	21,6	1,1	9,9	182	99	0.423188670197	1.0	0.0,0.083	0.057,0.057	-0.015
4801	"ENSG00000142534.2"	"RPS11"	chr19	+	50000450	50000852	50000450	50000629	50000776	50000852	4801	74,29	0,0	103,72	4,2	197	99	0.544492170713	1.0	1.0,1.0	0.928,0.948	0.062
4802	"ENSG00000142534.2"	"RPS11"	chr19	+	50000450	50000852	50000450	50000625	50000776	50000852	4802	78,33	9,2	106,75	9,3	197	99	0.351029615489	1.0	0.813,0.892	0.855,0.926	-0.038
4803	"ENSG00000142534.2"	"RPS11"	chr19	+	50000450	50000852	50000450	50000664	50000776	50000852	4803	0,16	1,0	32,40	0,0	197	99	0.640375992278	1.0	0.0,1.0	1.0,1.0	-0.5
4804	"ENSG00000142534.2"	"RPS11"	chr19	+	50000450	50000852	50000450	50000582	50000776	50000852	4804	102,48	14618,12840	138,97	16624,14099	197	99	1	1.0	0.003,0.002	0.004,0.003	-0.001
4805	"ENSG00000142534.2"	"RPS11"	chr19	+	50000450	50001303	50000450	50000852	50001089	50001303	4805	73,45	0,1	35,40	0,0	197	99	0.548813804721	1.0	1.0,0.958	1.0,1.0	-0.021
4806	"ENSG00000142534.2"	"RPS11"	chr19	+	50000450	50000852	50000450	50000539	50000837	50000852	4806	44695,35871	6,23	35438,31757	48,32	197	99	1	1.0	1.0,0.999	0.997,0.998	0.002
4807	"ENSG00000135317.8"	"SNX14"	chr6	-	86256829	86257067	86256829	86256944	86257034	86257067	4807	0,2	71,51	0,1	25,28	188	99	0.615046168653	1.0	0.0,0.02	0.0,0.018	0.001
4808	"ENSG00000075826.12"	"SEC31B"	chr10	-	102248614	102249155	102248614	102248734	102249008	102249155	4808	24,48	3,0	13,9	1,0	197	99	0.592407113096	1.0	0.801,1.0	0.867,1.0	-0.033
4809	"ENSG00000075826.12"	"SEC31B"	chr10	-	102248614	102249155	102248614	102248731	102248920	102249155	4809	41,32	1,0	3,4	0,0	197	99	1	1.0	0.954,1.0	1.0,1.0	-0.023
480	"ENSG00000160948.9"	"VPS28"	chr8	-	145650328	145651155	145650328	145650423	145651065	145651155	480	219,87	1,3	151,107	3,2	197	99	0.588354101026	1.0	0.991,0.936	0.962,0.964	0.001
4810	"ENSG00000075826.12"	"SEC31B"	chr10	-	102265117	102265958	102265117	102265252	102265796	102265958	4810	82,88	5,3	46,39	2,1	197	99	0.715520772156	1.0	0.892,0.936	0.92,0.951	-0.021
4811	"ENSG00000075826.12"	"SEC31B"	chr10	-	102248614	102249155	102248614	102248731	102249008	102249155	4811	29,46	2,3	16,9	1,1	197	99	0.574956672621	1.0	0.879,0.885	0.889,0.819	0.028
4812	"ENSG00000130653.11"	"PNPLA7"	chr9	-	140355085	140356072	140355085	140355189	140355987	140356072	4812	4,5	1,0	2,1	1,1	197	99	0.341057858584	1.0	0.668,1.0	0.501,0.334	0.417
4813	"ENSG00000130653.11"	"PNPLA7"	chr9	-	140358577	140358908	140358577	140358647	140358791	140358908	4813	1,1	7,3	3,1	4,2	197	99	0.293931824365	1.0	0.067,0.143	0.274,0.201	-0.133
481	"ENSG00000160948.9"	"VPS28"	chr8	-	145651065	145651591	145651065	145651155	145651562	145651591	481	0,6	0,1	6,7	0,0	197	99	1	1.0	NA,0.751	1.0,1.0	-0.249
4821	"ENSG00000169189.12"	"NSMCE1"	chr16	-	27237046	27238157	27237046	27237167	27238040	27238157	4821	0,2	201,102	2,1	103,87	197	99	1	1.0	0.0,0.01	0.01,0.006	-0.003
4822	"ENSG00000122435.5"	"TRMT13"	chr1	+	100605963	100606575	100605963	100606070	100606420	100606575	4822	32,34	4,3	22,17	1,1	197	99	0.752140185493	1.0	0.801,0.851	0.917,0.895	-0.08
4823	"ENSG00000122435.5"	"TRMT13"	chr1	+	100605963	100606575	100605963	100606070	100606522	100606575	4823	31,33	2,2	18,17	1,1	197	99	0.870776649226	1.0	0.886,0.892	0.9,0.895	-0.008
4824	"ENSG00000122435.5"	"TRMT13"	chr1	+	100605963	100606575	100605963	100606070	100606407	100606575	4824	19,4	13,36	9,7	16,13	197	99	0.766987953748	1.0	0.423,0.053	0.22,0.213	0.021
4826	"ENSG00000149273.10"	"RPS3"	chr11	+	75112683	75113490	75112683	75112777	75113347	75113490	4826	1,9	1,0	4,4	0,0	197	99	1	1.0	0.334,1.0	1.0,1.0	-0.333
4827	"ENSG00000149273.10"	"RPS3"	chr11	+	75112683	75113490	75112683	75112777	75113410	75113490	4827	0,0	0,1	1626,1787	0,0	197	99	1	1.0	NA,0.0	1.0,1.0	-1.0
4828	"ENSG00000149273.10"	"RPS3"	chr11	+	75112683	75113490	75112683	75112777	75113395	75113490	4828	2,14	3592,2231	12,10	4379,3149	197	99	1	1.0	0.0,0.003	0.001,0.002	0.0
4829	"ENSG00000149273.10"	"RPS3"	chr11	+	75112683	75113490	75112683	75112749	75113423	75113490	4829	2432,1647	79,94	3373,2432	132,101	197	99	0.627415495036	1.0	0.939,0.898	0.928,0.924	-0.008
4830	"ENSG00000131697.13"	"NPHP4"	chr1	-	5922870	5926518	5922870	5924093	5924397	5926518	4830	4,0	35,17	2,1	18,12	197	99	0.575136489795	1.0	0.054,0.0	0.053,0.04	-0.019
4831	"ENSG00000131697.13"	"NPHP4"	chr1	-	5922870	5924093	5922870	5923465	5923949	5924093	4831	6,6	38,10	9,6	20,13	197	99	0.306798772382	1.0	0.074,0.232	0.184,0.188	-0.033
4833	"ENSG00000117335.14"	"CD46"	chr1	+	207940357	207943707	207940357	207940540	207943665	207943707	4833	112,83	126,33	106,80	102,68	197	99	0.409597665317	1.0	0.309,0.558	0.343,0.372	0.076
4834	"ENSG00000117335.14"	"CD46"	chr1	+	207943397	207943707	207943397	207943468	207943665	207943707	4834	133,56	2,4	106,89	2,1	197	99	0.443440078439	1.0	0.971,0.876	0.964,0.978	-0.047
4837	"ENSG00000117335.14"	"CD46"	chr1	+	207932983	207934791	207932983	207933048	207934710	207934791	4837	768,602	1,0	74,119	0,0	197	99	1	1.0	0.997,1.0	1.0,1.0	-0.002
4839	"ENSG00000124228.10"	"DDX27"	chr20	+	47850104	47852768	47850104	47850259	47852686	47852768	4839	21,14	0,1	10,10	0,0	197	99	1	1.0	1.0,0.876	1.0,1.0	-0.062
483	"ENSG00000160948.9"	"VPS28"	chr8	-	145648999	145649515	145648999	145649305	145649423	145649515	483	18,42	29,25	25,14	38,24	197	99	0.185849794091	1.0	0.238,0.458	0.248,0.227	0.11
4840	"ENSG00000124228.10"	"DDX27"	chr20	+	47860165	47860614	47860165	47860240	47860352	47860614	4840	6,4	83,53	5,4	44,32	197	99	0.278907209803	1.0	0.035,0.037	0.054,0.059	-0.02
4843	"ENSG00000101945.12"	"SUV39H1"	chrX	+	48558481	48559144	48558481	48558690	48558959	48559144	4843	55,88	2,0	36,33	0,0	197	99	0.385230896761	1.0	0.933,1.0	1.0,1.0	-0.033
4845	"ENSG00000188313.8"	"PLSCR1"	chr3	-	146239330	146239840	146239330	146239492	146239619	146239840	4845	11,1	140,97	7,5	117,85	197	99	0.679905836909	1.0	0.038,0.005	0.029,0.029	-0.008
4847	"ENSG00000166411.9"	"IDH3A"	chr15	+	78449249	78449973	78449249	78449504	78449889	78449973	4847	5,4	7,3	6,4	8,6	197	99	0.680380779893	1.0	0.264,0.401	0.274,0.251	0.07
4848	"ENSG00000121775.13"	"TMEM39B"	chr1	+	32566042	32566804	32566042	32566163	32566672	32566804	4848	14,8	0,2	12,10	1,1	197	99	0.673706422642	1.0	1.0,0.668	0.858,0.834	-0.012
4849	"ENSG00000101146.8"	"RAE1"	chr20	+	55948555	55948794	55948555	55948637	55948718	55948794	4849	13,14	272,231	2,2	91,88	179	99	0.267749501166	1.0	0.026,0.032	0.012,0.012	0.017
4852	"ENSG00000137221.10"	"TJAP1"	chr6	+	43471360	43474291	43471360	43471444	43472498	43474291	4852	35,87	28,45	45,35	28,18	197	99	0.803210301563	1.0	0.386,0.493	0.447,0.494	-0.031
485	"ENSG00000160948.9"	"VPS28"	chr8	-	145649597	145650202	145649597	145649651	145650100	145650202	485	16,13	142,137	19,12	146,94	197	99	0.456847099747	1.0	0.054,0.046	0.061,0.06	-0.01
4861	"ENSG00000167996.11"	"FTH1"	chr11	-	61732458	61732987	61732458	61732584	61732840	61732987	4861	57,32	22495,16900	89,61	20096,15532	197	99	1	1.0	0.001,0.001	0.002,0.002	-0.001
4866	"ENSG00000100288.15"	"CHKB"	chr22	-	51018618	51018845	51018618	51018700	51018786	51018845	4866	63,27	33,11	35,25	21,15	184	99	0.505763520147	1.0	0.507,0.569	0.473,0.473	0.065
4867	"ENSG00000100288.15"	"CHKB"	chr22	-	51020177	51021283	51020177	51020291	51020677	51021283	4867	12,12	4,2	15,9	3,2	197	99	0.717604440656	1.0	0.601,0.751	0.715,0.693	-0.028
4868	"ENSG00000177225.12"	"PDDC1"	chr11	-	767224	770903	767224	770398	770678	770903	4868	189,175	8,2	148,133	3,2	197	99	0.572742169832	1.0	0.922,0.978	0.961,0.971	-0.016
4869	"ENSG00000114745.9"	"GORASP1"	chr3	-	39141795	39142368	39141795	39141994	39142278	39142368	4869	112,55	10,6	79,58	6,3	197	99	0.474688171334	1.0	0.849,0.822	0.869,0.907	-0.053
486	"ENSG00000160948.9"	"VPS28"	chr8	-	145649597	145650202	145649597	145649651	145650081	145650202	486	3,26	0,2	6,7	0,0	197	99	1	1.0	1.0,0.867	1.0,1.0	-0.067
4870	"ENSG00000114745.9"	"GORASP1"	chr3	-	39142278	39142593	39142278	39142368	39142506	39142593	4870	11,10	40,22	12,10	28,20	197	99	0.430563757456	1.0	0.121,0.186	0.177,0.201	-0.036
4872	"ENSG00000114745.9"	"GORASP1"	chr3	-	39141795	39142368	39141795	39141945	39142237	39142368	4872	162,121	11,15	161,113	14,9	197	99	0.797129220495	1.0	0.881,0.802	0.852,0.863	-0.016
4875	"ENSG00000054148.13"	"PHPT1"	chr9	+	139744464	139745012	139744464	139744589	139744957	139745012	4875	116,68	20,12	87,56	14,9	197	99	0.822014811034	1.0	0.745,0.74	0.757,0.758	-0.015
4876	"ENSG00000054148.13"	"PHPT1"	chr9	+	139744464	139745012	139744464	139744589	139744954	139745012	4876	113,65	8,4	87,55	5,3	197	99	0.824497453775	1.0	0.877,0.891	0.897,0.902	-0.015
4879	"ENSG00000140525.13"	"FANCI"	chr15	+	89850715	89850903	89850715	89850760	89850843	89850903	4879	0,1	181,72	1,1	91,77	181	99	1	1.0	0.0,0.008	0.006,0.007	-0.003
487	"ENSG00000160948.9"	"VPS28"	chr8	-	145650328	145651155	145650328	145650434	145651043	145651155	487	7,37	0,1	37,23	1,1	197	99	1	1.0	1.0,0.949	0.949,0.92	0.04
4882	"ENSG00000187741.10"	"FANCA"	chr16	-	89805885	89806166	89805885	89805961	89806113	89806166	4882	8,14	2,0	15,9	2,2	197	99	0.665129679329	1.0	0.668,1.0	0.79,0.693	0.093
4883	"ENSG00000187741.10"	"FANCA"	chr16	-	89806148	89806507	89806148	89806208	89806401	89806507	4883	12,21	1,5	16,12	8,4	197	99	0.189946045131	1.0	0.858,0.679	0.501,0.601	0.218
4885	"ENSG00000213015.4"	"ZNF580"	chr19	+	56146381	56147078	56146381	56146481	56146908	56147078	4885	2,34	0,2	6,8	0,1	197	99	0.618251338365	1.0	1.0,0.895	1.0,0.801	0.047
4886	"ENSG00000164088.13"	"PPM1M"	chr3	+	52283189	52284611	52283189	52283338	52283685	52284611	4886	7,2	16,8	5,3	7,5	197	99	0.30713304947	1.0	0.18,0.112	0.264,0.232	-0.102
4887	"ENSG00000164088.13"	"PPM1M"	chr3	+	52282168	52282469	52282168	52282253	52282350	52282469	4887	2,4	17,13	2,1	10,7	195	99	0.739151089719	1.0	0.056,0.135	0.092,0.068	0.015
488	"ENSG00000160948.9"	"VPS28"	chr8	-	145650328	145651155	145650328	145650383	145651043	145651155	488	62,156	0,1	86,77	0,0	197	99	0.921858385381	1.0	1.0,0.987	1.0,1.0	-0.006
4890	"ENSG00000119688.16"	"ABCD4"	chr14	-	74759450	74759951	74759450	74759572	74759856	74759951	4890	18,12	24,3	28,15	12,8	197	99	0.509161295879	1.0	0.274,0.668	0.54,0.485	-0.041
4899	"ENSG00000110619.12"	"CARS"	chr11	-	3023199	3023830	3023199	3023283	3023770	3023830	4899	18,12	74,46	39,26	166,125	197	99	0.585174931862	1.0	0.109,0.116	0.106,0.095	0.012
48	"ENSG00000026036.16"	"RTEL1-TNFRSF6B"	chr20	+	62321102	62321563	62321102	62321218	62321496	62321563	48	23,19	0,0	20,16	1,1	197	99	1	1.0	1.0,1.0	0.91,0.889	0.101
4902	"ENSG00000110619.12"	"CARS"	chr11	-	3023199	3023830	3023199	3023404	3023750	3023830	4902	0,0	1,0	9,12	0,0	197	99	1	1.0	0.0,NA	1.0,1.0	-1.0
4903	"ENSG00000110619.12"	"CARS"	chr11	-	3023199	3023830	3023199	3023283	3023750	3023830	4903	8,0	0,2	27,24	0,0	197	99	0.517977429442	1.0	1.0,0.0	1.0,1.0	-0.5
4906	"ENSG00000108107.8"	"RPL28"	chr19	+	55897937	55899416	55897937	55898061	55899275	55899416	4906	16,17	1,0	17,21	0,0	197	99	1	1.0	0.889,1.0	1.0,1.0	-0.055
4907	"ENSG00000108107.8"	"RPL28"	chr19	+	55897328	55897806	55897328	55897577	55897717	55897806	4907	24,19	4,1	18,16	4,3	197	99	0.445518375321	1.0	0.751,0.905	0.693,0.728	0.118
4908	"ENSG00000108107.8"	"RPL28"	chr19	+	55897937	55899416	55897937	55898031	55899297	55899416	4908	3425,3098	1,3	3944,2593	3,2	197	99	1	1.0	0.999,0.998	0.998,0.998	0.0
490	"ENSG00000160948.9"	"VPS28"	chr8	-	145650100	145651155	145650100	145650202	145650328	145651155	490	35,26	169,89	29,20	148,96	197	99	0.484440818257	1.0	0.094,0.128	0.09,0.095	0.019
4910	"ENSG00000108107.8"	"RPL28"	chr19	+	55897937	55899416	55897937	55898061	55899297	55899416	4910	57,35	4921,4653	69,31	5240,3498	197	99	1	1.0	0.006,0.004	0.007,0.004	-0.0
4912	"ENSG00000241106.2"	"HLA-DOB"	chr6	-	32781499	32782378	32781499	32781610	32782096	32782378	4912	6,20	5,5	5,3	3,2	197	99	0.524240004069	1.0	0.376,0.668	0.456,0.43	0.079
4913	"ENSG00000178921.9"	"PFAS"	chr17	+	8159584	8159966	8159584	8159725	8159841	8159966	4913	12,2	97,73	6,6	67,53	197	99	0.571139530686	1.0	0.059,0.014	0.043,0.054	-0.012
4921	"ENSG00000168610.10"	"STAT3"	chr17	-	40469199	40469580	40469199	40469273	40469344	40469580	4921	106,173	1,0	86,100	1,0	169	99	0.660362843335	1.0	0.984,1.0	0.981,1.0	0.002
4922	"ENSG00000168610.10"	"STAT3"	chr17	-	40481571	40481809	40481571	40481665	40481764	40481809	4922	1,0	13,104	1,1	63,56	197	99	0.522733430233	1.0	0.037,0.0	0.008,0.009	0.01
4923	"ENSG00000168610.10"	"STAT3"	chr17	-	40468806	40469241	40468806	40468869	40469106	40469241	4923	203,178	1,0	41,59	0,0	197	99	0.567950465054	1.0	0.99,1.0	1.0,1.0	-0.005
4924	"ENSG00000168610.10"	"STAT3"	chr17	-	40468806	40469241	40468806	40468919	40469106	40469241	4924	24,30	0,2	9,8	0,0	197	99	1	1.0	1.0,0.883	1.0,1.0	-0.058
4925	"ENSG00000185920.11"	"PTCH1"	chr9	-	98212122	98215902	98212122	98212222	98215759	98215902	4925	2,1	17,11	3,1	8,6	197	99	0.222177873012	1.0	0.056,0.044	0.159,0.077	-0.068
4927	"ENSG00000062716.6"	"VMP1"	chr17	+	57915311	57915758	57915311	57915412	57915655	57915758	4927	195,0	0,2	74,70	0,0	197	99	0.512206198985	1.0	1.0,0.0	1.0,1.0	-0.5
4929	"ENSG00000089693.6"	"MLF2"	chr12	-	6859342	6859932	6859342	6859471	6859807	6859932	4929	30,49	3,6	21,15	1,1	197	99	0.942404287996	1.0	0.834,0.804	0.913,0.883	-0.079
492	"ENSG00000174950.6"	"CD164L2"	chr1	-	27705665	27706685	27705665	27705999	27706540	27706685	492	9,6	0,1	2,2	0,0	197	99	1	1.0	1.0,0.751	1.0,1.0	-0.125
4931	"ENSG00000183474.11"	"GTF2H2C"	chr5	+	68874538	68874935	68874538	68874629	68874847	68874935	4931	2,1	14,28	0,0	15,13	197	99	0.650558992844	1.0	0.067,0.018	0.0,0.0	0.043
4932	"ENSG00000198231.8"	"DDX42"	chr17	+	61851243	61851451	61851243	61851266	61851356	61851451	4932	2,2	1,1	0,1	1,1	188	99	0.549419047855	1.0	0.513,0.513	0.0,0.345	0.341
4935	"ENSG00000042493.11"	"CAPG"	chr2	-	85628651	85628806	85628651	85628711	85628773	85628806	4935	11,50	0,1	42,28	0,0	160	99	1	1.0	1.0,0.969	1.0,1.0	-0.016
4936	"ENSG00000042493.11"	"CAPG"	chr2	-	85628907	85629281	85628907	85629080	85629245	85629281	4936	0,1	103,66	1,2	128,74	197	99	0.733136226931	1.0	0.0,0.008	0.004,0.013	-0.005
4937	"ENSG00000134255.9"	"CEPT1"	chr1	+	111720835	111724940	111720835	111720972	111724808	111724940	4937	2,38	2,0	4,5	0,0	197	99	1	1.0	0.334,1.0	1.0,1.0	-0.333
493	"ENSG00000071894.10"	"CPSF1"	chr8	-	145624183	145624428	145624183	145624258	145624347	145624428	493	1,4	114,112	4,2	154,106	187	99	0.913187384599	1.0	0.005,0.019	0.014,0.01	0.0
4940	"ENSG00000196839.8"	"ADA"	chr20	-	43251469	43251719	43251469	43251571	43251647	43251719	4940	3,5	20,5	4,2	17,11	174	99	0.568965913125	1.0	0.079,0.363	0.118,0.094	0.115
4941	"ENSG00000196839.8"	"ADA"	chr20	-	43248939	43249788	43248939	43249042	43249658	43249788	4941	0,1	7,1	1,0	20,12	197	99	0.260028402959	1.0	0.0,0.334	0.025,0.0	0.154
4943	"ENSG00000185088.8"	"RPS27L"	chr15	-	63448611	63449676	63448611	63448720	63449573	63449676	4943	0,3	0,1	2,2	0,0	197	99	1	1.0	NA,0.601	1.0,1.0	-0.399
4944	"ENSG00000186141.4"	"POLR3C"	chr1	-	145608403	145608659	145608403	145608507	145608620	145608659	4944	161,69	35,20	63,45	12,10	197	99	0.622790264775	1.0	0.698,0.634	0.725,0.693	-0.043
4947	"ENSG00000241852.5"	"C8orf58"	chr8	+	22459484	22459825	22459484	22459593	22459712	22459825	4947	0,3	2,7	1,1	5,3	197	99	0.730564284049	1.0	0.0,0.177	0.091,0.143	-0.028
4949	"ENSG00000163161.8"	"ERCC3"	chr2	-	128046912	128047400	128046912	128047077	128047264	128047400	4949	60,56	113,107	36,24	60,48	197	99	0.783112123237	1.0	0.211,0.208	0.232,0.201	-0.007
494	"ENSG00000071894.10"	"CPSF1"	chr8	-	145625381	145625670	145625381	145625475	145625559	145625670	494	0,3	104,162	2,1	141,104	182	99	1	1.0	0.0,0.01	0.008,0.005	-0.002
4950	"ENSG00000163161.8"	"ERCC3"	chr2	-	128046912	128047400	128046912	128047095	128047264	128047400	4950	64,42	2,17	33,23	4,2	197	99	0.914818349618	1.0	0.941,0.554	0.806,0.852	-0.081
4952	"ENSG00000111261.9"	"MANSC1"	chr12	-	12496025	12496348	12496025	12496107	12496209	12496348	4952	17,31	3,0	16,14	1,1	197	99	0.613941506696	1.0	0.74,1.0	0.889,0.876	-0.013
4954	"ENSG00000089053.8"	"ANAPC5"	chr12	-	121756079	121756411	121756079	121756227	121756303	121756411	4954	50,61	454,232	67,46	355,291	174	99	0.826036519257	1.0	0.059,0.13	0.097,0.083	0.005
4955	"ENSG00000089053.8"	"ANAPC5"	chr12	-	121756079	121756411	121756079	121756207	121756303	121756411	4955	418,248	12,12	380,305	13,7	194	99	0.521256561944	1.0	0.947,0.913	0.937,0.957	-0.017
4956	"ENSG00000089053.8"	"ANAPC5"	chr12	-	121756079	121756411	121756079	121756154	121756303	121756411	4956	165,100	0,2	148,104	1,1	197	99	0.968805582873	1.0	1.0,0.962	0.987,0.981	-0.003
4959	"ENSG00000135452.5"	"TSPAN31"	chr12	+	58139958	58140503	58139958	58140039	58140375	58140503	4959	41,27	1,3	28,21	2,1	197	99	0.719103131206	1.0	0.954,0.819	0.876,0.913	-0.008
495	"ENSG00000071894.10"	"CPSF1"	chr8	-	145619097	145619375	145619097	145619253	145619327	145619375	495	22,27	98,118	22,15	98,71	172	99	0.969813582202	1.0	0.114,0.116	0.114,0.108	0.004
4960	"ENSG00000135452.5"	"TSPAN31"	chr12	+	58139958	58140503	58139958	58140039	58140371	58140503	4960	4,4	38,24	4,4	25,18	197	99	0.469244771003	1.0	0.05,0.077	0.074,0.1	-0.023
4961	"ENSG00000110958.11"	"PTGES3"	chr12	-	57059415	57060050	57059415	57059571	57059987	57060050	4961	3,20	0,1	10,9	0,0	197	99	1	1.0	1.0,0.91	1.0,1.0	-0.045
4962	"ENSG00000185686.13"	"PRAME"	chr22	-	22899231	22900000	22899231	22899329	22899964	22900000	4962	2720,3050	1076,995	1785,1474	613,509	197	99	0.701057485075	1.0	0.56,0.606	0.594,0.593	-0.01
4965	"ENSG00000185686.13"	"PRAME"	chr22	-	22899231	22900000	22899231	22899312	22899964	22900000	4965	587,3563	1,8	1168,1148	3,3	197	99	1	1.0	0.997,0.996	0.995,0.995	0.001
4967	"ENSG00000185686.13"	"PRAME"	chr22	-	22899231	22900000	22899231	22899430	22899964	22900000	4967	153,822	2,0	504,511	1,1	197	99	0.891262183629	1.0	0.975,1.0	0.996,0.996	-0.008
4968	"ENSG00000185686.13"	"PRAME"	chr22	-	22899231	22900000	22899231	22899397	22899964	22900000	4968	996,402	8,7	825,673	12,7	197	99	0.695563674701	1.0	0.984,0.967	0.972,0.98	-0.0
4969	"ENSG00000185686.13"	"PRAME"	chr22	-	22895353	22895476	22895353	22895372	22895448	22895476	4969	2,0	0,0	3,4	1,1	174	99	1	1.0	1.0,NA	0.631,0.695	0.337
4971	"ENSG00000116586.7"	"LAMTOR2"	chr1	+	156024875	156025216	156024875	156024909	156025053	156025216	4971	2,11	2,0	4,5	0,0	197	99	1	1.0	0.334,1.0	1.0,1.0	-0.333
4972	"ENSG00000126456.11"	"IRF3"	chr19	-	50166444	50166771	50166444	50166515	50166599	50166771	4972	29,14	113,49	18,14	85,64	182	99	0.468465785053	1.0	0.122,0.135	0.103,0.106	0.024
4976	"ENSG00000170949.13"	"ZNF160"	chr19	-	53594665	53594973	53594665	53594806	53594889	53594973	4976	13,17	4,4	10,7	2,1	181	99	0.815596392658	1.0	0.64,0.699	0.732,0.793	-0.093
4977	"ENSG00000170949.13"	"ZNF160"	chr19	-	53594665	53594973	53594665	53594782	53594889	53594973	4977	14,19	5,0	14,10	2,1	197	99	0.719914326993	1.0	0.585,1.0	0.779,0.834	-0.014
4978	"ENSG00000170949.13"	"ZNF160"	chr19	-	53594665	53594973	53594665	53594750	53594889	53594973	4978	9,5	1,0	6,7	0,0	197	99	1	1.0	0.819,1.0	1.0,1.0	-0.091
4982	"ENSG00000187838.12"	"TMEM256-PLSCR3"	chr17	-	7296919	7297586	7296919	7297155	7297422	7297586	4982	3,3	20,32	4,3	29,16	197	99	0.629709915388	1.0	0.07,0.045	0.065,0.086	-0.018
4983	"ENSG00000187838.12"	"TMEM256-PLSCR3"	chr17	-	7296462	7296828	7296462	7296683	7296785	7296828	4983	1,3	7,5	1,1	3,3	197	99	0.660089886458	1.0	0.067,0.232	0.143,0.143	0.007
4986	"ENSG00000161010.10"	"C5orf45"	chr5	-	179264275	179267959	179264275	179264885	179267871	179267959	4986	40,32	12,13	30,21	6,4	197	99	0.212826218693	1.0	0.626,0.553	0.715,0.725	-0.13
498	"ENSG00000071894.10"	"CPSF1"	chr8	-	145619448	145619770	145619448	145619515	145619602	145619770	498	116,103	6,12	120,88	7,5	185	99	0.42478593475	1.0	0.912,0.821	0.902,0.904	-0.036
4991	"ENSG00000161243.4"	"FBXO27"	chr19	-	39521668	39521960	39521668	39521764	39521848	39521960	4991	3,1	22,9	0,0	9,8	182	99	0.392041001105	1.0	0.069,0.057	0.0,0.0	0.063
4994	"ENSG00000164631.14"	"ZNF12"	chr7	-	6728063	6732334	6728063	6732118	6732232	6732334	4994	99,56	2,2	79,59	2,1	197	99	0.922049138194	1.0	0.961,0.934	0.952,0.967	-0.012
4998	"ENSG00000160688.14"	"FLAD1"	chr1	+	154962634	154963004	154962634	154962733	154962814	154963004	4998	29,15	67,25	17,12	29,21	179	99	0.537582121469	1.0	0.193,0.249	0.245,0.24	-0.021
499	"ENSG00000071894.10"	"CPSF1"	chr8	-	145619448	145619770	145619448	145619515	145619593	145619770	499	14,28	73,144	19,11	99,69	176	99	0.8149946932	1.0	0.097,0.099	0.097,0.082	0.009
49	"ENSG00000026036.16"	"RTEL1-TNFRSF6B"	chr20	+	62323094	62324356	62323094	62323190	62324157	62324356	49	3,6	18,30	5,4	22,15	197	99	0.587567843132	1.0	0.077,0.091	0.103,0.118	-0.026
5001	"ENSG00000166888.6"	"STAT6"	chr12	-	57499250	57500122	57499250	57499382	57499973	57500122	5001	9,15	29,26	8,6	19,15	197	99	0.887712395928	1.0	0.135,0.225	0.175,0.167	0.009
5009	"ENSG00000142731.6"	"PLK4"	chr4	+	128804416	128804625	128804416	128804512	128804616	128804625	5009	1,9	1,0	5,4	0,0	197	99	1	1.0	0.334,1.0	1.0,1.0	-0.333
500	"ENSG00000071894.10"	"CPSF1"	chr8	-	145625559	145625887	145625559	145625687	145625747	145625887	500	6,7	2,0	4,3	0,0	158	99	1	1.0	0.653,1.0	1.0,1.0	-0.173
5010	"ENSG00000142731.6"	"PLK4"	chr4	+	128804416	128804625	128804416	128804512	128804612	128804625	5010	9,14	0,1	10,9	0,0	197	99	1	1.0	1.0,0.876	1.0,1.0	-0.062
5012	"ENSG00000131876.12"	"SNRPA1"	chr15	-	101825930	101827215	101825930	101826006	101827112	101827215	5012	92,78	20,24	80,52	23,13	197	99	0.86854851637	1.0	0.698,0.62	0.636,0.668	0.007
5014	"ENSG00000185340.11"	"GAS2L1"	chr22	+	29706816	29708083	29706816	29706988	29707964	29708083	5014	4,50	2,0	7,7	0,0	197	99	1	1.0	0.501,1.0	1.0,1.0	-0.25
5017	"ENSG00000154743.13"	"TSEN2"	chr3	+	12544760	12545283	12544760	12544968	12545145	12545283	5017	139,134	4,4	99,76	1,1	197	99	0.523775967447	1.0	0.946,0.944	0.98,0.974	-0.032
5019	"ENSG00000154743.13"	"TSEN2"	chr3	+	12571260	12572512	12571260	12571372	12572353	12572512	5019	8,20	2,0	6,5	0,0	197	99	1	1.0	0.668,1.0	1.0,1.0	-0.166
5021	"ENSG00000085999.7"	"RAD54L"	chr1	+	46714070	46714295	46714070	46714080	46714183	46714295	5021	1,1	33,61	1,1	32,34	197	99	0.639361338339	1.0	0.015,0.008	0.015,0.015	-0.003
5022	"ENSG00000179222.13"	"MAGED1"	chrX	+	51644648	51645450	51644648	51645034	51645241	51645450	5022	3,3	29,25	4,3	29,18	197	99	0.635755688733	1.0	0.049,0.057	0.065,0.077	-0.018
5023	"ENSG00000179222.13"	"MAGED1"	chrX	+	51640890	51641289	51640890	51640982	51641209	51641289	5023	2,1	20,52	1,1	31,21	197	99	0.917885488677	1.0	0.048,0.01	0.016,0.023	0.01
5025	"ENSG00000172771.7"	"EFCAB12"	chr3	-	129121365	129123246	129121365	129121421	129123091	129123246	5025	3,3	0,1	2,1	1,1	197	99	0.507389616468	1.0	1.0,0.601	0.501,0.334	0.383
5026	"ENSG00000172771.7"	"EFCAB12"	chr3	-	129130000	129134244	129130000	129130197	129134087	129134244	5026	0,0	0,6	1,1	2,1	197	99	1	1.0	NA,0.0	0.201,0.334	-0.268
5028	"ENSG00000214706.6"	"IFRD2"	chr3	-	50327359	50327725	50327359	50327517	50327600	50327725	5028	2,0	12,30	3,2	23,15	181	99	0.329597723926	1.0	0.084,0.0	0.067,0.068	-0.026
5029	"ENSG00000214706.6"	"IFRD2"	chr3	-	50327600	50328110	50327600	50327725	50327990	50328110	5029	13,18	1,6	11,7	3,2	197	99	0.752709519145	1.0	0.867,0.601	0.648,0.638	0.091
5033	"ENSG00000112787.8"	"FBRSL1"	chr12	+	133150904	133151150	133150904	133150934	133151078	133151150	5033	2,3	81,82	2,1	63,46	197	99	0.846401314098	1.0	0.012,0.018	0.016,0.011	0.001
5034	"ENSG00000112137.12"	"PHACTR1"	chr6	+	13272988	13273147	13272988	13273010	13273091	13273147	5034	148,78	2,0	71,72	2,1	179	99	0.337006928893	1.0	0.976,1.0	0.952,0.976	0.024
5035	"ENSG00000198919.8"	"DZIP3"	chr3	+	108366789	108367809	108366789	108366959	108367764	108367809	5035	9,10	34,6	5,4	12,11	197	99	0.673606767237	1.0	0.117,0.456	0.173,0.155	0.123
5039	"ENSG00000161970.8"	"RPL26"	chr17	-	8286092	8286511	8286092	8286316	8286474	8286511	5039	10,44	0,6	19,20	1,0	197	99	0.447053800765	1.0	1.0,0.787	0.905,1.0	-0.059
5040	"ENSG00000212694.4"	"AC084018.1"	chr12	-	122233172	122234148	122233172	122233632	122234096	122234148	5040	155,196	1,5	120,85	3,2	197	99	0.458050925323	1.0	0.987,0.952	0.953,0.955	0.016
5043	"ENSG00000126012.7"	"KDM5C"	chrX	-	53227671	53228070	53227671	53227819	53227945	53228070	5043	56,59	117,109	57,43	99,77	197	99	0.573586886535	1.0	0.194,0.214	0.224,0.219	-0.017
5044	"ENSG00000126012.7"	"KDM5C"	chrX	-	53227671	53228070	53227671	53227819	53228021	53228070	5044	152,116	1,0	95,104	1,1	197	99	0.46010841666	1.0	0.987,1.0	0.979,0.981	0.014
5045	"ENSG00000090316.11"	"MAEA"	chr4	+	1330648	1332405	1330648	1330695	1332209	1332405	5045	66,45	0,1	25,22	0,0	197	99	1	1.0	1.0,0.958	1.0,1.0	-0.021
5047	"ENSG00000090316.11"	"MAEA"	chr4	+	1330648	1332405	1330648	1330782	1332209	1332405	5047	31,23	80,114	19,10	77,54	197	99	0.456875297792	1.0	0.163,0.092	0.11,0.085	0.03
5048	"ENSG00000090316.11"	"MAEA"	chr4	+	1330648	1332405	1330648	1330782	1332213	1332405	5048	105,128	0,3	89,63	1,1	197	99	0.789716603	1.0	1.0,0.955	0.978,0.969	0.004
5052	"ENSG00000185000.5"	"DGAT1"	chr8	-	145540684	145540915	145540684	145540772	145540849	145540915	5052	30,52	51,67	44,29	49,28	175	99	0.186407463651	1.0	0.25,0.305	0.337,0.369	-0.076
5060	"ENSG00000016864.12"	"GLT8D1"	chr3	-	52729205	52730056	52729205	52729318	52729943	52730056	5060	4,44	0,1	21,17	0,1	197	99	1	1.0	1.0,0.957	1.0,0.895	0.031
5064	"ENSG00000124782.15"	"RREB1"	chr6	+	7181356	7182315	7181356	7181479	7182102	7182315	5064	26,4	41,27	13,9	33,22	197	99	0.922494023364	1.0	0.242,0.069	0.165,0.171	-0.013
5065	"ENSG00000124782.15"	"RREB1"	chr6	+	7181356	7182315	7181356	7181522	7182102	7182315	5065	17,6	0,1	6,8	0,0	197	99	1	1.0	1.0,0.751	1.0,1.0	-0.125
5067	"ENSG00000104731.9"	"KLHDC4"	chr16	-	87788799	87790083	87788799	87788898	87790027	87790083	5067	134,100	5,16	78,58	6,4	197	99	0.905015684362	1.0	0.931,0.759	0.867,0.879	-0.028
5074	"ENSG00000120008.11"	"WDR11"	chr10	+	122665387	122666367	122665387	122665533	122666287	122666367	5074	10,15	50,22	16,11	32,23	197	99	0.454841612712	1.0	0.091,0.255	0.201,0.194	-0.025
5075	"ENSG00000120008.11"	"WDR11"	chr10	+	122648589	122649521	122648589	122648696	122649406	122649521	5075	0,1	53,61	2,1	47,34	197	99	0.240508970165	1.0	0.0,0.008	0.021,0.015	-0.014
5076	"ENSG00000144895.7"	"EIF2A"	chr3	+	150285688	150285833	150285688	150285716	150285803	150285833	5076	247,323	2,2	405,349	4,3	185	99	0.866585484115	1.0	0.985,0.989	0.982,0.984	0.004
5077	"ENSG00000144895.7"	"EIF2A"	chr3	+	150285688	150285833	150285688	150285716	150285799	150285833	5077	229,303	8,4	379,325	7,5	181	99	0.480810104027	1.0	0.94,0.976	0.967,0.973	-0.012
5079	"ENSG00000137154.8"	"RPS6"	chr9	-	19378771	19379616	19378771	19378800	19379498	19379616	5079	3947,2818	1,6	2472,2197	2,1	197	99	1	1.0	0.999,0.996	0.998,0.999	-0.001
5081	"ENSG00000137154.8"	"RPS6"	chr9	-	19378771	19379616	19378771	19378800	19379484	19379616	5081	2906,1698	0,0	2337,1915	5,2	197	99	1	1.0	1.0,1.0	0.996,0.998	0.003
5082	"ENSG00000142733.10"	"MAP3K6"	chr1	-	27683080	27683605	27683080	27683240	27683499	27683605	5082	4,7	12,5	11,5	14,10	197	99	0.884621574333	1.0	0.143,0.413	0.283,0.201	0.036
5087	"ENSG00000099917.13"	"MED15"	chr22	+	20909222	20909435	20909222	20909282	20909363	20909435	5087	145,157	1,4	160,101	3,1	179	99	0.964253986237	1.0	0.988,0.956	0.967,0.982	-0.002
5088	"ENSG00000099917.13"	"MED15"	chr22	+	20939387	20940090	20939387	20939554	20940022	20940090	5088	136,964	0,2	161,225	0,0	197	99	1	1.0	1.0,0.996	1.0,1.0	-0.002
5089	"ENSG00000099917.13"	"MED15"	chr22	+	20939141	20939554	20939141	20939302	20939387	20939554	5089	0,32	250,304	18,9	274,184	183	99	0.849767256355	1.0	0.0,0.054	0.034,0.026	-0.003
5090	"ENSG00000099917.13"	"MED15"	chr22	+	20939141	20939554	20939141	20939302	20939519	20939554	5090	177,670	3,0	252,249	0,0	197	99	0.718833284383	1.0	0.967,1.0	1.0,1.0	-0.016
5092	"ENSG00000135535.10"	"CD164"	chr6	-	109687716	109690220	109687716	109689528	109690124	109690220	5092	544,855	1,3	558,430	2,1	197	99	1	1.0	0.996,0.993	0.993,0.995	0.0
5094	"ENSG00000197415.7"	"VEPH1"	chr3	-	157177410	157178144	157177410	157177715	157177969	157178144	5094	1,4	2,1	1,1	1,0	197	99	0.452146775656	1.0	0.201,0.668	0.334,1.0	-0.233
5097	"ENSG00000234741.3"	"GAS5"	chr1	-	173834366	173834685	173834366	173834438	173834608	173834685	5097	165,258	0,0	281,258	2,1	197	99	0.430369209596	1.0	1.0,1.0	0.986,0.992	0.011
5098	"ENSG00000234741.3"	"GAS5"	chr1	-	173834366	173834685	173834366	173834420	173834608	173834685	5098	61,164	141,188	288,230	467,301	197	99	0.740389630431	1.0	0.179,0.305	0.237,0.277	-0.015
5099	"ENSG00000234741.3"	"GAS5"	chr1	-	173833038	173833442	173833038	173833213	173833394	173833442	5099	78,97	497,901	152,126	1342,873	197	99	0.95638215056	1.0	0.073,0.051	0.054,0.068	0.001
509	"ENSG00000183856.6"	"IQGAP3"	chr1	-	156495196	156496391	156495196	156495344	156496014	156496391	509	152,148	0,0	202,127	1,1	197	99	0.421444790813	1.0	1.0,1.0	0.99,0.985	0.012
50	"ENSG00000105819.9"	"PMPCB"	chr7	+	102952502	102952798	102952502	102952578	102952664	102952798	50	233,280	0,1	91,127	0,0	184	99	1	1.0	1.0,0.993	1.0,1.0	-0.004
5100	"ENSG00000234741.3"	"GAS5"	chr1	-	173833039	173833442	173833039	173833236	173833394	173833442	5100	59,74	0,1	78,58	1,1	197	99	0.838134852825	1.0	1.0,0.974	0.975,0.967	0.016
5102	"ENSG00000234741.3"	"GAS5"	chr1	-	173833394	173834420	173833394	173833442	173834366	173834420	5102	53,73	2,0	137,110	4,3	197	99	0.735320025516	1.0	0.93,1.0	0.945,0.949	0.018
5104	"ENSG00000234741.3"	"GAS5"	chr1	-	173833621	173833842	173833621	173833644	173833812	173833842	5104	265,412	447,1262	483,387	1433,908	197	99	0.321728735486	1.0	0.23,0.141	0.145,0.176	0.025
5106	"ENSG00000234741.3"	"GAS5"	chr1	-	173835665	173835934	173835665	173835730	173835898	173835934	5106	7,151	0,0	341,422	2,1	197	99	0.778145264448	1.0	1.0,1.0	0.988,0.995	0.008
5109	"ENSG00000234741.3"	"GAS5"	chr1	-	173835665	173835934	173835665	173835705	173835898	173835934	5109	235,295	512,1659	505,404	2286,1576	197	99	0.265872256377	1.0	0.187,0.082	0.1,0.114	0.027
5111	"ENSG00000167526.9"	"RPL13"	chr16	+	89627634	89628159	89627634	89627776	89627985	89628159	5111	32,47	2230,2205	34,19	2209,1481	197	99	0.926718724918	1.0	0.007,0.011	0.008,0.006	0.002
5113	"ENSG00000167526.9"	"RPL13"	chr16	+	89627985	89628159	89627985	89628006	89628147	89628159	5113	1905,13420	25,198	9798,7275	173,114	197	99	0.310435589802	1.0	0.975,0.971	0.966,0.97	0.005
5114	"ENSG00000167526.9"	"RPL13"	chr16	+	89627118	89627471	89627118	89627247	89627347	89627471	5114	64,74	3,1	32,24	2,1	197	99	0.302398146512	1.0	0.915,0.974	0.889,0.923	0.038
5115	"ENSG00000167526.9"	"RPL13"	chr16	+	89627347	89627776	89627347	89627471	89627634	89627776	5115	5,19	1344,2298	8,3	1746,1108	197	99	1	1.0	0.002,0.004	0.002,0.001	0.002
5117	"ENSG00000116871.11"	"MAP7D1"	chr1	+	36641799	36642182	36641799	36641922	36642018	36642182	5117	4,10	4,1	6,4	3,2	194	99	0.752843652603	1.0	0.338,0.836	0.505,0.505	0.082
5118	"ENSG00000167272.6"	"POP5"	chr12	-	121017316	121017798	121017316	121017400	121017562	121017798	5118	27,14	2,0	7,8	0,0	197	99	1	1.0	0.872,1.0	1.0,1.0	-0.064
5120	"ENSG00000167272.6"	"POP5"	chr12	-	121017316	121017726	121017316	121017400	121017576	121017726	5120	29,39	59,75	15,10	30,25	197	99	0.88808976853	1.0	0.198,0.207	0.201,0.167	0.019
5122	"ENSG00000158286.8"	"RNF207"	chr1	+	6272741	6273243	6272741	6272793	6273125	6273243	5122	86,43	1,1	57,42	2,2	197	99	0.337699041805	1.0	0.977,0.956	0.935,0.913	0.042
5126	"ENSG00000165792.13"	"METTL17"	chr14	+	21461276	21462222	21461276	21461350	21462139	21462222	5126	170,123	0,1	63,68	0,0	197	99	0.714500526716	1.0	1.0,0.984	1.0,1.0	-0.008
5128	"ENSG00000165792.13"	"METTL17"	chr14	+	21458388	21458757	21458388	21458542	21458622	21458757	5128	9,18	93,186	13,9	120,97	178	99	0.862960838883	1.0	0.051,0.051	0.057,0.049	-0.002
5129	"ENSG00000165792.13"	"METTL17"	chr14	+	21462952	21463392	21462952	21463060	21463323	21463392	5129	61,120	50,104	110,74	73,55	197	99	0.303630060314	1.0	0.38,0.367	0.431,0.403	-0.044
512	"ENSG00000103507.9"	"BCKDK"	chr16	+	31121721	31122540	31121721	31121820	31122411	31122540	512	8,0	0,0	9,6	1,0	197	99	1	1.0	1.0,NA	0.819,1.0	0.091
5131	"ENSG00000165792.13"	"METTL17"	chr14	+	21461276	21462222	21461276	21461331	21462127	21462222	5131	62,111	1,7	92,70	2,1	197	99	0.290239838878	1.0	0.969,0.889	0.959,0.972	-0.036
5135	"ENSG00000170175.6"	"CHRNB1"	chr17	+	7350361	7350969	7350361	7350470	7350821	7350969	5135	2,1	0,1	5,2	3,1	197	99	0.346682268012	1.0	1.0,0.334	0.456,0.501	0.189
5136	"ENSG00000170175.6"	"CHRNB1"	chr17	+	7349387	7350261	7349387	7349432	7350151	7350261	5136	3,1	1,0	2,1	2,1	197	99	0.362596694535	1.0	0.601,1.0	0.334,0.334	0.466
5140	"ENSG00000144635.4"	"DYNC1LI1"	chr3	-	32611837	32612350	32611837	32611911	32612116	32612350	5140	1,2	29,73	2,1	47,34	197	99	0.752041861823	1.0	0.017,0.014	0.021,0.015	-0.003
5141	"ENSG00000144635.4"	"DYNC1LI1"	chr3	-	32571775	32574589	32571775	32571820	32574477	32574589	5141	0,1	2,1	4,2	1,1	197	99	0.287068742097	1.0	0.0,0.334	0.668,0.501	-0.417
5142	"ENSG00000110011.9"	"DNAJC4"	chr11	+	64001365	64001753	64001365	64001452	64001544	64001753	5142	72,51	13,14	61,42	16,10	190	99	0.702572127223	1.0	0.743,0.655	0.665,0.686	0.024
5143	"ENSG00000135945.5"	"REV1"	chr2	-	100018706	100019263	100018706	100018809	100019106	100019263	5143	13,24	15,28	13,8	19,14	197	99	0.467346283026	1.0	0.303,0.301	0.256,0.223	0.063
5145	"ENSG00000167524.10"	"SGK494"	chr17	-	26938410	26938674	26938410	26938499	26938584	26938674	5145	50,33	3,4	30,22	3,2	183	99	0.78178445769	1.0	0.9,0.817	0.844,0.856	0.009
5146	"ENSG00000234545.3"	"FAM133B"	chr7	-	92206968	92207496	92206968	92207031	92207463	92207496	5146	35,24	86,95	23,17	62,52	197	99	0.731205420917	1.0	0.17,0.113	0.157,0.141	-0.007
5147	"ENSG00000234545.3"	"FAM133B"	chr7	-	92206968	92207496	92206968	92206990	92207463	92207496	5147	106,123	17,3	82,65	12,8	197	99	0.2342425938	1.0	0.758,0.954	0.774,0.803	0.068
5149	"ENSG00000219200.6"	"RNASEK"	chr17	+	6915964	6917061	6915964	6916096	6916984	6917061	5149	29,49	0,2	22,14	2,1	197	99	0.184390995173	1.0	1.0,0.925	0.847,0.876	0.101
5150	"ENSG00000095015.5"	"MAP3K1"	chr5	+	56183204	56184184	56183204	56183347	56184052	56184184	5150	1,3	27,11	2,1	10,8	197	99	0.493850805292	1.0	0.018,0.121	0.091,0.059	-0.006
5153	"ENSG00000125826.15"	"RBCK1"	chr20	+	409134	409738	409134	409233	409594	409738	5153	10,1	13,13	6,4	12,9	197	99	0.721071836694	1.0	0.279,0.037	0.201,0.183	-0.034
5155	"ENSG00000186652.5"	"PRG2"	chr11	-	57156049	57156790	57156049	57156181	57156515	57156790	5155	62,134	1,6	82,39	3,1	197	99	0.917899076634	1.0	0.969,0.918	0.932,0.951	0.002
5157	"ENSG00000105483.12"	"CARD8"	chr19	-	48735709	48737800	48735709	48735750	48737659	48737800	5157	18,39	11,11	13,9	8,5	197	99	0.418795299023	1.0	0.451,0.641	0.45,0.475	0.084
5158	"ENSG00000105483.12"	"CARD8"	chr19	-	48735709	48737800	48735709	48736046	48737659	48737800	5158	1,40	1,0	6,8	0,0	197	99	1	1.0	0.334,1.0	1.0,1.0	-0.333
515	"ENSG00000197114.7"	"ZGPAT"	chr20	+	62364938	62366176	62364938	62365091	62366056	62366176	515	16,12	25,31	15,10	22,17	197	99	0.502291144451	1.0	0.243,0.163	0.255,0.228	-0.038
5160	"ENSG00000005955.8"	"GGNBP2"	chr17	+	34934412	34935849	34934412	34934622	34935674	34935849	5160	4,3	6,4	4,2	7,5	197	99	0.659744631755	1.0	0.251,0.274	0.223,0.167	0.068
5162	"ENSG00000213658.6"	"LAT"	chr16	+	28997860	28998035	28997860	28997890	28997977	28998035	5162	0,1	11,13	1,1	5,5	185	99	0.193240355784	1.0	0.0,0.04	0.097,0.097	-0.077
5164	"ENSG00000182670.9"	"TTC3"	chr21	+	38460132	38460646	38460132	38460175	38460495	38460646	5164	0,0	56,11	1,1	31,23	197	99	0.269896672046	1.0	0.0,0.0	0.016,0.021	-0.019
5165	"ENSG00000223756.2"	"TSSC2"	chr11	+	3427728	3428927	3427728	3427945	3428851	3428927	5165	19,2	19,8	29,18	31,18	197	99	0.557674416773	1.0	0.334,0.112	0.32,0.334	-0.104
5167	"ENSG00000223756.2"	"TSSC2"	chr11	+	3427728	3428927	3427728	3427927	3428851	3428927	5167	45,8	11,0	60,35	16,10	197	99	0.54019256925	1.0	0.673,1.0	0.653,0.638	0.191
5169	"ENSG00000223756.2"	"TSSC2"	chr11	+	3427728	3428927	3427728	3427790	3428851	3428927	5169	29,0	0,0	41,31	1,0	197	99	1	1.0	1.0,NA	0.954,1.0	0.023
516	"ENSG00000197114.7"	"ZGPAT"	chr20	+	62364938	62366176	62364938	62365091	62365996	62366176	516	6,15	0,2	12,8	1,1	197	99	0.920482362003	1.0	1.0,0.79	0.858,0.801	0.066
5170	"ENSG00000130844.12"	"ZNF331"	chr19	+	54024277	54025338	54024277	54024490	54025109	54025338	5170	1,5	0,1	2,2	0,0	197	99	1	1.0	1.0,0.715	1.0,1.0	-0.143
5171	"ENSG00000111615.8"	"KRR1"	chr12	-	75899943	75900389	75899943	75900140	75900263	75900389	5171	10,78	0,2	21,28	0,0	197	99	1	1.0	1.0,0.951	1.0,1.0	-0.024
5177	"ENSG00000079616.8"	"KIF22"	chr16	+	29810584	29811102	29810584	29810815	29810948	29811102	5177	13,14	410,583	14,9	366,281	197	99	0.363153938588	1.0	0.016,0.012	0.019,0.016	-0.004
5183	"ENSG00000189339.7"	"SLC35E2B"	chr1	-	1601102	1601578	1601102	1601175	1601475	1601578	5183	48,9	1,8	49,34	3,2	197	99	0.293045858865	1.0	0.96,0.361	0.891,0.895	-0.233
5185	"ENSG00000113161.11"	"HMGCR"	chr5	+	74646892	74647435	74646892	74647140	74647341	74647435	5185	207,114	1,0	275,229	3,2	197	99	0.658504284118	1.0	0.99,1.0	0.979,0.983	0.014
5187	"ENSG00000228106.1"	"RP11-452F19.3"	chr1	+	223010337	223010726	223010337	223010408	223010560	223010726	5187	21,28	2,2	9,6	1,1	197	99	0.417448032196	1.0	0.841,0.876	0.819,0.751	0.074
5188	"ENSG00000228106.1"	"RP11-452F19.3"	chr1	+	223010337	223010726	223010337	223010432	223010560	223010726	5188	26,16	0,1	4,4	0,0	197	99	1	1.0	1.0,0.889	1.0,1.0	-0.055
5189	"ENSG00000198755.6"	"RPL10A"	chr6	+	35436575	35436804	35436575	35436650	35436723	35436804	5189	4,31	3145,1983	13,8	2753,2318	171	99	1	1.0	0.001,0.009	0.003,0.002	0.002
518	"ENSG00000197114.7"	"ZGPAT"	chr20	+	62364938	62366176	62364938	62365156	62366056	62366176	518	19,14	0,2	19,12	1,1	197	99	0.694139843495	1.0	1.0,0.779	0.905,0.858	0.008
5191	"ENSG00000198755.6"	"RPL10A"	chr6	+	35436723	35437306	35436723	35436804	35437091	35437306	5191	300,404	1,0	135,137	0,0	197	99	1	1.0	0.993,1.0	1.0,1.0	-0.004
5192	"ENSG00000198755.6"	"RPL10A"	chr6	+	35436723	35437306	35436723	35436804	35437212	35437306	5192	6018,4218	0,1	4841,3774	5,3	197	99	1	1.0	1.0,1.0	0.998,0.998	0.002
5194	"ENSG00000198755.6"	"RPL10A"	chr6	+	35436196	35436650	35436196	35436216	35436575	35436650	5194	14,27	1582,1191	23,13	1633,1278	197	99	0.871410797432	1.0	0.004,0.011	0.007,0.005	0.001
5195	"ENSG00000198755.6"	"RPL10A"	chr6	+	35436196	35436650	35436196	35436216	35436578	35436650	5195	538,3206	1,0	741,939	1,1	197	99	1	1.0	0.996,1.0	0.997,0.998	0.0
5196	"ENSG00000198755.6"	"RPL10A"	chr6	+	35436196	35436650	35436196	35436373	35436575	35436650	5196	18,16	7,0	37,18	2,2	197	99	0.406666090825	1.0	0.564,1.0	0.903,0.819	-0.079
5197	"ENSG00000198755.6"	"RPL10A"	chr6	+	35436723	35437306	35436723	35437062	35437157	35437306	5197	207,255	45,53	265,185	50,29	193	99	0.323680502869	1.0	0.702,0.712	0.731,0.766	-0.041
5199	"ENSG00000137496.13"	"IL18BP"	chr11	+	71712829	71713572	71712829	71712994	71713349	71713572	5199	46,87	0,4	41,34	0,0	197	99	0.444811482648	1.0	1.0,0.916	1.0,1.0	-0.042
519	"ENSG00000197114.7"	"ZGPAT"	chr20	+	62364938	62366176	62364938	62365064	62366056	62366176	519	38,37	8,7	42,32	5,4	197	99	0.321950922801	1.0	0.705,0.726	0.808,0.801	-0.089
5204	"ENSG00000125676.15"	"THOC2"	chrX	-	122753251	122754029	122753251	122753287	122753966	122754029	5204	27,40	2,1	21,18	0,0	197	99	1	1.0	0.872,0.953	1.0,1.0	-0.088
5205	"ENSG00000204356.7"	"NELFE"	chr6	-	31924469	31924787	31924469	31924615	31924732	31924787	5205	127,264	0,3	242,188	1,1	197	99	0.656976406457	1.0	1.0,0.978	0.992,0.99	-0.002
5207	"ENSG00000204356.7"	"NELFE"	chr6	-	31922331	31922873	31922331	31922579	31922835	31922873	5207	41,168	0,3	241,182	3,1	197	99	0.438712617761	1.0	1.0,0.966	0.976,0.989	0.001
5209	"ENSG00000204356.7"	"NELFE"	chr6	-	31922331	31922873	31922331	31922654	31922835	31922873	5209	0,87	4,25	117,92	34,22	197	99	0.230967751942	1.0	0.0,0.636	0.634,0.678	-0.338
520	"ENSG00000137100.11"	"DCTN3"	chr9	-	34614706	34617968	34614706	34614765	34617881	34617968	520	6,4	2,10	5,2	10,5	197	99	0.481364667535	1.0	0.601,0.167	0.201,0.167	0.2
5211	"ENSG00000127980.11"	"PEX1"	chr7	-	92122266	92123710	92122266	92122443	92123606	92123710	5211	9,26	27,23	10,8	20,13	197	99	0.710031980189	1.0	0.143,0.362	0.201,0.236	0.034
5213	"ENSG00000127980.11"	"PEX1"	chr7	-	92118606	92119108	92118606	92118737	92119072	92119108	5213	16,68	1,0	19,21	0,0	197	99	1	1.0	0.889,1.0	1.0,1.0	-0.055
5214	"ENSG00000172262.7"	"ZNF131"	chr5	+	43067682	43067888	43067682	43067736	43067833	43067888	5214	12,4	0,1	3,3	0,0	195	99	1	1.0	1.0,0.67	1.0,1.0	-0.165
5218	"ENSG00000134222.12"	"PSRC1"	chr1	-	109823398	109823873	109823398	109823668	109823758	109823873	5218	38,47	129,80	61,34	125,74	188	99	0.53713368065	1.0	0.134,0.236	0.204,0.195	-0.015
5219	"ENSG00000134222.12"	"PSRC1"	chr1	-	109825301	109825744	109825301	109825411	109825695	109825744	5219	94,42	3,1	102,76	2,2	197	99	0.666876081526	1.0	0.94,0.955	0.962,0.95	-0.008
521	"ENSG00000158669.7"	"AGPAT6"	chr8	+	41455810	41456823	41455810	41455995	41456752	41456823	521	261,299	1,8	225,162	6,5	197	99	0.21293584187	1.0	0.992,0.949	0.95,0.942	0.024
5220	"ENSG00000134222.12"	"PSRC1"	chr1	-	109823398	109823873	109823398	109823538	109823729	109823873	5220	141,72	5,5	120,75	4,3	197	99	0.666586130544	1.0	0.934,0.879	0.938,0.926	-0.025
5221	"ENSG00000134222.12"	"PSRC1"	chr1	-	109823398	109823873	109823398	109823630	109823729	109823873	5221	132,72	0,4	73,51	0,0	197	99	0.651520906455	1.0	1.0,0.9	1.0,1.0	-0.05
5223	"ENSG00000198399.10"	"ITSN2"	chr2	-	24425732	24427287	24425732	24426652	24427113	24427287	5223	0,0	2,14	1,0	9,7	197	99	1	1.0	0.0,0.0	0.053,0.0	-0.026
5224	"ENSG00000165359.10"	"DDX26B"	chrX	+	134703261	134706958	134703261	134703356	134706739	134706958	5224	48,16	16,28	14,11	13,7	197	99	0.940553449883	1.0	0.601,0.223	0.351,0.441	0.016
5226	"ENSG00000175832.8"	"ETV4"	chr17	-	41622641	41623036	41622641	41622735	41622925	41623036	5226	12,11	32,15	9,8	22,18	197	99	0.78236155032	1.0	0.159,0.269	0.171,0.183	0.037
5229	"ENSG00000092929.7"	"UNC13D"	chr17	-	73839564	73840394	73839564	73839600	73840246	73840394	5229	99,69	6,0	61,49	2,2	197	99	0.813369472811	1.0	0.892,1.0	0.939,0.925	0.014
522	"ENSG00000158669.7"	"AGPAT6"	chr8	+	41476416	41476870	41476416	41476496	41476739	41476870	522	1,5	2,2	7,4	3,2	197	99	0.669300285098	1.0	0.201,0.557	0.54,0.501	-0.141
5231	"ENSG00000092929.7"	"UNC13D"	chr17	-	73827381	73829126	73827381	73827498	73829046	73829126	5231	8,17	4,5	11,8	4,4	197	99	0.807210462176	1.0	0.501,0.631	0.58,0.501	0.026
5233	"ENSG00000101365.16"	"IDH3B"	chr20	-	2640344	2640822	2640344	2640439	2640713	2640822	5233	165,220	6,15	136,108	6,4	197	99	0.601807480402	1.0	0.933,0.881	0.919,0.931	-0.018
5234	"ENSG00000101365.16"	"IDH3B"	chr20	-	2639040	2639483	2639040	2639168	2639272	2639483	5234	381,463	2,4	195,218	1,0	197	99	0.680659911852	1.0	0.99,0.983	0.99,1.0	-0.009
5235	"ENSG00000101365.16"	"IDH3B"	chr20	-	2639040	2639483	2639040	2639168	2639404	2639483	5235	349,456	21,25	262,223	11,9	197	99	0.323918918077	1.0	0.893,0.902	0.923,0.926	-0.027
5238	"ENSG00000101365.16"	"IDH3B"	chr20	-	2639040	2639483	2639040	2639168	2639283	2639483	5238	299,470	6,9	261,231	5,4	197	99	0.903511773529	1.0	0.962,0.963	0.963,0.967	-0.003
5242	"ENSG00000112739.12"	"PRPF4B"	chr6	+	4060646	4061381	4060646	4060920	4061248	4061381	5242	174,129	16,24	151,122	17,13	197	99	0.540256944969	1.0	0.845,0.73	0.817,0.825	-0.033
5243	"ENSG00000112739.12"	"PRPF4B"	chr6	+	4060646	4061381	4060646	4060878	4061248	4061381	5243	201,151	1,1	168,140	1,1	197	99	0.868774736098	1.0	0.99,0.987	0.988,0.986	0.001
5244	"ENSG00000112739.12"	"PRPF4B"	chr6	+	4060646	4062533	4060646	4061381	4062446	4062533	5244	179,108	5,0	155,144	1,1	197	99	0.353094107346	1.0	0.947,1.0	0.987,0.986	-0.013
5245	"ENSG00000196517.7"	"SLC6A9"	chr1	-	44466438	44466727	44466438	44466474	44466627	44466727	5245	24,9	0,1	10,13	0,0	197	99	1	1.0	1.0,0.819	1.0,1.0	-0.091
5246	"ENSG00000196517.7"	"SLC6A9"	chr1	-	44466438	44466727	44466438	44466539	44466627	44466727	5246	2,2	42,15	4,2	55,36	186	99	0.747842149269	1.0	0.025,0.066	0.037,0.029	0.012
5249	"ENSG00000174851.10"	"YIF1A"	chr11	-	66052050	66052437	66052050	66052254	66052343	66052437	5249	14,28	70,45	16,10	69,44	187	99	0.188766118076	1.0	0.096,0.248	0.109,0.107	0.064
5253	"ENSG00000164011.13"	"ZNF691"	chr1	+	43314961	43315413	43314961	43315084	43315235	43315413	5253	28,18	12,5	17,13	7,6	197	99	0.743151004792	1.0	0.54,0.644	0.55,0.521	0.056
5254	"ENSG00000131446.11"	"MGAT1"	chr5	-	180235647	180236076	180235647	180235810	180236009	180236076	5254	87,31	5,1	59,41	2,2	197	99	0.797189822109	1.0	0.897,0.94	0.937,0.912	-0.006
5256	"ENSG00000214078.7"	"CPNE1"	chr20	-	34218360	34218956	34218360	34218412	34218822	34218956	5256	21,32	4,0	16,13	1,1	197	99	0.576123576169	1.0	0.725,1.0	0.889,0.867	-0.015
5258	"ENSG00000214078.7"	"CPNE1"	chr20	-	34218879	34219119	34218879	34218956	34219035	34219119	5258	18,13	87,59	6,6	37,34	177	99	0.74897168594	1.0	0.104,0.11	0.083,0.09	0.021
525	"ENSG00000143207.15"	"RFWD2"	chr1	-	175957423	175958615	175957423	175957548	175958497	175958615	525	2,6	84,48	6,4	67,46	197	99	0.473304702441	1.0	0.012,0.059	0.043,0.042	-0.007
5260	"ENSG00000214078.7"	"CPNE1"	chr20	-	34220084	34220307	34220084	34220170	34220232	34220307	5260	7,5	0,2	2,3	0,0	160	99	1	1.0	1.0,0.607	1.0,1.0	-0.197
5261	"ENSG00000214078.7"	"CPNE1"	chr20	-	34220084	34220307	34220084	34220156	34220232	34220307	5261	7,6	138,101	7,4	71,56	174	99	0.239292309148	1.0	0.028,0.033	0.053,0.039	-0.015
5262	"ENSG00000214078.7"	"CPNE1"	chr20	-	34213965	34214725	34213965	34214303	34214484	34214725	5262	36,20	1,0	19,15	0,1	197	99	0.79148237616	1.0	0.948,1.0	1.0,0.883	0.032
5263	"ENSG00000214078.7"	"CPNE1"	chr20	-	34218662	34218883	34218662	34218717	34218822	34218883	5263	2,28	28,213	6,7	58,64	197	99	0.825104968899	1.0	0.035,0.062	0.049,0.052	-0.002
5266	"ENSG00000198960.6"	"ARMCX6"	chrX	-	100870109	100871756	100870109	100870750	100871661	100871756	5266	7,18	101,65	10,6	65,45	197	99	0.917113455072	1.0	0.034,0.122	0.072,0.063	0.01
5267	"ENSG00000111445.9"	"RFC5"	chr12	+	118455494	118455858	118455494	118455620	118455799	118455858	5267	115,63	11,1	71,52	5,4	197	99	0.743510469255	1.0	0.84,0.969	0.877,0.867	0.032
5269	"ENSG00000106261.12"	"ZKSCAN1"	chr7	+	99621041	99621555	99621041	99621084	99621174	99621555	5269	165,107	3,3	115,84	2,1	188	99	0.926626170698	1.0	0.967,0.949	0.968,0.978	-0.015
5278	"ENSG00000254986.3"	"DPP3"	chr11	+	66262676	66262960	66262676	66262739	66262835	66262960	5278	3,3	30,25	3,3	32,26	194	99	0.927481526104	1.0	0.049,0.058	0.046,0.056	0.003
5279	"ENSG00000132676.11"	"DAP3"	chr1	+	155698881	155699074	155698881	155698913	155698998	155699074	5279	2,1	326,276	2,1	246,211	183	99	1	1.0	0.003,0.002	0.004,0.003	-0.001
527	"ENSG00000143207.15"	"RFWD2"	chr1	-	175957423	175958615	175957423	175957548	175958523	175958615	527	72,79	1,0	29,32	0,0	197	99	1	1.0	0.973,1.0	1.0,1.0	-0.014
5280	"ENSG00000132676.11"	"DAP3"	chr1	+	155707947	155708801	155707947	155708088	155708399	155708801	5280	446,470	1,3	268,242	1,0	197	99	0.805114064008	1.0	0.996,0.987	0.993,1.0	-0.005
5281	"ENSG00000132676.11"	"DAP3"	chr1	+	155707947	155708801	155707947	155708049	155708399	155708801	5281	601,578	2,3	440,363	1,1	197	99	0.914106336104	1.0	0.993,0.99	0.995,0.995	-0.003
5284	"ENSG00000142541.12"	"RPL13A"	chr19	+	49994769	49995014	49994769	49994804	49994985	49995014	5284	2,2	7823,6395	0,0	802,1523	197	99	1	1.0	0.0,0.0	0.0,0.0	0.0
5286	"ENSG00000142541.12"	"RPL13A"	chr19	+	49993106	49993554	49993106	49993169	49993488	49993554	5286	0,4213	1,49	3249,3095	83,63	197	99	0.539474882453	1.0	0.0,0.977	0.952,0.961	-0.468
5288	"ENSG00000142541.12"	"RPL13A"	chr19	+	49994296	49994804	49994296	49994356	49994769	49994804	5288	8110,6657	0,2	390,365	0,0	197	99	1	1.0	1.0,0.999	1.0,1.0	-0.0
528	"ENSG00000104299.10"	"INTS9"	chr8	-	28627117	28627543	28627117	28627264	28627405	28627543	528	3,2	3,0	7,4	1,1	197	99	0.581477514961	1.0	0.334,1.0	0.779,0.668	-0.056
5291	"ENSG00000142541.12"	"RPL13A"	chr19	+	49993106	49993554	49993106	49993179	49993488	49993554	5291	14,11	4272,3970	35,18	4865,3685	197	99	1	1.0	0.002,0.001	0.004,0.002	-0.002
5292	"ENSG00000142541.12"	"RPL13A"	chr19	+	49993488	49993833	49993488	49993554	49993731	49993833	5292	19,30	7523,7428	47,28	8503,6905	197	99	1	1.0	0.001,0.002	0.003,0.002	-0.001
5294	"ENSG00000142541.12"	"RPL13A"	chr19	+	49994035	49994356	49994035	49994121	49994214	49994356	5294	5,61	2,0	23,17	0,0	191	99	1	1.0	0.564,1.0	1.0,1.0	-0.218
5295	"ENSG00000142541.12"	"RPL13A"	chr19	+	49994035	49994356	49994035	49994121	49994296	49994356	5295	15,15	5341,4511	45,28	6721,4747	197	99	1	1.0	0.001,0.002	0.003,0.003	-0.002
5296	"ENSG00000142541.12"	"RPL13A"	chr19	+	49994035	49994356	49994035	49994121	49994276	49994356	5296	18,22	0,2	41,20	2,1	197	99	0.830512055855	1.0	1.0,0.847	0.912,0.91	0.012
5298	"ENSG00000142541.12"	"RPL13A"	chr19	+	49994296	49994804	49994296	49994356	49994681	49994804	5298	1,10	12525,11227	11,6	12894,10247	197	99	1	1.0	0.0,0.0	0.0,0.0	0.0
5299	"ENSG00000142541.12"	"RPL13A"	chr19	+	49993106	49994804	49993106	49994523	49994681	49994804	5299	40,39	2,0	23,17	0,0	197	99	1	1.0	0.91,1.0	1.0,1.0	-0.045
529	"ENSG00000107185.8"	"RGP1"	chr9	+	35750654	35750986	35750654	35750738	35750836	35750986	529	7,3	31,18	4,3	17,12	196	99	0.65441526686	1.0	0.102,0.078	0.106,0.112	-0.019
5300	"ENSG00000196352.9"	"CD55"	chr1	+	207510037	207510754	207510037	207510163	207510673	207510754	5300	51,34	629,364	74,42	650,448	197	99	0.287491284075	1.0	0.039,0.045	0.054,0.045	-0.008
5301	"ENSG00000196352.9"	"CD55"	chr1	+	207497903	207498095	207497903	207497925	207498011	207498095	5301	256,157	4,0	248,189	1,1	184	99	0.493682784066	1.0	0.972,1.0	0.993,0.99	-0.006
5303	"ENSG00000174243.5"	"DDX23"	chr12	-	49231063	49231440	49231063	49231176	49231306	49231440	5303	9,7	222,237	8,6	201,175	197	99	0.844237192044	1.0	0.02,0.015	0.02,0.017	-0.001
5304	"ENSG00000174243.5"	"DDX23"	chr12	-	49230351	49230820	49230351	49230577	49230676	49230820	5304	1,3	147,190	2,2	107,94	197	99	0.550419760031	1.0	0.003,0.008	0.009,0.011	-0.004
5305	"ENSG00000131871.10"	"VIMP"	chr15	-	101814796	101815566	101814796	101814886	101815459	101815566	5305	6,12	275,458	7,6	238,180	197	99	0.463622660504	1.0	0.011,0.013	0.015,0.016	-0.003
5307	"ENSG00000103365.11"	"GGA2"	chr16	-	23504680	23505699	23504680	23504779	23505623	23505699	5307	43,30	67,114	34,25	67,48	197	99	0.394806324356	1.0	0.244,0.117	0.203,0.207	-0.025
5308	"ENSG00000103365.11"	"GGA2"	chr16	-	23504680	23505699	23504680	23504908	23505623	23505699	5308	40,13	0,1	21,18	1,1	197	99	0.50919688185	1.0	1.0,0.867	0.913,0.9	0.027
5312	"ENSG00000181513.10"	"ACBD4"	chr17	+	43213474	43214143	43213474	43213599	43213866	43214143	5312	1,1	22,18	3,2	22,11	197	99	0.283360409925	1.0	0.022,0.027	0.064,0.084	-0.05
5314	"ENSG00000181513.10"	"ACBD4"	chr17	+	43213866	43214143	43213866	43213987	43214058	43214143	5314	1,3	55,12	3,2	24,13	169	99	0.288918840981	1.0	0.011,0.128	0.068,0.083	-0.006
5315	"ENSG00000178104.15"	"PDE4DIP"	chr1	-	144890591	144892589	144890591	144892219	144892500	144892589	5315	46,75	16,16	37,26	8,7	197	99	0.780949674113	1.0	0.591,0.702	0.699,0.651	-0.029
5316	"ENSG00000178104.15"	"PDE4DIP"	chr1	-	144952565	144955292	144952565	144952689	144955215	144955292	5316	0,0	335,259	1,1	344,288	197	99	1	1.0	0.0,0.0	0.001,0.002	-0.002
5317	"ENSG00000178104.15"	"PDE4DIP"	chr1	-	144890591	144892589	144890591	144890989	144892500	144892589	5317	5,78	1,0	15,21	0,0	197	99	1	1.0	0.715,1.0	1.0,1.0	-0.143
5325	"ENSG00000144591.13"	"GMPPA"	chr2	+	220366197	220366759	220366197	220366301	220366633	220366759	5325	82,132	0,0	104,82	2,1	197	99	0.19204322154	1.0	1.0,1.0	0.963,0.976	0.03
5326	"ENSG00000144591.13"	"GMPPA"	chr2	+	220370975	220371709	220370975	220371144	220371419	220371709	5326	1,2	91,109	4,4	116,84	197	99	0.210669623232	1.0	0.005,0.009	0.017,0.023	-0.013
5328	"ENSG00000144591.13"	"GMPPA"	chr2	+	220366197	220366759	220366197	220366442	220366572	220366759	5328	27,15	4,3	38,25	3,2	197	99	0.25875121105	1.0	0.772,0.715	0.864,0.863	-0.12
5329	"ENSG00000144591.13"	"GMPPA"	chr2	+	220370179	220370483	220370179	220370277	220370416	220370483	5329	56,98	1,6	97,64	6,3	197	99	0.718881579407	1.0	0.966,0.891	0.89,0.915	0.026
5332	"ENSG00000167840.9"	"ZNF232"	chr17	-	5012220	5013163	5012220	5012347	5013005	5013163	5332	18,26	1,0	9,10	1,1	197	99	0.200788011513	1.0	0.9,1.0	0.819,0.834	0.123
5333	"ENSG00000167840.9"	"ZNF232"	chr17	-	5012220	5013163	5012220	5012347	5012688	5013163	5333	11,16	17,4	7,6	8,7	197	99	0.476732093538	1.0	0.245,0.668	0.305,0.301	0.154
5336	"ENSG00000120669.11"	"SOHLH2"	chr13	-	36857605	36857839	36857605	36857642	36857728	36857839	5336	12,13	1,0	4,5	1,0	184	99	0.4566855105	1.0	0.866,1.0	0.683,1.0	0.092
5337	"ENSG00000120669.11"	"SOHLH2"	chr13	-	36857605	36857839	36857605	36857646	36857728	36857839	5337	0,2	1,14	0,0	4,5	180	99	1	1.0	0.0,0.073	0.0,0.0	0.036
5339	"ENSG00000077463.10"	"SIRT6"	chr19	-	4175024	4175934	4175024	4175148	4175676	4175934	5339	11,14	34,30	7,4	21,14	197	99	0.812707895721	1.0	0.14,0.19	0.143,0.126	0.03
533	"ENSG00000185813.6"	"PCYT2"	chr17	-	79863545	79864053	79863545	79863611	79863975	79864053	533	8,9	149,77	5,3	100,77	197	99	0.340729601649	1.0	0.026,0.055	0.025,0.019	0.019
5341	"ENSG00000077463.10"	"SIRT6"	chr19	-	4175676	4175934	4175676	4175757	4175838	4175934	5341	3,5	41,42	4,3	35,25	179	99	0.667689002053	1.0	0.039,0.062	0.059,0.062	-0.01
5343	"ENSG00000204472.8"	"AIF1"	chr6	+	31583446	31584283	31583446	31583513	31584120	31584283	5343	0,0	2,2	1,0	2,1	197	99	1	1.0	0.0,0.0	0.201,0.0	-0.101
5345	"ENSG00000108592.12"	"FTSJ3"	chr17	-	61903617	61904032	61903617	61903664	61903926	61904032	5345	7,2	35,4	3,3	20,16	197	99	0.694679833707	1.0	0.091,0.201	0.07,0.086	0.068
5347	"ENSG00000108592.12"	"FTSJ3"	chr17	-	61898198	61898475	61898198	61898298	61898389	61898475	5347	1,3	121,36	2,2	68,66	189	99	0.862253326873	1.0	0.004,0.042	0.015,0.016	0.007
5348	"ENSG00000177082.8"	"WDR73"	chr15	-	85191120	85191856	85191120	85191185	85191767	85191856	5348	8,8	15,12	8,5	7,5	197	99	0.250729872101	1.0	0.211,0.251	0.365,0.334	-0.119
534	"ENSG00000185813.6"	"PCYT2"	chr17	-	79863975	79864422	79863975	79864053	79864339	79864422	534	25,26	125,74	26,16	70,57	197	99	0.331075759172	1.0	0.091,0.15	0.157,0.124	-0.02
5350	"ENSG00000177082.8"	"WDR73"	chr15	-	85189203	85189579	85189203	85189316	85189414	85189579	5350	16,10	7,3	11,8	3,3	196	99	0.743693558212	1.0	0.536,0.627	0.649,0.574	-0.03
5351	"ENSG00000177082.8"	"WDR73"	chr15	-	85188701	85189579	85188701	85189067	85189203	85189579	5351	19,18	0,9	13,10	4,2	197	99	0.700201631279	1.0	1.0,0.501	0.62,0.715	0.083
5352	"ENSG00000132603.9"	"NIP7"	chr16	+	69373908	69374235	69373908	69373995	69374096	69374235	5352	4,0	267,307	2,1	163,157	197	99	1	1.0	0.007,0.0	0.006,0.003	-0.001
5354	"ENSG00000144395.13"	"CCDC150"	chr2	+	197593916	197594585	197593916	197594111	197594516	197594585	5354	10,11	2,1	6,5	1,1	197	99	0.690335308388	1.0	0.715,0.847	0.751,0.715	0.048
5356	"ENSG00000115414.14"	"FN1"	chr2	-	216236631	216237098	216236631	216236738	216236831	216237098	5356	20,15	33,11	23,12	30,11	191	99	0.937882530407	1.0	0.239,0.414	0.284,0.361	0.004
5357	"ENSG00000115414.14"	"FN1"	chr2	-	216243852	216247048	216243852	216244040	216246934	216247048	5357	2,2	9,64	3,2	24,11	197	99	0.20004784172	1.0	0.1,0.015	0.059,0.084	-0.014
535	"ENSG00000185813.6"	"PCYT2"	chr17	-	79866751	79867197	79866751	79866913	79867037	79867197	535	57,0	0,0	20,18	0,1	197	99	1	1.0	1.0,NA	1.0,0.9	0.05
5360	"ENSG00000038358.10"	"EDC4"	chr16	+	67914850	67915083	67914850	67914893	67914978	67915083	5360	0,8	18,240	2,1	69,96	183	99	0.641611380286	1.0	0.0,0.018	0.015,0.006	-0.001
5361	"ENSG00000038358.10"	"EDC4"	chr16	+	67916860	67917080	67916860	67916909	67917017	67917080	5361	120,157	2,9	103,89	2,2	197	99	0.436943812797	1.0	0.968,0.898	0.963,0.957	-0.027
5362	"ENSG00000038358.10"	"EDC4"	chr16	+	67915167	67915436	67915167	67915320	67915399	67915436	5362	15,18	130,146	15,10	86,60	177	99	0.207204556523	1.0	0.061,0.065	0.089,0.085	-0.024
5366	"ENSG00000165195.9"	"PIGA"	chrX	-	15349337	15350114	15349337	15349489	15349995	15350114	5366	10,144	1,0	27,37	0,0	197	99	0.278714764127	1.0	0.834,1.0	1.0,1.0	-0.083
5367	"ENSG00000165195.9"	"PIGA"	chrX	-	15349337	15350114	15349337	15349489	15349711	15350114	5367	5,86	0,1	12,17	0,0	197	99	1	1.0	1.0,0.977	1.0,1.0	-0.012
5368	"ENSG00000165195.9"	"PIGA"	chrX	-	15349337	15350114	15349337	15349421	15349995	15350114	5368	34,206	2,0	35,59	0,0	197	99	0.255046701928	1.0	0.895,1.0	1.0,1.0	-0.052
5369	"ENSG00000125746.10"	"EML2"	chr19	-	46141762	46142131	46141762	46141892	46142102	46142131	5369	0,0	97,111	2,1	171,116	197	99	1	1.0	0.0,0.0	0.006,0.004	-0.005
5370	"ENSG00000125746.10"	"EML2"	chr19	-	46136118	46136397	46136118	46136195	46136327	46136397	5370	56,39	2,0	3,2	0,0	197	99	1	1.0	0.934,1.0	1.0,1.0	-0.033
5371	"ENSG00000125746.10"	"EML2"	chr19	-	46145175	46145610	46145175	46145299	46145391	46145610	5371	0,0	4,4	1,0	4,2	190	99	1	1.0	0.0,0.0	0.115,0.0	-0.058
5372	"ENSG00000125746.10"	"EML2"	chr19	-	46136118	46136397	46136118	46136229	46136327	46136397	5372	0,3	83,65	1,1	97,70	196	99	0.615037445676	1.0	0.0,0.023	0.005,0.007	0.005
5373	"ENSG00000165795.16"	"NDRG2"	chr14	-	21486145	21486973	21486145	21486197	21486362	21486973	5373	1,3	32,18	2,2	22,15	197	99	0.642825121013	1.0	0.015,0.077	0.044,0.063	-0.007
5374	"ENSG00000165795.16"	"NDRG2"	chr14	-	21486362	21486973	21486362	21486398	21486921	21486973	5374	1,5	0,1	5,3	1,0	197	99	0.855153286437	1.0	1.0,0.715	0.715,1.0	0.0
5375	"ENSG00000165795.16"	"NDRG2"	chr14	-	21486362	21486973	21486362	21486559	21486921	21486973	5375	8,6	4,0	9,6	5,3	197	99	0.465663466921	1.0	0.501,1.0	0.475,0.501	0.262
5377	"ENSG00000169733.7"	"RFNG"	chr17	-	80008537	80009218	80008537	80008640	80009169	80009218	5377	20,23	14,20	25,14	15,10	197	99	0.573433787616	1.0	0.418,0.366	0.456,0.413	-0.042
5379	"ENSG00000169733.7"	"RFNG"	chr17	-	80008537	80009218	80008537	80008640	80008887	80009218	5379	25,37	0,0	32,21	1,0	197	99	1	1.0	1.0,1.0	0.941,1.0	0.03
5386	"ENSG00000164068.11"	"RNF123"	chr3	+	49751170	49751430	49751170	49751258	49751342	49751430	5386	5,17	20,19	5,4	17,12	182	99	0.399993581289	1.0	0.12,0.327	0.138,0.153	0.078
5388	"ENSG00000164068.11"	"RNF123"	chr3	+	49749911	49751020	49749911	49750089	49750945	49751020	5388	25,17	58,35	19,12	45,33	197	99	0.704265869136	1.0	0.178,0.196	0.175,0.155	0.022
5389	"ENSG00000164068.11"	"RNF123"	chr3	+	49749911	49751020	49749911	49750325	49750945	49751020	5389	31,11	0,3	18,11	2,1	197	99	0.846995003143	1.0	1.0,0.648	0.819,0.847	-0.009
538	"ENSG00000120896.9"	"SORBS3"	chr8	+	22424173	22424381	22424173	22424226	22424334	22424381	538	1,8	2,8	2,1	4,3	197	99	0.679815075478	1.0	0.201,0.334	0.201,0.143	0.096
5390	"ENSG00000164068.11"	"RNF123"	chr3	+	49742082	49742619	49742082	49742189	49742416	49742619	5390	4,9	8,17	4,3	16,11	197	99	0.255041701946	1.0	0.201,0.21	0.112,0.121	0.089
5391	"ENSG00000164068.11"	"RNF123"	chr3	+	49749911	49750325	49749911	49750089	49750238	49750325	5391	9,19	0,1	2,3	0,0	197	99	1	1.0	1.0,0.905	1.0,1.0	-0.047
5392	"ENSG00000164068.11"	"RNF123"	chr3	+	49742966	49743498	49742966	49743112	49743414	49743498	5392	7,8	59,21	8,6	31,25	197	99	0.584118374647	1.0	0.056,0.161	0.115,0.108	-0.003
5393	"ENSG00000164068.11"	"RNF123"	chr3	+	49737100	49737997	49737100	49737205	49737904	49737997	5393	1,5	0,2	1,1	0,0	197	99	1	1.0	1.0,0.557	1.0,1.0	-0.222
5394	"ENSG00000258890.2"	"CEP95"	chr17	+	62530702	62532866	62530702	62530855	62532719	62532866	5394	27,18	174,109	20,15	136,113	197	99	0.660857789719	1.0	0.072,0.077	0.069,0.063	0.008
5398	"ENSG00000206140.5"	"TMEM191C"	chr22	+	21822182	21822720	21822182	21822491	21822603	21822720	5398	17,4	2,0	28,17	1,0	197	99	0.353421510478	1.0	0.81,1.0	0.934,1.0	-0.062
53	"ENSG00000168385.13"	"SEPT2"	chr2	+	242276725	242277205	242276725	242276941	242277087	242277205	53	30,23	1,0	1,1	0,0	197	99	1	1.0	0.938,1.0	1.0,1.0	-0.031
5407	"ENSG00000260630.2"	"SNAI3-AS1"	chr16	+	88737684	88738101	88737684	88737873	88737973	88738101	5407	2,0	0,0	2,2	1,0	197	99	1	1.0	1.0,NA	0.501,1.0	0.25
5415	"ENSG00000100479.8"	"POLE2"	chr14	-	50120707	50120903	50120707	50120785	50120872	50120903	5415	1,1	5,56	1,0	26,25	185	99	0.548670937775	1.0	0.097,0.009	0.02,0.0	0.043
5417	"ENSG00000106077.14"	"ABHD11"	chr7	-	73151258	73151440	73151258	73151320	73151398	73151440	5417	63,64	2,0	23,23	0,0	176	99	1	1.0	0.947,1.0	1.0,1.0	-0.026
5419	"ENSG00000106077.14"	"ABHD11"	chr7	-	73151550	73152065	73151550	73151690	73151891	73152065	5419	51,35	0,1	28,22	0,0	197	99	1	1.0	1.0,0.946	1.0,1.0	-0.027
5421	"ENSG00000237765.2"	"FAM200B"	chr4	+	15687858	15688771	15687858	15688085	15688554	15688771	5421	52,23	0,4	59,42	1,1	197	99	0.407884626278	1.0	1.0,0.743	0.967,0.955	-0.09
5426	"ENSG00000113761.7"	"ZNF346"	chr5	+	176491512	176492242	176491512	176491602	176492101	176492242	5426	73,92	2,1	52,36	1,1	197	99	0.606368797212	1.0	0.948,0.979	0.963,0.948	0.008
5427	"ENSG00000156042.13"	"TTC18"	chr10	-	75053020	75056931	75053020	75053146	75056799	75056931	5427	22,13	0,0	5,3	2,1	197	99	1	1.0	1.0,1.0	0.557,0.601	0.421
542	"ENSG00000109971.9"	"HSPA8"	chr11	-	122930180	122930736	122930180	122930470	122930589	122930736	542	4319,18205	2,1	5742,7825	0,0	197	99	1	1.0	0.999,1.0	1.0,1.0	-0.0
5431	"ENSG00000168237.13"	"GLYCTK"	chr3	+	52324975	52325938	52324975	52325127	52325762	52325938	5431	5,0	0,0	4,3	2,1	197	99	1	1.0	1.0,NA	0.501,0.601	0.449
543	"ENSG00000142675.13"	"CNKSR1"	chr1	+	26514724	26514994	26514724	26514798	26514932	26514994	543	0,1	2,14	1,0	4,2	197	99	1	1.0	0.0,0.035	0.112,0.0	-0.038
5443	"ENSG00000178719.12"	"GRINA"	chr8	+	145066045	145066541	145066045	145066246	145066412	145066541	5443	31,46	171,222	32,19	154,111	197	99	0.962946536256	1.0	0.083,0.094	0.095,0.079	0.002
5446	"ENSG00000178719.12"	"GRINA"	chr8	+	145065859	145066541	145065859	145065972	145066045	145066541	5446	15,0	115,173	5,3	100,69	171	99	0.883004428063	1.0	0.07,0.0	0.028,0.025	0.009
5447	"ENSG00000198089.10"	"SFI1"	chr22	+	32000854	32002416	32000854	32001022	32002313	32002416	5447	11,14	2,0	2,1	0,0	197	99	1	1.0	0.734,1.0	1.0,1.0	-0.133
5448	"ENSG00000198089.10"	"SFI1"	chr22	+	32014100	32014533	32014100	32014212	32014299	32014533	5448	0,1	6,2	1,1	5,4	185	99	0.723590053385	1.0	0.0,0.211	0.097,0.118	-0.002
5449	"ENSG00000198089.10"	"SFI1"	chr22	+	32010152	32010846	32010152	32010261	32010774	32010846	5449	39,18	2,0	27,24	1,1	197	99	0.791011439882	1.0	0.907,1.0	0.931,0.923	0.026
544	"ENSG00000110330.4"	"BIRC2"	chr11	+	102248409	102248629	102248409	102248481	102248587	102248629	544	2,0	79,92	0,0	32,33	197	99	0.843174686884	1.0	0.013,0.0	0.0,0.0	0.006
5450	"ENSG00000198089.10"	"SFI1"	chr22	+	32000854	32002416	32000854	32000931	32002313	32002416	5450	9,5	9,6	11,6	10,7	197	99	0.900260249304	1.0	0.334,0.295	0.356,0.301	-0.014
5452	"ENSG00000173992.4"	"CCS"	chr11	+	66366586	66367107	66366586	66366724	66366929	66367107	5452	96,42	42,28	71,49	33,18	197	99	0.444271158044	1.0	0.535,0.43	0.52,0.578	-0.066
5458	"ENSG00000111684.6"	"LPCAT3"	chr12	-	7086528	7087669	7086528	7086687	7087502	7087669	5458	2,9	0,1	4,3	0,0	197	99	1	1.0	1.0,0.819	1.0,1.0	-0.091
5459	"ENSG00000111684.6"	"LPCAT3"	chr12	-	7086528	7087669	7086528	7086687	7087582	7087669	5459	51,73	0,2	40,34	0,0	197	99	0.7063061172	1.0	1.0,0.948	1.0,1.0	-0.026
545	"ENSG00000110330.4"	"BIRC2"	chr11	+	102219328	102221480	102219328	102219495	102220608	102221480	545	200,126	0,3	113,78	2,1	197	99	0.431349520694	1.0	1.0,0.955	0.966,0.975	0.007
5463	"ENSG00000261408.1"	"TEN1-CDK3"	chr17	+	73998591	73999479	73998591	73998731	73999275	73999479	5463	8,9	1,0	2,2	0,0	197	99	1	1.0	0.801,1.0	1.0,1.0	-0.099
5464	"ENSG00000261408.1"	"TEN1-CDK3"	chr17	+	73998591	73999479	73998591	73998693	73999275	73999479	5464	10,11	6,4	6,4	5,4	197	99	0.331555356467	1.0	0.456,0.58	0.376,0.334	0.163
5465	"ENSG00000146707.10"	"POMZP3"	chr7	-	76247499	76247932	76247499	76247617	76247813	76247932	5465	31,20	3,10	30,17	4,2	197	99	0.398991704514	1.0	0.839,0.501	0.79,0.81	-0.13
5466	"ENSG00000185359.8"	"HGS"	chr17	+	79661844	79662097	79661844	79661883	79661953	79662097	5466	23,25	16,35	15,9	17,11	168	99	0.771934454692	1.0	0.459,0.296	0.342,0.325	0.044
5467	"ENSG00000204305.9"	"AGER"	chr6	-	32151657	32152023	32151657	32151764	32151947	32152023	5467	41,26	0,2	28,17	2,2	197	99	0.247627871486	1.0	1.0,0.867	0.876,0.81	0.091
5468	"ENSG00000178035.7"	"IMPDH2"	chr3	-	49061927	49062235	49061927	49062011	49062091	49062235	5468	9,7	429,435	16,9	489,402	178	99	0.25315532246	1.0	0.012,0.009	0.018,0.012	-0.005
5469	"ENSG00000178035.7"	"IMPDH2"	chr3	-	49063813	49064030	49063813	49063852	49063951	49064030	5469	1,0	386,330	1,1	275,287	197	99	1	1.0	0.001,0.0	0.002,0.002	-0.002
546	"ENSG00000135775.9"	"COG2"	chr1	+	230805101	230807386	230805101	230805281	230807261	230807386	546	1,3	76,44	3,2	42,30	197	99	0.261555471693	1.0	0.007,0.033	0.035,0.032	-0.014
5470	"ENSG00000178035.7"	"IMPDH2"	chr3	-	49064119	49064480	49064119	49064319	49064392	49064480	5470	14,21	795,764	28,18	1000,767	171	99	0.602417158909	1.0	0.01,0.016	0.016,0.013	-0.001
5471	"ENSG00000178035.7"	"IMPDH2"	chr3	-	49064119	49064480	49064119	49064262	49064392	49064480	5471	204,275	0,1	430,407	0,0	197	99	1	1.0	1.0,0.993	1.0,1.0	-0.004
5472	"ENSG00000178035.7"	"IMPDH2"	chr3	-	49064119	49064480	49064119	49064295	49064392	49064480	5472	673,704	5,0	934,743	4,2	195	99	0.782067480471	1.0	0.986,1.0	0.992,0.995	-0.001
5473	"ENSG00000178035.7"	"IMPDH2"	chr3	-	49061757	49062235	49061757	49061837	49061927	49062235	5473	8,5	167,115	13,10	179,145	188	99	0.293408248338	1.0	0.025,0.022	0.037,0.035	-0.013
5474	"ENSG00000178035.7"	"IMPDH2"	chr3	-	49065863	49066239	49065863	49065965	49066154	49066239	5474	10,15	2,0	21,15	1,1	197	99	0.747734813734	1.0	0.715,1.0	0.913,0.883	-0.041
5475	"ENSG00000178035.7"	"IMPDH2"	chr3	-	49065863	49066239	49065863	49065965	49066190	49066239	5475	15,19	1087,873	21,14	1323,981	197	99	0.924952782371	1.0	0.007,0.011	0.008,0.007	0.001
5477	"ENSG00000187535.9"	"IFT140"	chr16	-	1573828	1574696	1573828	1573957	1574552	1574696	5477	5,2	2,2	2,1	4,3	197	99	0.261732863169	1.0	0.557,0.334	0.201,0.143	0.274
5483	"ENSG00000163734.4"	"CXCL3"	chr4	-	74904006	74904406	74904006	74904130	74904228	74904406	5483	5,2	4,3	2,1	5,4	196	99	0.340398899096	1.0	0.387,0.252	0.168,0.112	0.179
5485	"ENSG00000073050.7"	"XRCC1"	chr19	-	44056948	44057243	44056948	44057060	44057133	44057243	5485	4,15	133,127	8,7	135,86	171	99	0.878788037939	1.0	0.017,0.064	0.033,0.045	0.002
5492	"ENSG00000115207.9"	"GTF3C2"	chr2	-	27558783	27559292	27558783	27558895	27559064	27559292	5492	1,6	40,51	5,3	36,26	197	99	0.327433645663	1.0	0.012,0.056	0.065,0.055	-0.026
5494	"ENSG00000012061.11"	"ERCC1"	chr19	-	45926527	45926759	45926527	45926639	45926716	45926759	5494	14,25	0,2	10,12	0,0	175	99	1	1.0	1.0,0.876	1.0,1.0	-0.062
5499	"ENSG00000183955.8"	"SETD8"	chr12	+	123875176	123875851	123875176	123875333	123875761	123875851	5499	2,2	0,1	2,2	0,0	197	99	1	1.0	1.0,0.501	1.0,1.0	-0.25
54	"ENSG00000146830.9"	"GIGYF1"	chr7	-	100284981	100285220	100284981	100285029	100285127	100285220	54	0,0	81,67	1,0	47,37	196	99	0.794300313102	1.0	0.0,0.0	0.011,0.0	-0.005
5500	"ENSG00000241878.5"	"PISD"	chr22	-	32016981	32017458	32016981	32017128	32017319	32017458	5500	10,16	51,48	19,9	63,41	197	99	0.956142979309	1.0	0.09,0.143	0.132,0.099	0.001
5501	"ENSG00000241878.5"	"PISD"	chr22	-	32017319	32017871	32017319	32017458	32017634	32017871	5501	13,17	20,41	20,11	42,24	197	99	0.877378022415	1.0	0.246,0.172	0.193,0.187	0.019
5503	"ENSG00000147789.11"	"ZNF7"	chr8	+	146054427	146054989	146054427	146054475	146054862	146054989	5503	20,8	7,8	12,8	6,4	197	99	0.828222722813	1.0	0.589,0.334	0.501,0.501	-0.039
5507	"ENSG00000147789.11"	"ZNF7"	chr8	+	146054427	146054989	146054427	146054475	146054811	146054989	5507	0,3	0,1	5,5	0,0	197	99	1	1.0	NA,0.601	1.0,1.0	-0.399
5508	"ENSG00000172270.14"	"BSG"	chr19	+	580378	580695	580378	580461	580655	580695	5508	213,1826	0,4	841,714	1,0	197	99	1	1.0	1.0,0.996	0.998,1.0	-0.001
5509	"ENSG00000172270.14"	"BSG"	chr19	+	582305	582545	582305	582330	582513	582545	5509	0,2	18,188	1,0	47,36	197	99	0.831594137846	1.0	0.0,0.005	0.011,0.0	-0.003
5510	"ENSG00000112659.9"	"CUL9"	chr6	+	43163806	43164600	43163806	43164003	43164382	43164600	5510	16,9	18,11	14,9	19,13	197	99	0.660439706286	1.0	0.309,0.291	0.27,0.258	0.036
5512	"ENSG00000146414.11"	"SHPRH"	chr6	-	146275825	146276392	146275825	146275989	146276230	146276392	5512	66,30	0,3	54,45	1,1	197	99	0.700226376488	1.0	1.0,0.834	0.964,0.958	-0.044
5513	"ENSG00000146414.11"	"SHPRH"	chr6	-	146266516	146266773	146266516	146266614	146266697	146266773	5513	62,29	1,3	14,19	0,0	181	99	1	1.0	0.971,0.841	1.0,1.0	-0.094
5514	"ENSG00000146414.11"	"SHPRH"	chr6	-	146239552	146240627	146239552	146239770	146240483	146240627	5514	7,10	2,0	5,3	1,0	197	99	0.786045299615	1.0	0.638,1.0	0.715,1.0	-0.038
5516	"ENSG00000109111.10"	"SUPT6H"	chr17	+	27027363	27028146	27027363	27027530	27027958	27028146	5516	2,2	434,529	10,5	414,307	197	99	0.615093421547	1.0	0.002,0.002	0.012,0.008	-0.008
5518	"ENSG00000196923.9"	"PDLIM7"	chr5	-	176923417	176923878	176923417	176923524	176923709	176923878	5518	15,6	0,2	4,3	0,0	197	99	1	1.0	1.0,0.601	1.0,1.0	-0.2
5520	"ENSG00000185864.12"	"NPIPB4"	chr16	-	21850425	21850631	21850425	21850461	21850570	21850631	5520	0,0	6,8	1,1	8,6	197	99	1	1.0	0.0,0.0	0.059,0.077	-0.068
5521	"ENSG00000124571.13"	"XPO5"	chr6	-	43494422	43494802	43494422	43494485	43494566	43494802	5521	18,15	2,0	22,18	5,2	179	99	0.337252952437	1.0	0.833,1.0	0.709,0.833	0.146
5523	"ENSG00000180098.5"	"TRNAU1AP"	chr1	+	28887144	28887910	28887144	28887244	28887857	28887910	5523	5,8	200,167	7,4	138,108	197	99	0.538581469023	1.0	0.012,0.024	0.025,0.018	-0.003
5524	"ENSG00000103502.9"	"CDIPT"	chr16	-	29871901	29872580	29871901	29871983	29872426	29872580	5524	2,2	53,42	2,2	30,21	197	99	0.314505686842	1.0	0.019,0.023	0.032,0.046	-0.018
5525	"ENSG00000103502.9"	"CDIPT"	chr16	-	29873906	29874190	29873906	29874041	29874135	29874190	5525	15,17	60,50	10,6	45,37	192	99	0.316559848881	1.0	0.114,0.149	0.103,0.077	0.042
5528	"ENSG00000145916.14"	"RMND5B"	chr5	+	177569583	177569993	177569583	177569729	177569852	177569993	5528	11,6	107,93	7,5	48,41	197	99	0.20066769524	1.0	0.049,0.031	0.068,0.058	-0.023
5529	"ENSG00000099821.9"	"POLRMT"	chr19	-	617569	618586	617569	617655	618487	618586	5529	3,16	0,1	10,9	0,0	197	99	1	1.0	1.0,0.889	1.0,1.0	-0.055
552	"ENSG00000238105.3"	"GOLGA2B"	chr12	-	100550942	100551517	100550942	100551034	100551305	100551517	552	0,2	0,2	1,1	1,1	197	99	1	1.0	NA,0.334	0.334,0.334	0.0
5530	"ENSG00000160949.12"	"TONSL"	chr8	-	145657667	145659142	145657667	145657843	145658970	145659142	5530	9,38	58,46	27,18	50,35	197	99	0.487264518731	1.0	0.072,0.293	0.213,0.205	-0.026
5533	"ENSG00000183207.8"	"RUVBL2"	chr19	+	49513229	49513868	49513229	49513323	49513744	49513868	5533	12,12	480,529	7,5	371,307	197	99	0.530750648078	1.0	0.012,0.011	0.009,0.008	0.003
5536	"ENSG00000152465.13"	"NMT2"	chr10	-	15175051	15175362	15175051	15175143	15175243	15175362	5536	0,1	0,25	1,0	12,11	197	99	1	1.0	NA,0.02	0.04,0.0	0.0
5537	"ENSG00000100034.9"	"PPM1F"	chr22	-	22279248	22280035	22279248	22279401	22279941	22280035	5537	12,20	0,0	12,11	1,1	197	99	1	1.0	1.0,1.0	0.858,0.847	0.147
5539	"ENSG00000007202.10"	"KIAA0100"	chr17	-	26966592	26967043	26966592	26966660	26966918	26967043	5539	21,35	174,44	37,23	113,84	197	99	0.928941400618	1.0	0.057,0.286	0.141,0.121	0.04
5541	"ENSG00000007202.10"	"KIAA0100"	chr17	-	26966592	26967043	26966592	26966660	26966904	26967043	5541	15,28	0,1	28,21	0,1	197	99	0.700112149403	1.0	1.0,0.934	1.0,0.913	0.011
5544	"ENSG00000134419.11"	"RPS15A"	chr16	-	18794289	18796145	18794289	18794424	18796059	18796145	5544	4,39	7753,5494	26,14	6861,4928	197	99	1	1.0	0.0,0.004	0.002,0.001	0.001
5547	"ENSG00000082898.12"	"XPO1"	chr2	-	61752626	61753656	61752626	61752709	61753554	61753656	5547	1,16	2,0	2,3	0,0	197	99	1	1.0	0.201,1.0	1.0,1.0	-0.399
5548	"ENSG00000082898.12"	"XPO1"	chr2	-	61752626	61753656	61752626	61752694	61753554	61753656	5548	7,12	2,3	4,3	0,0	197	99	1	1.0	0.638,0.668	1.0,1.0	-0.347
5550	"ENSG00000171777.11"	"RASGRP4"	chr19	-	38901754	38902021	38901754	38901889	38901984	38902021	5550	3,0	12,6	3,2	9,6	193	99	0.424051521547	1.0	0.114,0.0	0.146,0.146	-0.089
5551	"ENSG00000171777.11"	"RASGRP4"	chr19	-	38910499	38910902	38910499	38910653	38910770	38910902	5551	4,18	14,3	18,10	7,4	197	99	0.425064091228	1.0	0.126,0.751	0.564,0.557	-0.122
5553	"ENSG00000171777.11"	"RASGRP4"	chr19	-	38899697	38900736	38899697	38900010	38900594	38900736	5553	47,22	8,2	39,22	2,1	197	99	0.202630310365	1.0	0.747,0.847	0.907,0.917	-0.115
5554	"ENSG00000171777.11"	"RASGRP4"	chr19	-	38903570	38903937	38903570	38903689	38903832	38903937	5554	2,1	8,2	5,3	8,4	197	99	0.483973738141	1.0	0.112,0.201	0.239,0.274	-0.1
5556	"ENSG00000104904.8"	"OAZ1"	chr19	+	2271383	2271529	2271383	2271441	2271442	2271529	5556	0,16	2,0	3,3	0,0	99	99	1	1.0	0.0,1.0	1.0,1.0	-0.5
5558	"ENSG00000104904.8"	"OAZ1"	chr19	+	2271780	2272261	2271780	2271953	2272021	2272261	5558	49,172	1,0	121,69	0,0	166	99	0.721390114116	1.0	0.967,1.0	1.0,1.0	-0.016
5561	"ENSG00000164609.5"	"SLU7"	chr5	-	159845602	159846088	159845602	159845692	159846029	159846088	5561	3,11	1,13	5,3	3,3	197	99	0.849955443595	1.0	0.601,0.298	0.456,0.334	0.054
5562	"ENSG00000196655.5"	"TRAPPC4"	chr11	+	118889475	118890027	118889475	118889680	118889852	118890027	5562	2,4	272,226	2,2	222,189	197	99	1	1.0	0.004,0.009	0.005,0.005	0.001
5563	"ENSG00000161202.13"	"DVL3"	chr3	+	183882583	183882994	183882583	183882719	183882900	183882994	5563	30,37	49,101	43,29	75,53	197	99	0.380309868395	1.0	0.235,0.155	0.224,0.216	-0.025
556	"ENSG00000213930.7"	"GALT"	chr9	+	34647085	34647958	34647085	34647255	34647488	34647958	556	3,7	4,13	7,7	7,8	197	99	0.438947654986	1.0	0.274,0.213	0.334,0.305	-0.076
557	"ENSG00000213930.7"	"GALT"	chr9	+	34647085	34648168	34647085	34647958	34648111	34648168	557	4,1	40,18	8,5	39,26	197	99	0.20184604697	1.0	0.048,0.027	0.093,0.088	-0.053
5580	"ENSG00000078114.14"	"NEBL"	chr10	-	21107632	21108445	21107632	21107763	21108409	21108445	5580	2,3	2,0	3,3	0,0	197	99	1	1.0	0.334,1.0	1.0,1.0	-0.333
5581	"ENSG00000136783.9"	"NIPSNAP3A"	chr9	+	107515879	107516981	107515879	107515956	107516831	107516981	5581	7,26	2,5	7,5	1,0	197	99	0.648710066596	1.0	0.638,0.723	0.779,1.0	-0.209
5583	"ENSG00000100462.11"	"PRMT5"	chr14	-	23397334	23397824	23397334	23397450	23397705	23397824	5583	35,24	0,3	18,13	1,1	197	99	0.863117613591	1.0	1.0,0.801	0.9,0.867	0.017
5584	"ENSG00000100462.11"	"PRMT5"	chr14	-	23389737	23390265	23389737	23389940	23390196	23390265	5584	470,666	4,17	364,330	8,5	197	99	0.843059103933	1.0	0.983,0.952	0.958,0.971	0.003
5585	"ENSG00000100462.11"	"PRMT5"	chr14	-	23389737	23390265	23389737	23389940	23390048	23390265	5585	450,552	3,13	333,299	5,4	197	99	0.89310196999	1.0	0.987,0.955	0.971,0.974	-0.001
5587	"ENSG00000100462.11"	"PRMT5"	chr14	-	23397334	23397824	23397334	23397420	23397705	23397824	5587	39,25	367,430	19,14	259,226	197	99	0.564243514591	1.0	0.051,0.028	0.036,0.03	0.006
558	"ENSG00000213930.7"	"GALT"	chr9	+	34647085	34648168	34647085	34647255	34647537	34648168	558	5,23	0,0	11,14	1,1	197	99	1	1.0	1.0,1.0	0.847,0.876	0.139
5593	"ENSG00000060138.8"	"YBX3"	chr12	-	10854558	10856747	10854558	10854733	10856649	10856747	5593	7,0	374,347	5,4	292,235	197	99	1	1.0	0.009,0.0	0.009,0.008	-0.004
5594	"ENSG00000060138.8"	"YBX3"	chr12	-	10854558	10856747	10854558	10854733	10856658	10856747	5594	398,350	23,19	302,248	18,13	197	99	0.976152355158	1.0	0.897,0.903	0.894,0.906	0.0
5596	"ENSG00000060971.13"	"ACAA1"	chr3	-	38167316	38168191	38167316	38167372	38167652	38168191	5596	35,33	69,95	22,17	74,55	197	99	0.234758527541	1.0	0.203,0.149	0.13,0.134	0.044
5597	"ENSG00000060971.13"	"ACAA1"	chr3	-	38167822	38168191	38167822	38167843	38168000	38168191	5597	21,22	0,1	19,13	1,1	197	99	0.460983173897	1.0	1.0,0.917	0.905,0.867	0.073
5599	"ENSG00000060971.13"	"ACAA1"	chr3	-	38167652	38168191	38167652	38167832	38168000	38168191	5599	34,42	35,49	36,22	33,23	197	99	0.615196041089	1.0	0.328,0.301	0.354,0.325	-0.025
559	"ENSG00000213930.7"	"GALT"	chr9	+	34648758	34649078	34648758	34648891	34648994	34649078	559	18,0	16,8	18,10	14,8	197	99	0.198482188207	1.0	0.361,0.0	0.393,0.386	-0.209
5600	"ENSG00000060971.13"	"ACAA1"	chr3	-	38167316	38168191	38167316	38167372	38168000	38168191	5600	34,48	9,4	30,21	4,4	197	99	0.877430107022	1.0	0.655,0.858	0.79,0.725	-0.001
5601	"ENSG00000142546.9"	"NOSIP"	chr19	-	50059805	50060250	50059805	50059993	50060131	50060250	5601	0,0	50,130	1,1	88,61	197	99	1	1.0	0.0,0.0	0.006,0.008	-0.007
5604	"ENSG00000142546.9"	"NOSIP"	chr19	-	50059573	50060250	50059573	50059682	50059805	50060250	5604	0,2	46,56	2,1	39,30	197	99	0.375255558969	1.0	0.0,0.018	0.025,0.016	-0.012
5605	"ENSG00000142546.9"	"NOSIP"	chr19	-	50060346	50062235	50060346	50061456	50062153	50062235	5605	2,6	1,0	4,3	1,1	197	99	0.680059852328	1.0	0.501,1.0	0.668,0.601	0.116
5606	"ENSG00000142546.9"	"NOSIP"	chr19	-	50060346	50062235	50060346	50060506	50062153	50062235	5606	4,1	227,266	4,3	161,117	197	99	0.254021840259	1.0	0.009,0.002	0.012,0.013	-0.007
5612	"ENSG00000197935.6"	"ZNF311"	chr6	-	28967263	28967824	28967263	28967390	28967732	28967824	5612	17,0	1,1	8,6	2,1	197	99	0.564850245922	1.0	0.895,0.0	0.668,0.751	-0.262
5613	"ENSG00000179029.10"	"TMEM107"	chr17	-	8079074	8079344	8079074	8079175	8079276	8079344	5613	6,4	21,6	6,5	13,8	197	99	0.626965073799	1.0	0.126,0.251	0.188,0.239	-0.025
5614	"ENSG00000179029.10"	"TMEM107"	chr17	-	8079074	8079344	8079074	8079193	8079276	8079344	5614	3,2	1,0	4,3	1,1	181	99	0.753869487302	1.0	0.621,1.0	0.686,0.621	0.157
5617	"ENSG00000213213.9"	"KIAA1984"	chr9	+	139700955	139701319	139700955	139701124	139701246	139701319	5617	14,5	2,0	5,3	1,1	197	99	0.422785695421	1.0	0.779,1.0	0.715,0.601	0.232
5618	"ENSG00000213213.9"	"KIAA1984"	chr9	+	139700529	139701319	139700529	139701124	139701208	139701319	5618	8,4	1,0	3,2	1,0	182	99	0.584736359711	1.0	0.813,1.0	0.62,1.0	0.096
5620	"ENSG00000105443.9"	"CYTH2"	chr19	+	48978094	48981402	48978094	48978206	48981322	48981402	5620	4,12	61,68	8,5	58,36	197	99	0.72228590268	1.0	0.032,0.081	0.065,0.065	-0.009
5622	"ENSG00000105443.9"	"CYTH2"	chr19	+	48978094	48981402	48978094	48978206	48981325	48981402	5622	63,78	49,68	67,42	49,31	197	99	0.578015663062	1.0	0.393,0.366	0.407,0.405	-0.027
5624	"ENSG00000062524.11"	"LTK"	chr15	-	41796539	41796838	41796539	41796630	41796703	41796838	5624	2,2	10,3	3,2	12,7	171	99	0.81584670791	1.0	0.104,0.278	0.126,0.142	0.057
5626	"ENSG00000062524.11"	"LTK"	chr15	-	41799292	41799855	41799292	41799488	41799759	41799855	5626	19,4	5,1	22,15	3,2	197	99	0.36661334361	1.0	0.656,0.668	0.787,0.79	-0.126
5627	"ENSG00000062524.11"	"LTK"	chr15	-	41799292	41799855	41799292	41799488	41799711	41799855	5627	22,2	0,0	22,14	1,1	197	99	1	1.0	1.0,1.0	0.917,0.876	0.103
5629	"ENSG00000139372.10"	"TDG"	chr12	+	104376576	104377167	104376576	104376712	104377072	104377167	5629	13,14	4,1	20,13	3,1	197	99	0.692486202171	1.0	0.62,0.876	0.77,0.867	-0.071
5630	"ENSG00000154269.10"	"ENPP3"	chr6	+	131958374	131958602	131958374	131958419	131958503	131958602	5630	70,71	0,1	4,3	0,0	182	99	1	1.0	1.0,0.975	1.0,1.0	-0.012
5631	"ENSG00000153339.9"	"TRAPPC8"	chr18	-	29522570	29523069	29522570	29522856	29523000	29523069	5631	3,86	0,1	20,25	0,0	197	99	1	1.0	1.0,0.977	1.0,1.0	-0.012
5632	"ENSG00000153339.9"	"TRAPPC8"	chr18	-	29432400	29432626	29432400	29432467	29432557	29432626	5632	3,1	18,70	1,1	29,22	188	99	0.669983131068	1.0	0.081,0.007	0.018,0.023	0.024
5636	"ENSG00000124920.9"	"MYRF"	chr11	+	61546300	61547042	61546300	61546895	61546969	61547042	5636	4,0	4,4	1,0	6,4	172	99	0.483275840536	1.0	0.365,0.0	0.088,0.0	0.139
5637	"ENSG00000162241.8"	"SLC25A45"	chr11	-	65144288	65147409	65144288	65144547	65147337	65147409	5637	1,1	1,0	2,1	1,0	197	99	0.503208965245	1.0	0.334,1.0	0.501,1.0	-0.083
5639	"ENSG00000159363.13"	"ATP13A2"	chr1	-	17312957	17313451	17312957	17313127	17313299	17313451	5639	2,5	19,19	3,2	24,14	197	99	0.65165097234	1.0	0.05,0.117	0.059,0.067	0.021
5648	"ENSG00000149100.8"	"EIF3M"	chr11	+	32615411	32616559	32615411	32615541	32616459	32616559	5648	9,66	3,0	22,37	1,0	197	99	0.744893236875	1.0	0.601,1.0	0.917,1.0	-0.158
5649	"ENSG00000149100.8"	"EIF3M"	chr11	+	32615411	32616559	32615411	32615495	32616459	32616559	5649	48,40	1420,958	49,36	1104,915	197	99	0.523587458797	1.0	0.017,0.021	0.022,0.019	-0.001
5657	"ENSG00000130511.11"	"SSBP4"	chr19	+	18543368	18543545	18543368	18543414	18543509	18543545	5657	10,4	183,182	3,2	161,125	193	99	0.209760335777	1.0	0.027,0.011	0.009,0.008	0.01
5658	"ENSG00000130511.11"	"SSBP4"	chr19	+	18543368	18543545	18543368	18543414	18543493	18543545	5658	2,3	4,0	1,1	1,1	177	99	0.423005045835	1.0	0.219,1.0	0.359,0.359	0.251
5659	"ENSG00000130511.11"	"SSBP4"	chr19	+	18543493	18543693	18543493	18543545	18543638	18543693	5659	3,0	313,300	2,1	236,187	191	99	1	1.0	0.005,0.0	0.004,0.003	-0.001
5660	"ENSG00000175110.7"	"MRPS22"	chr3	+	139069020	139069902	139069020	139069164	139069872	139069902	5660	161,179	15,8	115,100	9,7	197	99	0.734506002601	1.0	0.844,0.918	0.865,0.878	0.01
5661	"ENSG00000175110.7"	"MRPS22"	chr3	+	139069020	139069902	139069020	139069164	139069818	139069902	5661	15,22	323,305	12,9	194,179	197	99	0.943847401399	1.0	0.023,0.035	0.03,0.025	0.002
5665	"ENSG00000152556.11"	"PFKM"	chr12	+	48535522	48535849	48535522	48535610	48535696	48535849	5665	5,7	82,104	5,2	71,48	184	99	0.8305551229	1.0	0.032,0.035	0.037,0.022	0.004
5666	"ENSG00000152556.11"	"PFKM"	chr12	+	48535522	48535849	48535522	48535610	48535781	48535849	5666	81,46	2,0	5,5	0,0	197	99	1	1.0	0.953,1.0	1.0,1.0	-0.024
5672	"ENSG00000131051.16"	"RBM39"	chr20	-	34326889	34328809	34326889	34326939	34328745	34328809	5672	43,44	149,202	62,37	215,181	197	99	0.995874626423	1.0	0.127,0.099	0.127,0.093	0.003
5673	"ENSG00000131051.16"	"RBM39"	chr20	-	34292589	34293252	34292589	34292668	34293146	34293252	5673	0,0	161,185	6,3	229,167	197	99	0.404681554119	1.0	0.0,0.0	0.013,0.009	-0.011
5675	"ENSG00000115459.13"	"ELMOD3"	chr2	+	85598208	85598685	85598208	85598332	85598562	85598685	5675	1,1	7,9	2,1	6,4	197	99	0.39383854992	1.0	0.067,0.053	0.143,0.112	-0.068
5677	"ENSG00000115459.13"	"ELMOD3"	chr2	+	85582198	85584375	85582198	85582293	85584089	85584375	5677	16,4	3,1	8,9	1,2	197	99	0.962364532693	1.0	0.728,0.668	0.801,0.693	-0.049
5678	"ENSG00000007341.14"	"ST7L"	chr1	-	113161530	113162040	113161530	113161761	113161909	113162040	5678	8,5	1,0	3,3	0,0	197	99	1	1.0	0.801,1.0	1.0,1.0	-0.099
567	"ENSG00000213930.7"	"GALT"	chr9	+	34647085	34647564	34647085	34647255	34647500	34647564	567	6,7	1,0	5,7	0,0	197	99	1	1.0	0.751,1.0	1.0,1.0	-0.125
5681	"ENSG00000104897.5"	"SF3A2"	chr19	+	2246751	2247021	2246751	2246801	2246880	2247021	5681	35,27	169,192	30,18	166,119	177	99	0.964224534848	1.0	0.104,0.073	0.092,0.078	0.004
5682	"ENSG00000149532.11"	"CPSF7"	chr11	-	61183576	61183991	61183576	61183634	61183835	61183991	5682	532,878	5,7	573,413	6,4	197	99	0.62793961121	1.0	0.982,0.984	0.98,0.981	0.003
5683	"ENSG00000149532.11"	"CPSF7"	chr11	-	61187941	61189080	61187941	61188002	61188861	61189080	5683	60,172	2,8	67,57	2,1	197	99	0.775820773954	1.0	0.938,0.915	0.944,0.966	-0.028
5684	"ENSG00000149532.11"	"CPSF7"	chr11	-	61187941	61189080	61187941	61188045	61188861	61189080	5684	3,20	76,228	11,7	91,76	197	99	0.252365848775	1.0	0.019,0.042	0.057,0.044	-0.02
5685	"ENSG00000149532.11"	"CPSF7"	chr11	-	61183137	61183991	61183137	61183256	61183576	61183991	5685	12,55	239,365	21,14	197,159	197	99	0.771279564956	1.0	0.025,0.07	0.051,0.042	0.001
5686	"ENSG00000095066.7"	"HOOK2"	chr19	-	12885482	12885711	12885482	12885555	12885625	12885711	5686	0,4	17,1	3,2	11,9	168	99	0.702055320095	1.0	0.0,0.702	0.138,0.116	0.224
5689	"ENSG00000089737.11"	"DDX24"	chr14	-	94521341	94524243	94521341	94521530	94524167	94524243	5689	31,11	108,78	14,9	79,59	197	99	0.376011130478	1.0	0.126,0.066	0.082,0.071	0.02
568	"ENSG00000213930.7"	"GALT"	chr9	+	34647085	34647958	34647085	34647255	34647828	34647958	568	18,5	0,0	18,13	1,1	197	99	1	1.0	1.0,1.0	0.9,0.867	0.117
5690	"ENSG00000111229.11"	"ARPC3"	chr12	-	110873914	110874488	110873914	110874034	110874361	110874488	5690	2,0	3,0	18,12	3,1	197	99	1	1.0	0.251,NA	0.751,0.858	-0.553
5691	"ENSG00000111229.11"	"ARPC3"	chr12	-	110873914	110874488	110873914	110874009	110874361	110874488	5691	0,0	1105,1202	22,13	1061,758	197	99	1	1.0	0.0,0.0	0.01,0.009	-0.009
5692	"ENSG00000163463.7"	"KRTCAP2"	chr1	-	155142266	155144965	155142266	155142333	155144826	155144965	5692	49,33	3,3	37,27	2,1	197	99	0.76784689353	1.0	0.891,0.847	0.903,0.931	-0.048
5693	"ENSG00000163463.7"	"KRTCAP2"	chr1	-	155142266	155144965	155142266	155142333	155144799	155144965	5693	11,56	1,0	17,18	0,0	197	99	1	1.0	0.847,1.0	1.0,1.0	-0.077
5694	"ENSG00000129084.13"	"PSMA1"	chr11	-	14535209	14535451	14535209	14535245	14535362	14535451	5694	8,4	594,523	6,4	705,719	197	99	1	1.0	0.007,0.004	0.004,0.003	0.002
5695	"ENSG00000129084.13"	"PSMA1"	chr11	-	14535362	14536037	14535362	14535451	14535948	14536037	5695	66,84	0,1	57,49	1,0	197	99	0.690283989704	1.0	1.0,0.977	0.966,1.0	0.005
5697	"ENSG00000174996.7"	"KLC2"	chr11	+	66033903	66035330	66033903	66033961	66034343	66035330	5697	6,16	49,46	12,5	40,25	197	99	0.708531156434	1.0	0.058,0.149	0.131,0.091	-0.008
5698	"ENSG00000174996.7"	"KLC2"	chr11	+	66031130	66031367	66031130	66031218	66031321	66031367	5698	0,1	97,58	0,0	8,10	197	99	0.273783535237	1.0	0.0,0.009	0.0,0.0	0.004
569	"ENSG00000213930.7"	"GALT"	chr9	+	34647085	34647564	34647085	34647255	34647471	34647564	569	22,3	5,0	17,11	1,1	197	99	0.521410892798	1.0	0.689,1.0	0.895,0.847	-0.026
56	"ENSG00000146830.9"	"GIGYF1"	chr7	-	100281642	100281960	100281642	100281780	100281859	100281960	56	3,12	58,68	6,4	59,41	177	99	0.770247462863	1.0	0.028,0.09	0.054,0.052	0.006
5700	"ENSG00000204536.9"	"CCHCR1"	chr6	-	31124008	31124721	31124008	31124055	31124507	31124721	5700	1,2	1,0	3,3	1,0	197	99	0.469065965855	1.0	0.334,1.0	0.601,1.0	-0.133
5701	"ENSG00000204536.9"	"CCHCR1"	chr6	-	31124507	31124866	31124507	31124721	31124799	31124866	5701	0,5	155,102	2,2	163,126	176	99	0.749669198764	1.0	0.0,0.027	0.007,0.009	0.005
5703	"ENSG00000204536.9"	"CCHCR1"	chr6	-	31124507	31124866	31124507	31124613	31124799	31124866	5703	103,71	3,8	95,63	4,4	197	99	0.722309580178	1.0	0.945,0.817	0.923,0.888	-0.024
5704	"ENSG00000081760.12"	"AACS"	chr12	+	125609250	125609570	125609250	125609315	125609447	125609570	5704	1,5	12,14	4,3	11,7	197	99	0.39922157024	1.0	0.04,0.152	0.155,0.177	-0.07
5710	"ENSG00000103512.10"	"NOMO1"	chr16	+	14989370	14990013	14989370	14989551	14989829	14990013	5710	63,86	0,1	34,25	0,0	197	99	1	1.0	1.0,0.977	1.0,1.0	-0.012
5712	"ENSG00000172766.14"	"NAA16"	chr13	+	41948610	41948975	41948610	41948712	41948877	41948975	5712	23,22	1,0	2,3	0,0	197	99	1	1.0	0.92,1.0	1.0,1.0	-0.04
5713	"ENSG00000072195.10"	"SPEG"	chr2	+	220329154	220331583	220329154	220329330	220330778	220331583	5713	6,1	6,3	2,1	3,1	197	99	0.788904401655	1.0	0.334,0.143	0.251,0.334	-0.054
5715	"ENSG00000167645.12"	"YIF1B"	chr19	-	38799863	38800283	38799863	38799941	38800044	38800283	5715	49,636	1,0	220,245	0,0	197	99	0.789031738398	1.0	0.961,1.0	1.0,1.0	-0.02
5717	"ENSG00000106610.10"	"STAG3L4"	chr7	+	66773563	66774126	66773563	66773639	66773921	66774126	5717	2,6	0,0	8,5	1,0	197	99	1	1.0	1.0,1.0	0.801,1.0	0.099
5723	"ENSG00000140553.12"	"UNC45A"	chr15	+	91479175	91479690	91479175	91479212	91479514	91479690	5723	16,5	19,24	9,5	16,10	197	99	0.765352000482	1.0	0.297,0.095	0.22,0.201	-0.015
5724	"ENSG00000140553.12"	"UNC45A"	chr15	+	91479175	91479690	91479175	91479212	91479612	91479690	5724	88,87	2,0	14,21	0,0	197	99	1	1.0	0.957,1.0	1.0,1.0	-0.022
5728	"ENSG00000074582.8"	"BCS1L"	chr2	+	219526919	219527402	219526919	219526983	219527237	219527402	5728	62,56	1,2	35,28	2,1	197	99	0.376592849074	1.0	0.969,0.934	0.898,0.934	0.035
5729	"ENSG00000074582.8"	"BCS1L"	chr2	+	219526919	219527402	219526919	219526983	219527232	219527402	5729	9,3	45,57	5,4	30,24	197	99	0.38083414207	1.0	0.091,0.026	0.077,0.077	-0.019
572	"ENSG00000064687.8"	"ABCA7"	chr19	+	1041223	1041426	1041223	1041262	1041353	1041426	572	74,58	0,0	77,61	1,1	189	99	0.544814585588	1.0	1.0,1.0	0.976,0.97	0.027
5730	"ENSG00000074582.8"	"BCS1L"	chr2	+	219524494	219525144	219524494	219524534	219525029	219525144	5730	33,22	0,2	10,11	1,0	197	99	0.532783643182	1.0	1.0,0.847	0.834,1.0	0.006
5732	"ENSG00000150776.13"	"C11orf57"	chr11	+	111945039	111945640	111945039	111945082	111945610	111945640	5732	31,21	2,0	36,25	3,2	197	99	0.48769431894	1.0	0.886,1.0	0.858,0.863	0.083
5735	"ENSG00000197165.6"	"SULT1A2"	chr16	-	28606687	28606996	28606687	28606785	28606870	28606996	5735	9,0	2,1	5,3	4,3	183	99	0.583850315295	1.0	0.709,0.0	0.403,0.351	-0.023
5737	"ENSG00000177058.7"	"SLC38A9"	chr5	-	54929522	54931485	54929522	54929661	54931371	54931485	5737	27,34	2,0	13,14	0,0	197	99	1	1.0	0.872,1.0	1.0,1.0	-0.064
5738	"ENSG00000177058.7"	"SLC38A9"	chr5	-	54929522	54931485	54929522	54929680	54931371	54931485	5738	41,45	0,2	14,17	0,0	197	99	1	1.0	1.0,0.919	1.0,1.0	-0.04
5739	"ENSG00000130717.8"	"UCK1"	chr9	-	134404330	134404657	134404330	134404425	134404514	134404657	5739	4,0	39,26	1,1	24,18	187	99	0.900754675985	1.0	0.052,0.0	0.022,0.029	0.0
573	"ENSG00000126522.12"	"ASL"	chr7	+	65551571	65551773	65551571	65551649	65551730	65551773	573	4,10	53,13	3,3	25,21	179	99	0.445482444797	1.0	0.04,0.298	0.062,0.073	0.101
5743	"ENSG00000137274.8"	"BPHL"	chr6	+	3138274	3140743	3138274	3138413	3140619	3140743	5743	10,1	7,0	3,2	1,1	197	99	0.716238580523	1.0	0.418,1.0	0.601,0.501	0.158
5744	"ENSG00000100258.13"	"LMF2"	chr22	-	50942768	50943156	50942768	50942880	50942987	50943156	5744	8,9	24,46	5,3	35,25	197	99	0.268367052865	1.0	0.143,0.09	0.067,0.057	0.054
5746	"ENSG00000010270.9"	"STARD3NL"	chr7	+	38254628	38256906	38254628	38254706	38256788	38256906	5746	1,3	11,13	2,2	12,9	197	99	0.835986827716	1.0	0.044,0.104	0.077,0.1	-0.014
5747	"ENSG00000011243.13"	"AKAP8L"	chr19	-	15514285	15514526	15514285	15514356	15514468	15514526	5747	404,275	2,0	185,183	0,0	197	99	1	1.0	0.99,1.0	1.0,1.0	-0.005
5748	"ENSG00000011243.13"	"AKAP8L"	chr19	-	15514285	15514526	15514285	15514366	15514468	15514526	5748	261,443	60,55	320,240	64,45	197	99	0.486298480967	1.0	0.686,0.802	0.715,0.728	0.022
574	"ENSG00000126522.12"	"ASL"	chr7	+	65554077	65554322	65554077	65554162	65554262	65554322	574	10,3	257,38	5,3	127,113	197	99	0.644369096891	1.0	0.019,0.038	0.019,0.013	0.012
5753	"ENSG00000011243.13"	"AKAP8L"	chr19	-	15509440	15510221	15509440	15509577	15510112	15510221	5753	45,57	4,7	40,29	4,3	197	99	0.967501085582	1.0	0.85,0.804	0.834,0.829	-0.004
5754	"ENSG00000011243.13"	"AKAP8L"	chr19	-	15509440	15510221	15509440	15509514	15510112	15510221	5754	51,80	1,0	36,32	0,0	197	99	0.545038523991	1.0	0.962,1.0	1.0,1.0	-0.019
5755	"ENSG00000162191.9"	"UBXN1"	chr11	-	62445810	62446073	62445810	62445880	62445966	62446073	5755	3,8	741,694	6,5	714,548	184	99	1	1.0	0.002,0.006	0.005,0.005	-0.001
5756	"ENSG00000162191.9"	"UBXN1"	chr11	-	62446161	62446537	62446161	62446215	62446336	62446537	5756	2,8	146,196	6,4	159,118	197	99	0.620427267702	1.0	0.007,0.02	0.019,0.017	-0.005
5758	"ENSG00000162191.9"	"UBXN1"	chr11	-	62444989	62445304	62444989	62445035	62445252	62445304	5758	269,197	2,2	229,170	3,2	197	99	0.594770280326	1.0	0.985,0.98	0.975,0.977	0.006
5759	"ENSG00000162191.9"	"UBXN1"	chr11	-	62444284	62445304	62444284	62444477	62444989	62445304	5759	27,28	112,102	21,16	112,83	197	99	0.254897065171	1.0	0.108,0.121	0.086,0.088	0.027
5760	"ENSG00000162191.9"	"UBXN1"	chr11	-	62443969	62444477	62443969	62444111	62444284	62444477	5760	14,28	155,109	25,22	129,94	197	99	0.279369033401	1.0	0.043,0.114	0.089,0.105	-0.019
5763	"ENSG00000065989.11"	"PDE4A"	chr19	+	10572201	10572675	10572201	10572356	10572552	10572675	5763	5,7	46,44	8,5	34,21	197	99	0.183950401575	1.0	0.052,0.074	0.106,0.107	-0.043
5765	"ENSG00000188917.10"	"TRMT2B"	chrX	-	100306239	100306722	100306239	100306355	100306632	100306722	5765	13,2	2,0	7,6	1,1	197	99	0.736425371912	1.0	0.766,1.0	0.779,0.751	0.118
5768	"ENSG00000081791.4"	"KIAA0141"	chr5	+	141318085	141318513	141318085	141318325	141318416	141318513	5768	97,86	5,2	62,45	0,0	189	99	0.347172263357	1.0	0.91,0.957	1.0,1.0	-0.067
5769	"ENSG00000072682.14"	"P4HA2"	chr5	-	131552889	131553541	131552889	131553041	131553444	131553541	5769	0,1	0,58	0,0	33,32	197	99	1	1.0	NA,0.009	0.0,0.0	0.009
576	"ENSG00000171848.9"	"RRM2"	chr2	+	10262865	10263184	10262865	10263024	10263109	10263184	576	2,1	174,384	1,1	184,137	183	99	1	1.0	0.006,0.001	0.003,0.004	0.0
5770	"ENSG00000178691.6"	"SUZ12"	chr17	+	30267272	30267505	30267272	30267351	30267440	30267505	5770	3,1	53,65	1,1	22,19	187	99	0.383119559815	1.0	0.029,0.008	0.023,0.027	-0.006
5771	"ENSG00000184702.13"	"SEPT5"	chr22	+	19709344	19709862	19709344	19709480	19709759	19709862	5771	31,36	371,169	42,24	285,219	197	99	0.896016691097	1.0	0.04,0.097	0.069,0.052	0.008
5772	"ENSG00000184702.13"	"SEPT5"	chr22	+	19709759	19710842	19709759	19709862	19709950	19710842	5772	0,2	60,135	0,0	105,120	186	99	1	1.0	0.0,0.008	0.0,0.0	0.004
5774	"ENSG00000131584.14"	"ACAP3"	chr1	-	1233409	1233645	1233409	1233493	1233564	1233645	5774	15,8	0,0	13,7	1,1	169	99	1	1.0	1.0,1.0	0.884,0.804	0.156
5777	"ENSG00000100296.9"	"THOC5"	chr22	-	29940448	29940592	29940448	29940497	29940568	29940592	5777	93,51	3,0	117,98	3,2	169	99	0.778058847149	1.0	0.948,1.0	0.958,0.966	0.012
5778	"ENSG00000229117.4"	"RPL41"	chr12	+	56510415	56510647	56510415	56510443	56510558	56510647	5778	0,347	0,7817	133,160	2452,2996	197	99	1	1.0	NA,0.022	0.027,0.026	-0.005
5780	"ENSG00000142208.11"	"AKT1"	chr14	-	105239214	105239716	105239214	105239330	105239587	105239716	5780	39,72	0,3	53,43	1,1	197	99	0.830176421992	1.0	1.0,0.923	0.964,0.956	0.002
5781	"ENSG00000142208.11"	"AKT1"	chr14	-	105239214	105239716	105239214	105239429	105239587	105239716	5781	0,0	63,134	2,2	143,105	197	99	1	1.0	0.0,0.0	0.007,0.009	-0.008
5782	"ENSG00000142208.11"	"AKT1"	chr14	-	105237081	105238789	105237081	105237184	105238701	105238789	5782	33,49	297,131	31,19	191,141	197	99	0.226172016945	1.0	0.053,0.158	0.075,0.063	0.036
5784	"ENSG00000166012.10"	"TAF1D"	chr11	-	93469859	93470405	93469859	93470010	93470229	93470405	5784	15,62	0,3	43,31	1,1	197	99	0.745982062055	1.0	1.0,0.912	0.956,0.94	0.008
5786	"ENSG00000166012.10"	"TAF1D"	chr11	-	93469859	93470405	93469859	93469917	93470229	93470405	5786	52,82	164,320	75,49	265,197	197	99	0.80387682938	1.0	0.137,0.114	0.125,0.111	0.008
5788	"ENSG00000171121.12"	"KCNMB3"	chr3	-	178968530	178969418	178968530	178968722	178969183	178969418	5788	27,5	4,1	16,12	4,3	197	99	0.508191194775	1.0	0.772,0.715	0.668,0.668	0.076
5789	"ENSG00000250722.1"	"SEPP1"	chr5	-	42804757	42807210	42804757	42804875	42806997	42807210	5789	5,3	8,12	5,3	21,11	197	99	0.409691709417	1.0	0.239,0.112	0.107,0.121	0.061
578	"ENSG00000041988.11"	"THAP3"	chr1	+	6692450	6693111	6692450	6692555	6692973	6693111	578	22,39	1,11	33,21	3,1	197	99	0.346688462154	1.0	0.917,0.641	0.847,0.913	-0.101
5791	"ENSG00000173801.12"	"JUP"	chr17	-	39910855	39912147	39910855	39911684	39911981	39912147	5791	265,179	48,57	225,151	45,27	197	99	0.330290543741	1.0	0.735,0.612	0.715,0.738	-0.053
5793	"ENSG00000100219.12"	"XBP1"	chr22	-	29192034	29192180	29192034	29192109	29192135	29192180	5793	6,6	2,3	9,6	5,3	124	99	0.880636855488	1.0	0.705,0.615	0.59,0.615	0.057
5795	"ENSG00000147687.12"	"TATDN1"	chr8	-	125506073	125507783	125506073	125506200	125507712	125507783	5795	2,2	112,37	1,1	90,70	197	99	0.438417379537	1.0	0.009,0.026	0.006,0.007	0.011
5796	"ENSG00000103343.8"	"ZNF174"	chr16	+	3451243	3452406	3451243	3451285	3451732	3452406	5796	6,28	0,1	14,11	0,0	197	99	1	1.0	1.0,0.934	1.0,1.0	-0.033
5799	"ENSG00000147813.11"	"NAPRT1"	chr8	-	144656956	144657263	144656956	144657070	144657155	144657263	5799	29,27	21,31	17,12	20,12	183	99	0.635225654154	1.0	0.428,0.32	0.315,0.351	0.041
57	"ENSG00000180448.6"	"HMHA1"	chr19	+	1080253	1080546	1080253	1080378	1080462	1080546	57	0,0	18,15	1,0	8,6	182	99	1	1.0	0.0,0.0	0.064,0.0	-0.032
5801	"ENSG00000103653.12"	"CSK"	chr15	+	75093021	75093263	75093021	75093087	75093163	75093263	5801	3,7	67,71	3,2	56,42	174	99	0.717529358243	1.0	0.025,0.053	0.03,0.026	0.011
5803	"ENSG00000103653.12"	"CSK"	chr15	+	75092752	75093087	75092752	75092846	75093021	75093087	5803	7,7	196,218	10,6	152,136	197	99	0.194286725805	1.0	0.018,0.016	0.032,0.022	-0.01
5804	"ENSG00000213639.5"	"PPP1CB"	chr2	+	28974718	28975042	28974718	28974806	28974903	28975042	5804	67,111	2,0	18,19	0,0	195	99	1	1.0	0.944,1.0	1.0,1.0	-0.028
5805	"ENSG00000213639.5"	"PPP1CB"	chr2	+	28974718	28975042	28974718	28974725	28974903	28975042	5805	19,76	1,0	43,40	0,0	197	99	0.395177453419	1.0	0.905,1.0	1.0,1.0	-0.047
5808	"ENSG00000161638.6"	"ITGA5"	chr12	-	54793428	54794779	54793428	54793542	54794629	54794779	5808	11,23	0,4	20,13	1,1	197	99	0.766809125164	1.0	1.0,0.743	0.91,0.867	-0.017
5809	"ENSG00000161638.6"	"ITGA5"	chr12	-	54796970	54797563	54796970	54797108	54797408	54797563	5809	10,2	176,147	7,3	170,125	197	99	0.888804572932	1.0	0.028,0.007	0.02,0.012	0.002
5812	"ENSG00000161638.6"	"ITGA5"	chr12	-	54797928	54798413	54797928	54798030	54798281	54798413	5812	7,0	1,0	13,7	1,1	197	99	1	1.0	0.779,NA	0.867,0.779	-0.044
5813	"ENSG00000100888.8"	"CHD8"	chr14	-	21898959	21900017	21898959	21899162	21899969	21900017	5813	111,93	1,0	14,15	0,0	197	99	1	1.0	0.982,1.0	1.0,1.0	-0.009
5815	"ENSG00000022277.8"	"RTFDC1"	chr20	+	55091990	55092257	55091990	55092045	55092161	55092257	5815	12,6	194,239	6,5	158,120	197	99	0.902365553117	1.0	0.03,0.012	0.019,0.021	0.001
5817	"ENSG00000127445.9"	"PIN1"	chr19	+	9959765	9960358	9959765	9959877	9960208	9960358	5817	167,159	11,3	118,80	2,1	197	99	0.22276947861	1.0	0.884,0.964	0.967,0.976	-0.048
5821	"ENSG00000155660.6"	"PDIA4"	chr7	-	148702988	148703375	148702988	148703145	148703314	148703375	5821	22,16	1,1	31,19	2,1	197	99	0.870030174411	1.0	0.917,0.889	0.886,0.905	0.008
5822	"ENSG00000176105.9"	"YES1"	chr18	-	751608	751804	751608	751646	751732	751804	5822	48,58	1,0	18,19	0,0	184	99	1	1.0	0.963,1.0	1.0,1.0	-0.018
5823	"ENSG00000129197.10"	"RPAIN"	chr17	+	5329290	5329619	5329290	5329402	5329555	5329619	5823	24,41	19,41	26,19	17,11	197	99	0.209808106561	1.0	0.388,0.334	0.435,0.465	-0.089
5824	"ENSG00000129197.10"	"RPAIN"	chr17	+	5329290	5331531	5329290	5329619	5331390	5331531	5824	33,29	40,58	29,16	29,22	197	99	0.260121615057	1.0	0.293,0.201	0.334,0.268	-0.054
5825	"ENSG00000129197.10"	"RPAIN"	chr17	+	5329290	5331531	5329290	5329402	5331390	5331531	5825	35,52	0,1	36,24	2,1	197	99	0.291958712074	1.0	1.0,0.963	0.9,0.923	0.07
5827	"ENSG00000196924.10"	"FLNA"	chrX	-	153578398	153580064	153578398	153578575	153579948	153580064	5827	7,107	0,2	62,75	0,0	197	99	0.312717272021	1.0	1.0,0.964	1.0,1.0	-0.018
5831	"ENSG00000168036.12"	"CTNNB1"	chr3	+	41266444	41266698	41266444	41266482	41266593	41266698	5831	443,392	0,1	61,78	0,0	197	99	1	1.0	1.0,0.995	1.0,1.0	-0.002
5835	"ENSG00000139182.9"	"CLSTN3"	chr12	+	7285500	7285742	7285500	7285516	7285619	7285742	5835	1,6	0,2	2,3	0,0	197	99	1	1.0	1.0,0.601	1.0,1.0	-0.2
5836	"ENSG00000114346.9"	"ECT2"	chr3	+	172520480	172520708	172520480	172520484	172520650	172520708	5836	0,0	49,128	1,0	47,38	197	99	0.806954665868	1.0	0.0,0.0	0.011,0.0	-0.005
5837	"ENSG00000101407.8"	"TTI1"	chr20	-	36639916	36642259	36639916	36640067	36642101	36642259	5837	195,124	2,0	32,34	0,0	197	99	0.785249444752	1.0	0.98,1.0	1.0,1.0	-0.01
5839	"ENSG00000100083.14"	"GGA1"	chr22	+	38019342	38019571	38019342	38019474	38019558	38019571	5839	0,1	39,37	0,0	1,1	182	99	1	1.0	0.0,0.014	0.0,0.0	0.007
5844	"ENSG00000140848.12"	"CPNE2"	chr16	+	57179996	57181876	57179996	57180233	57181462	57181876	5844	0,2	31,13	1,1	16,11	197	99	0.561174614047	1.0	0.0,0.072	0.03,0.044	-0.001
5846	"ENSG00000109323.4"	"MANBA"	chr4	-	103585841	103590206	103585841	103586009	103590119	103590206	5846	4,0	40,33	3,1	57,32	197	99	0.764405282713	1.0	0.048,0.0	0.026,0.015	0.004
584	"ENSG00000142864.10"	"SERBP1"	chr1	-	67890613	67890803	67890613	67890660	67890765	67890803	584	3,2	923,1274	5,3	953,794	197	99	1	1.0	0.002,0.001	0.003,0.002	-0.001
5851	"ENSG00000171453.13"	"POLR1C"	chr6	+	43487443	43487923	43487443	43487643	43487803	43487923	5851	41,31	2,0	57,36	2,2	197	99	0.766605434591	1.0	0.912,1.0	0.935,0.9	0.038
5853	"ENSG00000171453.13"	"POLR1C"	chr6	+	43487443	43487923	43487443	43487576	43487812	43487923	5853	251,203	0,1	217,224	0,0	197	99	1	1.0	1.0,0.99	1.0,1.0	-0.005
5854	"ENSG00000171453.13"	"POLR1C"	chr6	+	43487443	43487923	43487443	43487576	43487850	43487923	5854	64,638	0,1	151,205	0,0	197	99	1	1.0	1.0,0.997	1.0,1.0	-0.002
585	"ENSG00000256269.2"	"HMBS"	chr11	+	118958696	118959018	118958696	118958788	118958909	118959018	585	279,95	0,0	208,221	0,1	197	99	1	1.0	1.0,1.0	1.0,0.991	0.004
5861	"ENSG00000121073.9"	"SLC35B1"	chr17	-	47783227	47783671	47783227	47783258	47783565	47783671	5861	4,10	34,48	7,4	38,26	197	99	0.930966245583	1.0	0.056,0.095	0.085,0.072	-0.003
5862	"ENSG00000121073.9"	"SLC35B1"	chr17	-	47782485	47783671	47782485	47782643	47783227	47783671	5862	7,13	61,94	8,5	82,60	197	99	0.429321869887	1.0	0.055,0.065	0.047,0.04	0.017
5868	"ENSG00000125995.11"	"ROMO1"	chr20	+	34287372	34287685	34287372	34287416	34287554	34287685	5868	53,32	1,5	33,22	1,1	197	99	0.6578105264	1.0	0.964,0.763	0.943,0.917	-0.067
5869	"ENSG00000006025.7"	"OSBPL7"	chr17	-	45884738	45885765	45884738	45885202	45885556	45885765	5869	17,82	0,0	50,32	1,0	197	99	1	1.0	1.0,1.0	0.962,1.0	0.019
586	"ENSG00000256269.2"	"HMBS"	chr11	+	118959344	118959841	118959344	118959417	118959791	118959841	586	73,31	573,373	65,43	464,384	197	99	0.377224031983	1.0	0.06,0.04	0.066,0.053	-0.009
5870	"ENSG00000006025.7"	"OSBPL7"	chr17	-	45893472	45893848	45893472	45893568	45893753	45893848	5870	7,10	12,15	8,5	14,9	197	99	0.878217857025	1.0	0.227,0.251	0.223,0.218	0.018
5872	"ENSG00000180229.8"	"HERC2P3"	chr15	-	20644179	20644908	20644179	20644376	20644760	20644908	5872	29,25	3,10	29,17	9,7	197	99	0.449614905762	1.0	0.829,0.557	0.618,0.55	0.109
5874	"ENSG00000177685.12"	"EFCAB4A"	chr11	+	828229	828772	828229	828259	828574	828772	5874	19,29	1,3	30,18	1,0	197	99	0.481652413667	1.0	0.905,0.829	0.938,1.0	-0.102
5875	"ENSG00000177685.12"	"EFCAB4A"	chr11	+	830865	831295	830865	831032	831223	831295	5875	3,16	13,4	13,7	5,4	197	99	0.380674315483	1.0	0.104,0.668	0.566,0.468	-0.131
5876	"ENSG00000177685.12"	"EFCAB4A"	chr11	+	830620	831295	830620	830713	831223	831295	5876	3,17	2,0	9,5	0,0	197	99	1	1.0	0.43,1.0	1.0,1.0	-0.285
587	"ENSG00000256269.2"	"HMBS"	chr11	+	118959344	118959841	118959344	118959417	118959809	118959841	587	119,508	0,2	549,470	2,1	197	99	1	1.0	1.0,0.992	0.993,0.996	0.002
5881	"ENSG00000165801.5"	"ARHGEF40"	chr14	+	21556988	21557704	21556988	21557035	21557172	21557704	5881	1,6	5,3	5,3	4,2	197	99	0.624154430188	1.0	0.091,0.501	0.386,0.43	-0.112
5882	"ENSG00000165801.5"	"ARHGEF40"	chr14	+	21555159	21555622	21555159	21555264	21555478	21555622	5882	10,12	3,5	2,2	2,1	197	99	0.480231696872	1.0	0.626,0.547	0.334,0.501	0.169
5883	"ENSG00000162066.10"	"AMDHD2"	chr16	+	2570769	2571124	2570769	2570906	2570984	2571124	5883	1,0	19,15	1,1	8,8	176	99	0.22252678632	1.0	0.029,0.0	0.066,0.066	-0.052
5886	"ENSG00000168066.16"	"SF1"	chr11	-	64532077	64533627	64532077	64532990	64533422	64533627	5886	221,286	5,15	203,143	9,5	197	99	0.86468694685	1.0	0.957,0.905	0.919,0.935	0.004
5887	"ENSG00000120318.11"	"ARAP3"	chr5	-	141041250	141041822	141041250	141041356	141041669	141041822	5887	32,49	0,2	30,20	1,1	197	99	0.513894096456	1.0	1.0,0.925	0.938,0.91	0.039
588	"ENSG00000256269.2"	"HMBS"	chr11	+	118959344	118959841	118959344	118959558	118959791	118959841	588	39,37	7,2	54,39	3,2	197	99	0.263770066885	1.0	0.737,0.903	0.9,0.907	-0.083
5890	"ENSG00000039523.13"	"FAM65A"	chr16	+	67574360	67574607	67574360	67574404	67574481	67574607	5890	2,4	70,49	2,2	54,41	175	99	0.947363087616	1.0	0.016,0.044	0.021,0.027	0.006
5891	"ENSG00000039523.13"	"FAM65A"	chr16	+	67579851	67580134	67579851	67579935	67580043	67580134	5891	9,2	18,13	6,3	13,8	197	99	0.661640961457	1.0	0.201,0.072	0.188,0.159	-0.037
5894	"ENSG00000143774.12"	"GUK1"	chr1	+	228335106	228335400	228335106	228335245	228335315	228335400	5894	10,23	486,527	18,11	419,312	168	99	0.454621470859	1.0	0.012,0.025	0.025,0.02	-0.004
5895	"ENSG00000143774.12"	"GUK1"	chr1	+	228335106	228335400	228335106	228335245	228335321	228335400	5895	518,568	11,6	465,327	6,4	174	99	0.713209864919	1.0	0.964,0.982	0.978,0.979	-0.005
5897	"ENSG00000143774.12"	"GUK1"	chr1	+	228333211	228333768	228333211	228333325	228333726	228333768	5897	111,136	582,534	137,78	503,365	197	99	0.47746728809	1.0	0.087,0.113	0.12,0.097	-0.008
5898	"ENSG00000143774.12"	"GUK1"	chr1	+	228333210	228333768	228333210	228333350	228333726	228333768	5898	42,68	1,3	25,15	0,1	197	99	0.699800950432	1.0	0.955,0.919	1.0,0.883	-0.004
589	"ENSG00000256269.2"	"HMBS"	chr11	+	118962834	118963521	118962834	118963233	118963467	118963521	589	39,40	487,264	51,34	377,330	197	99	0.576303749297	1.0	0.039,0.071	0.064,0.049	-0.002
5900	"ENSG00000128513.10"	"POT1"	chr7	-	124462439	124464128	124462439	124462605	124463850	124464128	5900	111,128	0,4	100,91	1,1	197	99	0.803782762888	1.0	1.0,0.941	0.98,0.979	-0.009
5902	"ENSG00000104805.11"	"NUCB1"	chr19	+	49422286	49422543	49422286	49422379	49422450	49422543	5902	9,8	505,281	11,8	412,323	169	99	0.644682743011	1.0	0.01,0.016	0.015,0.014	-0.001
5905	"ENSG00000223745.3"	"RP4-717I23.3"	chr1	-	93803786	93803976	93803786	93803825	93803930	93803976	5905	82,0	5,0	70,46	8,3	197	99	1	1.0	0.892,NA	0.815,0.885	0.042
5907	"ENSG00000196843.11"	"ARID5A"	chr2	+	97215489	97216022	97215489	97215542	97215924	97216022	5907	2,3	0,7	2,2	4,2	197	99	0.604317515276	1.0	1.0,0.177	0.201,0.334	0.321
5908	"ENSG00000158769.13"	"F11R"	chr1	-	160970809	160971143	160970809	160970917	160971074	160971143	5908	0,2	63,234	3,1	174,128	197	99	1	1.0	0.0,0.004	0.009,0.004	-0.004
5909	"ENSG00000165055.11"	"METTL2B"	chr7	+	128116782	128117227	128116782	128116929	128117135	128117227	5909	28,21	147,178	28,17	128,98	197	99	0.254582854951	1.0	0.087,0.056	0.099,0.08	-0.018
590	"ENSG00000256269.2"	"HMBS"	chr11	+	118958696	118959018	118958696	118958788	118958964	118959018	590	363,194	457,401	296,251	536,467	197	99	0.332111416994	1.0	0.285,0.196	0.217,0.213	0.025
5911	"ENSG00000165283.11"	"STOML2"	chr9	-	35100594	35101008	35100594	35100723	35100928	35101008	5911	22,16	343,525	13,7	313,254	197	99	0.542710331403	1.0	0.031,0.015	0.02,0.014	0.006
5913	"ENSG00000008128.18"	"CDK11A"	chr1	-	1635988	1636463	1635988	1636094	1636214	1636463	5913	28,28	1,1	37,23	2,2	197	99	0.681515915802	1.0	0.934,0.934	0.903,0.852	0.057
5915	"ENSG00000008128.18"	"CDK11A"	chr1	-	1634914	1635379	1634914	1635079	1635262	1635379	5915	7,93	0,1	14,16	0,0	197	99	1	1.0	1.0,0.979	1.0,1.0	-0.01
5916	"ENSG00000008128.18"	"CDK11A"	chr1	-	1635477	1635783	1635477	1635585	1635661	1635783	5916	0,0	18,20	3,1	23,17	174	99	0.264609567986	1.0	0.0,0.0	0.069,0.032	-0.051
5921	"ENSG00000071859.10"	"FAM50A"	chrX	+	153678028	153678279	153678028	153678083	153678230	153678279	5921	100,149	91,34	70,43	45,31	197	99	0.384191889947	1.0	0.356,0.688	0.439,0.411	0.097
5924	"ENSG00000105655.14"	"ISYNA1"	chr19	-	18548408	18548798	18548408	18548570	18548669	18548798	5924	57,64	74,63	67,38	79,50	197	99	0.691245745455	1.0	0.279,0.338	0.299,0.276	0.021
5925	"ENSG00000105655.14"	"ISYNA1"	chr19	-	18547139	18547915	18547139	18547289	18547782	18547915	5925	63,52	1,0	93,57	2,1	197	99	0.769472140453	1.0	0.969,1.0	0.959,0.966	0.022
592	"ENSG00000256269.2"	"HMBS"	chr11	+	118960392	118960777	118960392	118960470	118960699	118960777	592	47,20	487,303	43,26	388,312	197	99	0.453770841301	1.0	0.046,0.032	0.053,0.04	-0.007
5930	"ENSG00000125733.13"	"TRIP10"	chr19	+	6750302	6750644	6750302	6750442	6750522	6750644	5930	2,3	270,238	4,2	214,134	178	99	0.744702126648	1.0	0.004,0.007	0.01,0.008	-0.004
5933	"ENSG00000106290.10"	"TAF6"	chr7	-	99710971	99711392	99710971	99711028	99711302	99711392	5933	66,110	0,0	105,76	1,0	197	99	0.671368293094	1.0	1.0,1.0	0.981,1.0	0.01
5934	"ENSG00000106290.10"	"TAF6"	chr7	-	99710971	99711392	99710971	99711028	99711238	99711392	5934	9,13	127,129	13,8	150,105	197	99	0.9083026982	1.0	0.034,0.048	0.042,0.037	0.002
5935	"ENSG00000179364.9"	"PACS2"	chr14	+	105849695	105850800	105849695	105849850	105850689	105850800	5935	0,1	21,13	1,0	10,6	197	99	0.424585445799	1.0	0.0,0.037	0.048,0.0	-0.006
5936	"ENSG00000131435.8"	"PDLIM4"	chr5	+	131606995	131607601	131606995	131607159	131607483	131607601	5936	3,13	2,6	8,5	6,4	197	99	0.468659029359	1.0	0.43,0.521	0.401,0.386	0.082
5937	"ENSG00000131435.8"	"PDLIM4"	chr5	+	131606995	131607601	131606995	131607159	131607381	131607601	5937	3,19	1,0	5,4	0,0	197	99	1	1.0	0.601,1.0	1.0,1.0	-0.2
5938	"ENSG00000162772.12"	"ATF3"	chr1	+	212788359	212788603	212788359	212788387	212788493	212788603	5938	1,35	0,1	41,28	0,0	197	99	1	1.0	1.0,0.946	1.0,1.0	-0.027
5940	"ENSG00000162772.12"	"ATF3"	chr1	+	212792387	212792897	212792387	212792608	212792699	212792897	5940	2,3	0,0	8,5	1,0	189	99	1	1.0	1.0,1.0	0.807,1.0	0.097
5941	"ENSG00000128699.9"	"ORMDL1"	chr2	-	190647147	190647849	190647147	190647328	190647739	190647849	5941	28,7	22,29	10,7	15,9	197	99	0.766121002899	1.0	0.39,0.108	0.251,0.281	-0.017
5942	"ENSG00000158545.11"	"ZC3H18"	chr16	+	88688604	88689752	88688604	88688796	88689626	88689752	5942	0,2	69,234	2,1	161,126	197	99	1	1.0	0.0,0.004	0.006,0.004	-0.003
5943	"ENSG00000125962.10"	"ARMCX5"	chrX	+	101854437	101854775	101854437	101854514	101854633	101854775	5943	17,17	1,0	11,12	0,0	197	99	1	1.0	0.895,1.0	1.0,1.0	-0.052
5945	"ENSG00000007923.11"	"DNAJC11"	chr1	-	6698142	6698424	6698142	6698232	6698354	6698424	5945	1,21	0,1	7,9	0,0	197	99	1	1.0	1.0,0.913	1.0,1.0	-0.043
5946	"ENSG00000007923.11"	"DNAJC11"	chr1	-	6697506	6698424	6697506	6697564	6698142	6698424	5946	15,7	0,1	12,10	2,2	197	99	0.417970703079	1.0	1.0,0.779	0.751,0.715	0.156
5950	"ENSG00000065361.10"	"ERBB3"	chr12	+	56492283	56492689	56492283	56492359	56492542	56492689	5950	0,3	0,14	1,1	7,7	197	99	1	1.0	NA,0.097	0.067,0.067	0.03
5951	"ENSG00000115942.4"	"ORC2"	chr2	-	201778017	201778715	201778017	201778136	201778653	201778715	5951	31,32	134,125	35,28	115,78	197	99	0.187780992492	1.0	0.104,0.114	0.133,0.153	-0.034
5952	"ENSG00000204091.3"	"TDRG1"	chr6	+	40346075	40346636	40346075	40346311	40346461	40346636	5952	78,10	7,5	46,25	3,2	197	99	0.253677824433	1.0	0.848,0.501	0.885,0.863	-0.2
5954	"ENSG00000166507.12"	"NDST2"	chr10	-	75567141	75568487	75567141	75567909	75568111	75568487	5954	62,36	1,0	28,21	1,0	197	99	1	1.0	0.969,1.0	0.934,1.0	0.017
5957	"ENSG00000100101.13"	"NOL12"	chr22	+	38087180	38089483	38087180	38087431	38089338	38089483	5957	8,29	15,9	18,12	11,8	197	99	0.830490275668	1.0	0.211,0.618	0.451,0.43	-0.026
5958	"ENSG00000132128.12"	"LRRC41"	chr1	-	46744853	46745286	46744853	46744929	46745163	46745286	5958	9,11	32,27	5,4	28,18	197	99	0.30269798316	1.0	0.124,0.17	0.082,0.1	0.056
595	"ENSG00000157353.12"	"FUK"	chr16	+	70500784	70501374	70500784	70500857	70501276	70501374	595	12,14	10,3	8,5	7,4	197	99	0.38348343517	1.0	0.376,0.701	0.365,0.386	0.163
5960	"ENSG00000113460.8"	"BRIX1"	chr5	+	34922624	34922873	34922624	34922693	34922799	34922873	5960	0,2	557,875	10,7	427,407	197	99	0.675749028671	1.0	0.0,0.001	0.012,0.009	-0.01
596	"ENSG00000157353.12"	"FUK"	chr16	+	70500784	70501869	70500784	70500857	70501788	70501869	596	1,13	2,0	4,3	0,0	197	99	1	1.0	0.201,1.0	1.0,1.0	-0.399
5971	"ENSG00000115282.15"	"TTC31"	chr2	+	74717151	74717600	74717151	74717254	74717370	74717600	5971	11,12	29,26	10,7	24,18	197	99	0.981275755188	1.0	0.16,0.188	0.173,0.163	0.006
5972	"ENSG00000115282.15"	"TTC31"	chr2	+	74717370	74718311	74717370	74717600	74717782	74718311	5972	13,9	67,35	11,7	47,36	197	99	0.921841905203	1.0	0.089,0.114	0.105,0.089	0.005
5973	"ENSG00000115282.15"	"TTC31"	chr2	+	74717782	74718311	74717782	74717866	74718254	74718311	5973	12,8	73,52	13,6	48,36	197	99	0.325196715573	1.0	0.076,0.072	0.12,0.077	-0.025
5974	"ENSG00000115282.15"	"TTC31"	chr2	+	74719130	74721686	74719130	74719182	74719265	74721686	5974	0,1	11,21	1,0	22,12	181	99	0.954812151316	1.0	0.0,0.025	0.024,0.0	0.001
5975	"ENSG00000115282.15"	"TTC31"	chr2	+	74719265	74719572	74719265	74719356	74719430	74719572	5975	0,3	4,8	7,4	8,5	172	99	0.198173234153	1.0	0.0,0.178	0.335,0.315	-0.236
5976	"ENSG00000239779.2"	"WBP1"	chr2	+	74686564	74686872	74686564	74686679	74686769	74686872	5976	44,23	11,2	30,16	5,3	188	99	0.827068925582	1.0	0.678,0.858	0.76,0.737	0.02
5977	"ENSG00000239779.2"	"WBP1"	chr2	+	74686564	74686872	74686564	74686689	74686769	74686872	5977	12,6	30,18	11,6	19,10	178	99	0.281960709323	1.0	0.182,0.156	0.244,0.25	-0.078
597	"ENSG00000157353.12"	"FUK"	chr16	+	70512453	70513306	70512453	70512553	70513082	70513306	597	17,5	15,19	6,6	8,6	197	99	0.505741222408	1.0	0.363,0.117	0.274,0.334	-0.064
5983	"ENSG00000186185.9"	"KIF18B"	chr17	-	43003359	43003867	43003359	43003554	43003781	43003867	5983	59,121	4,8	102,72	8,6	197	99	0.684502120535	1.0	0.881,0.884	0.865,0.858	0.021
5984	"ENSG00000186185.9"	"KIF18B"	chr17	-	43009689	43010141	43009689	43009924	43010040	43010141	5984	30,44	1,3	24,17	1,1	197	99	0.953120177538	1.0	0.938,0.881	0.923,0.895	0.0
5985	"ENSG00000102226.5"	"USP11"	chrX	+	47098749	47099306	47098749	47098880	47099188	47099306	5985	1,1	27,36	2,1	27,18	197	99	0.439300216305	1.0	0.018,0.014	0.036,0.027	-0.015
5988	"ENSG00000176894.5"	"PXMP2"	chr12	+	133277835	133278270	133277835	133277955	133278079	133278270	5988	1,36	2,0	5,9	0,0	197	99	1	1.0	0.201,1.0	1.0,1.0	-0.399
598	"ENSG00000157353.12"	"FUK"	chr16	+	70512453	70513306	70512453	70512553	70512699	70513306	598	39,26	1,2	19,15	1,1	197	99	0.683295845072	1.0	0.951,0.867	0.905,0.883	0.015
5990	"ENSG00000187778.9"	"MCRS1"	chr12	-	49961429	49961656	49961429	49961532	49961626	49961656	5990	3,4	0,0	6,6	0,1	192	99	1	1.0	1.0,1.0	1.0,0.756	0.122
5991	"ENSG00000187778.9"	"MCRS1"	chr12	-	49959859	49960624	49959859	49959998	49960434	49960624	5991	16,14	0,1	2,2	0,0	197	99	1	1.0	1.0,0.876	1.0,1.0	-0.062
5992	"ENSG00000187778.9"	"MCRS1"	chr12	-	49959859	49960624	49959859	49959998	49960522	49960624	5992	147,115	2,0	55,59	0,0	197	99	0.535398821253	1.0	0.974,1.0	1.0,1.0	-0.013
5993	"ENSG00000187778.9"	"MCRS1"	chr12	-	49959859	49960624	49959859	49959998	49960504	49960624	5993	29,19	69,86	27,19	79,60	197	99	0.794151510519	1.0	0.174,0.1	0.147,0.137	-0.005
5994	"ENSG00000187778.9"	"MCRS1"	chr12	-	49959859	49960624	49959859	49959990	49960504	49960624	5994	58,90	0,3	74,64	0,0	197	99	0.341019119047	1.0	1.0,0.938	1.0,1.0	-0.031
5996	"ENSG00000115307.12"	"AUP1"	chr2	-	74754067	74754490	74754067	74754279	74754374	74754490	5996	53,48	1,4	60,35	3,1	193	99	0.789922464723	1.0	0.965,0.86	0.911,0.947	-0.017
5997	"ENSG00000115307.12"	"AUP1"	chr2	-	74754067	74754490	74754067	74754248	74754374	74754490	5997	47,67	65,72	70,42	68,47	197	99	0.453450522719	1.0	0.267,0.319	0.341,0.31	-0.032
5998	"ENSG00000115307.12"	"AUP1"	chr2	-	74754067	74754490	74754067	74754178	74754374	74754490	5998	253,624	0,2	431,377	0,0	197	99	1	1.0	1.0,0.994	1.0,1.0	-0.003
5999	"ENSG00000115307.12"	"AUP1"	chr2	-	74754067	74754490	74754067	74754211	74754374	74754490	5999	57,244	0,2	80,81	0,0	197	99	0.788501604941	1.0	1.0,0.984	1.0,1.0	-0.008
599	"ENSG00000157353.12"	"FUK"	chr16	+	70500784	70501869	70500784	70501374	70501788	70501869	599	5,6	14,6	6,4	7,5	197	99	0.56524455643	1.0	0.152,0.334	0.301,0.287	-0.051
6000	"ENSG00000115307.12"	"AUP1"	chr2	-	74754067	74754490	74754067	74754186	74754374	74754490	6000	111,133	634,351	146,96	465,357	197	99	0.386881062283	1.0	0.081,0.16	0.136,0.119	-0.007
6002	"ENSG00000115307.12"	"AUP1"	chr2	-	74754067	74754490	74754067	74754248	74754338	74754490	6002	36,46	0,0	56,34	1,1	188	99	0.826030334023	1.0	1.0,1.0	0.967,0.947	0.043
6003	"ENSG00000115307.12"	"AUP1"	chr2	-	74754067	74754490	74754067	74754186	74754338	74754490	6003	33,136	0,3	95,75	1,0	197	99	0.487963654218	1.0	1.0,0.958	0.979,1.0	-0.011
6004	"ENSG00000115307.12"	"AUP1"	chr2	-	74755379	74755616	74755379	74755448	74755543	74755616	6004	28,43	392,321	26,19	197,185	193	99	0.427187961986	1.0	0.035,0.064	0.063,0.05	-0.007
6006	"ENSG00000115307.12"	"AUP1"	chr2	-	74755379	74755616	74755379	74755473	74755543	74755616	6006	18,7	1,0	9,10	0,0	168	99	1	1.0	0.914,1.0	1.0,1.0	-0.043
6007	"ENSG00000213672.3"	"NCKIPSD"	chr3	-	48716309	48716616	48716309	48716402	48716487	48716616	6007	8,7	35,32	10,6	28,17	183	99	0.260634236705	1.0	0.11,0.106	0.162,0.16	-0.053
6009	"ENSG00000197037.6"	"ZSCAN25"	chr7	+	99217183	99219197	99217183	99217616	99218995	99219197	6009	8,6	16,18	4,3	15,12	197	99	0.502393418261	1.0	0.201,0.143	0.118,0.112	0.057
6011	"ENSG00000109475.12"	"RPL34"	chr4	+	109541781	109543180	109541781	109541957	109543106	109543180	6011	28,0	9,0	16,16	1,1	197	99	1	1.0	0.61,NA	0.889,0.889	-0.279
6012	"ENSG00000197223.7"	"C1D"	chr2	-	68273119	68273542	68273119	68273175	68273475	68273542	6012	4,7	108,156	3,1	106,83	197	99	0.404639785923	1.0	0.018,0.022	0.014,0.006	0.01
6016	"ENSG00000164076.12"	"CAMKV"	chr3	-	49899477	49899835	49899477	49899609	49899726	49899835	6016	1,0	1,0	0,0	2,2	197	99	1	1.0	0.334,NA	0.0,0.0	0.334
601	"ENSG00000130803.10"	"ZNF317"	chr19	+	9267287	9268070	9267287	9267412	9267943	9268070	601	3,44	0,1	12,15	0,0	197	99	1	1.0	1.0,0.957	1.0,1.0	-0.022
6023	"ENSG00000163702.14"	"IL17RC"	chr3	+	9965564	9965975	9965564	9965821	9965915	9965975	6023	26,4	5,1	37,19	5,2	192	99	0.4584852053	1.0	0.728,0.673	0.792,0.83	-0.11
6024	"ENSG00000163702.14"	"IL17RC"	chr3	+	9965564	9965975	9965564	9965665	9965915	9965975	6024	14,26	0,3	40,22	1,1	197	99	0.49614544734	1.0	1.0,0.813	0.953,0.917	-0.029
6025	"ENSG00000042317.12"	"SPATA7"	chr14	+	88893973	88895807	88893973	88894040	88895691	88895807	6025	1,2	3,1	0,0	3,3	197	99	1	1.0	0.143,0.501	0.0,0.0	0.322
6027	"ENSG00000144136.6"	"SLC20A1"	chr2	+	113409846	113410375	113409846	113409889	113410278	113410375	6027	53,33	0,2	7,7	0,0	197	99	1	1.0	1.0,0.892	1.0,1.0	-0.054
6028	"ENSG00000144136.6"	"SLC20A1"	chr2	+	113417963	113418803	113417963	113418149	113418718	113418803	6028	2,5	246,483	5,4	277,237	197	99	1	1.0	0.004,0.005	0.009,0.008	-0.004
602	"ENSG00000130803.10"	"ZNF317"	chr19	+	9267287	9268070	9267287	9267424	9267943	9268070	602	0,9	29,24	7,6	23,16	197	99	0.195934210192	1.0	0.0,0.159	0.133,0.159	-0.067
6032	"ENSG00000160602.9"	"NEK8"	chr17	+	27064323	27064754	27064323	27064532	27064692	27064754	6032	1,13	1,1	6,5	2,2	197	99	0.693735961616	1.0	0.334,0.867	0.601,0.557	0.022
6034	"ENSG00000004777.14"	"ARHGAP33"	chr19	+	36278069	36279724	36278069	36278461	36278545	36279724	6034	24,23	4,3	19,11	4,3	182	99	0.475590092114	1.0	0.765,0.807	0.721,0.666	0.093
6038	"ENSG00000123136.10"	"DDX39A"	chr19	-	14523362	14524036	14523362	14523523	14523824	14524036	6038	0,15	0,1	8,9	0,0	197	99	1	1.0	NA,0.883	1.0,1.0	-0.117
6041	"ENSG00000123136.10"	"DDX39A"	chr19	-	14520114	14520457	14520114	14520259	14520347	14520457	6041	40,36	138,219	31,18	143,106	186	99	0.740076868867	1.0	0.134,0.08	0.103,0.083	0.014
6042	"ENSG00000125503.8"	"PPP1R12C"	chr19	-	55604383	55604601	55604383	55604444	55604520	55604601	6042	23,12	44,29	10,7	35,24	174	99	0.189159251116	1.0	0.229,0.191	0.14,0.142	0.069
6044	"ENSG00000155366.12"	"RHOC"	chr1	-	113245184	113245741	113245184	113245315	113245620	113245741	6044	30,18	1239,1175	19,12	728,552	197	99	0.411865535071	1.0	0.012,0.008	0.013,0.011	-0.002
6045	"ENSG00000188542.5"	"DUSP28"	chr2	+	241500746	241503431	241500746	241500936	241503090	241503431	6045	12,2	12,0	6,4	7,6	197	99	0.454284129911	1.0	0.334,1.0	0.301,0.251	0.391
6047	"ENSG00000271793.1"	"RP11-321N4.5"	chr6	-	86281854	86282089	86281854	86281905	86282015	86282089	6047	33,40	0,1	22,25	0,0	197	99	1	1.0	1.0,0.953	1.0,1.0	-0.024
6049	"ENSG00000162032.11"	"SPSB3"	chr16	-	1827747	1828613	1827747	1827873	1827946	1828613	6049	1,7	35,50	5,2	47,31	171	99	0.884857875597	1.0	0.016,0.075	0.058,0.036	-0.002
6050	"ENSG00000162032.11"	"SPSB3"	chr16	-	1828134	1828613	1828134	1828322	1828435	1828613	6050	9,24	14,18	14,10	23,13	197	99	0.340559617191	1.0	0.244,0.401	0.234,0.279	0.066
6052	"ENSG00000115211.11"	"EIF2B4"	chr2	-	27592280	27592786	27592280	27592416	27592742	27592786	6052	10,20	201,336	17,11	217,166	197	99	0.336866948276	1.0	0.024,0.029	0.038,0.032	-0.009
6053	"ENSG00000115211.11"	"EIF2B4"	chr2	-	27592280	27593190	27592280	27592786	27593122	27593190	6053	0,4	0,1	1,1	0,0	197	99	1	1.0	NA,0.668	1.0,1.0	-0.332
6056	"ENSG00000151092.12"	"NGLY1"	chr3	-	25777799	25778946	25777799	25777891	25778824	25778946	6056	8,16	2,0	16,10	4,3	197	99	0.347416194588	1.0	0.668,1.0	0.668,0.626	0.187
6058	"ENSG00000166783.15"	"KIAA0430"	chr16	-	15728613	15730199	15728613	15728788	15729512	15730199	6058	4,0	51,66	2,2	49,35	197	99	0.59548754587	1.0	0.038,0.0	0.02,0.028	-0.005
6059	"ENSG00000197448.9"	"GSTK1"	chr7	+	142960563	142961260	142960563	142960796	142961178	142961260	6059	57,53	1,1	38,24	1,0	197	99	0.789194268689	1.0	0.966,0.964	0.95,1.0	-0.01
605	"ENSG00000147416.6"	"ATP6V1B2"	chr8	+	20070292	20074835	20070292	20070416	20074730	20074835	605	0,0	1,1	8,8	0,0	197	99	1	1.0	0.0,0.0	1.0,1.0	-1.0
6060	"ENSG00000197448.9"	"GSTK1"	chr7	+	142961640	142962185	142961640	142961769	142962084	142962185	6060	80,75	713,217	71,59	400,361	197	99	0.608644272614	1.0	0.053,0.148	0.082,0.076	0.021
6061	"ENSG00000197448.9"	"GSTK1"	chr7	+	142962084	142962389	142962084	142962185	142962353	142962389	6061	127,71	430,148	77,62	232,200	197	99	0.54429669733	1.0	0.129,0.194	0.143,0.135	0.022
6065	"ENSG00000102878.11"	"HSF4"	chr16	+	67203181	67203848	67203181	67203251	67203533	67203848	6065	22,21	0,0	32,16	2,1	197	99	1	1.0	1.0,1.0	0.889,0.889	0.111
6066	"ENSG00000102878.11"	"HSF4"	chr16	+	67199424	67199749	67199424	67199533	67199621	67199749	6066	6,13	17,15	7,5	14,7	186	99	0.836290120568	1.0	0.158,0.316	0.21,0.275	-0.006
6068	"ENSG00000102878.11"	"HSF4"	chr16	+	67199848	67200298	67199848	67199973	67200222	67200298	6068	18,38	1,5	26,16	2,2	197	99	0.910552564083	1.0	0.9,0.793	0.867,0.801	0.012
6070	"ENSG00000087095.8"	"NLK"	chr17	+	26521607	26523407	26521607	26521734	26523205	26523407	6070	107,35	8,0	47,36	2,1	197	99	0.69899189299	1.0	0.87,1.0	0.922,0.948	0.0
6071	"ENSG00000244754.4"	"N4BP2L2"	chr13	-	33112784	33112962	33112784	33112821	33112914	33112962	6071	27,33	0,1	2,1	0,0	191	99	1	1.0	1.0,0.945	1.0,1.0	-0.028
6073	"ENSG00000197816.9"	"CCDC180"	chr9	+	100124477	100124723	100124477	100124533	100124644	100124723	6073	3,0	5,4	2,1	3,2	197	99	0.535848385352	1.0	0.232,0.0	0.251,0.201	-0.11
6074	"ENSG00000115421.8"	"PAPOLG"	chr2	+	61021105	61022155	61021105	61021326	61022098	61022155	6074	2,4	0,0	3,1	5,4	197	99	1	1.0	1.0,1.0	0.232,0.112	0.828
6079	"ENSG00000131591.13"	"C1orf159"	chr1	-	1019294	1019763	1019294	1019466	1019732	1019763	6079	29,50	2,12	30,22	6,3	197	99	0.911021014115	1.0	0.879,0.677	0.715,0.787	0.027
6080	"ENSG00000131591.13"	"C1orf159"	chr1	-	1019732	1019886	1019732	1019763	1019860	1019886	6080	19,16	33,66	12,7	45,34	195	99	0.29697796236	1.0	0.226,0.11	0.119,0.095	0.061
6084	"ENSG00000167548.10"	"KMT2D"	chr12	-	49424062	49424551	49424062	49424153	49424383	49424551	6084	38,36	0,3	27,18	1,0	197	99	0.50410019998	1.0	1.0,0.858	0.931,1.0	-0.036
6085	"ENSG00000167548.10"	"KMT2D"	chr12	-	49424062	49424551	49424062	49424222	49424383	49424551	6085	7,7	46,53	5,3	49,36	197	99	0.484186896538	1.0	0.071,0.062	0.049,0.04	0.022
6086	"ENSG00000064601.12"	"CTSA"	chr20	+	44520911	44521123	44520911	44520962	44521036	44521123	6086	9,9	63,104	6,4	46,35	172	99	0.639853855741	1.0	0.076,0.047	0.07,0.062	-0.005
6087	"ENSG00000064601.12"	"CTSA"	chr20	+	44521599	44521950	44521599	44521784	44521858	44521950	6087	11,11	0,0	8,5	1,0	172	99	1	1.0	1.0,1.0	0.822,1.0	0.089
608	"ENSG00000115677.12"	"HDLBP"	chr2	-	242208368	242208710	242208368	242208520	242208615	242208710	608	2,5	1,0	14,9	1,1	193	99	0.711311033945	1.0	0.506,1.0	0.878,0.822	-0.097
6091	"ENSG00000140988.11"	"RPS2"	chr16	-	2012643	2012910	2012643	2012650	2012736	2012910	6091	130,193	0,0	234,192	1,1	184	99	0.588543381795	1.0	1.0,1.0	0.992,0.99	0.009
6092	"ENSG00000140988.11"	"RPS2"	chr16	-	2012061	2012657	2012061	2012271	2012497	2012657	6092	119,213	21487,21182	246,162	20788,18226	197	99	1	1.0	0.003,0.005	0.006,0.004	-0.001
6093	"ENSG00000140988.11"	"RPS2"	chr16	-	2012497	2012910	2012497	2012607	2012736	2012910	6093	10623,11160	2,8	9225,7057	3,2	197	99	1	1.0	1.0,0.999	0.999,0.999	0.001
6094	"ENSG00000140988.11"	"RPS2"	chr16	-	2012497	2012910	2012497	2012657	2012736	2012910	6094	77,129	7147,7940	97,53	7488,5613	177	99	1	1.0	0.006,0.009	0.007,0.005	0.001
6095	"ENSG00000140988.11"	"RPS2"	chr16	-	2012736	2013257	2012736	2012910	2013149	2013257	6095	46,115	5652,5932	143,74	6542,5035	197	99	0.8226135072	1.0	0.004,0.01	0.011,0.007	-0.002
6096	"ENSG00000140988.11"	"RPS2"	chr16	-	2012497	2013257	2012497	2012698	2012910	2013257	6096	62,161	11,3	138,70	9,5	197	99	0.961318603632	1.0	0.739,0.964	0.885,0.876	-0.029
6097	"ENSG00000140988.11"	"RPS2"	chr16	-	2012497	2013257	2012497	2012657	2013149	2013257	6097	84,142	10,13	131,68	11,7	197	99	0.754195737362	1.0	0.808,0.846	0.857,0.83	-0.016
6098	"ENSG00000108292.12"	"MLLT6"	chr17	+	36862891	36863282	36862891	36863061	36863202	36863282	6098	5,7	1,0	1,1	0,0	197	99	1	1.0	0.715,1.0	1.0,1.0	-0.143
60	"ENSG00000123329.13"	"ARHGAP9"	chr12	-	57870372	57870746	57870372	57870434	57870653	57870746	60	3,3	0,4	3,2	3,1	197	99	0.274689810962	1.0	1.0,0.274	0.334,0.501	0.22
6101	"ENSG00000148334.10"	"PTGES2"	chr9	-	130887522	130887720	130887522	130887562	130887654	130887720	6101	109,86	0,0	70,56	1,1	190	99	0.18839129406	1.0	1.0,1.0	0.973,0.967	0.03
6103	"ENSG00000148334.10"	"PTGES2"	chr9	-	130884640	130885413	130884640	130884925	130885212	130885413	6103	48,37	1,1	61,44	4,2	197	99	0.495150093405	1.0	0.96,0.949	0.885,0.917	0.053
6104	"ENSG00000134186.7"	"PRPF38B"	chr1	+	109240431	109240639	109240431	109240481	109240568	109240639	6104	0,55	0,0	27,23	0,1	185	99	1	1.0	NA,1.0	1.0,0.925	0.037
6105	"ENSG00000134186.7"	"PRPF38B"	chr1	+	109240321	109241449	109240321	109240485	109241225	109241449	6105	64,61	1,0	52,40	1,1	197	99	0.479714807362	1.0	0.97,1.0	0.963,0.953	0.027
6106	"ENSG00000134186.7"	"PRPF38B"	chr1	+	109240321	109241449	109240321	109240483	109241225	109241449	6106	20,23	1,0	14,14	0,0	197	99	1	1.0	0.91,1.0	1.0,1.0	-0.045
6107	"ENSG00000134186.7"	"PRPF38B"	chr1	+	109238898	109240126	109238898	109238959	109239361	109240126	6107	78,129	0,3	58,48	1,1	197	99	0.540788776764	1.0	1.0,0.956	0.967,0.96	0.014
6109	"ENSG00000240344.4"	"PPIL3"	chr2	-	201753678	201753877	201753678	201753752	201753836	201753877	6109	8,15	1,0	1,1	0,0	182	99	1	1.0	0.813,1.0	1.0,1.0	-0.094
610	"ENSG00000115677.12"	"HDLBP"	chr2	-	242174535	242175009	242174535	242174690	242174904	242175009	610	0,0	0,1	8,5	1,0	197	99	1	1.0	NA,0.0	0.801,1.0	-0.901
6110	"ENSG00000267796.3"	"LIN37"	chr19	+	36243987	36245058	36243987	36244154	36244917	36245058	6110	9,21	19,34	10,6	20,13	197	99	0.777125823069	1.0	0.192,0.237	0.201,0.188	0.02
6111	"ENSG00000267796.3"	"LIN37"	chr19	+	36243987	36245058	36243987	36244094	36244917	36245058	6111	21,47	1,1	32,22	1,0	197	99	0.677190257146	1.0	0.913,0.959	0.941,1.0	-0.034
6115	"ENSG00000185619.13"	"PCGF3"	chr4	+	727672	728816	727672	727844	728719	728816	6115	21,18	1,0	23,27	0,0	197	99	1	1.0	0.913,1.0	1.0,1.0	-0.043
6118	"ENSG00000177595.13"	"PIDD"	chr11	-	799184	800244	799184	799565	799814	800244	6118	3,1	17,22	3,2	17,10	197	99	0.408205014799	1.0	0.081,0.022	0.081,0.091	-0.034
6119	"ENSG00000177595.13"	"PIDD"	chr11	-	799814	800244	799814	800014	800130	800244	6119	26,38	13,9	40,25	10,6	197	99	0.44086422122	1.0	0.501,0.68	0.668,0.677	-0.082
611	"ENSG00000115677.12"	"HDLBP"	chr2	-	242194465	242194963	242194465	242194573	242194945	242194963	611	21,38	0,0	31,27	1,0	197	99	1	1.0	1.0,1.0	0.94,1.0	0.03
6120	"ENSG00000177595.13"	"PIDD"	chr11	-	800761	801120	800761	800912	801017	801120	6120	62,51	0,0	88,59	1,1	197	99	0.763905173771	1.0	1.0,1.0	0.978,0.967	0.028
6121	"ENSG00000177595.13"	"PIDD"	chr11	-	800761	801120	800761	800912	800984	801120	6121	46,52	4,2	67,42	5,3	170	99	0.831622586676	1.0	0.87,0.938	0.886,0.891	0.015
6122	"ENSG00000177595.13"	"PIDD"	chr11	-	802681	803647	802681	802854	803173	803647	6122	0,27	0,1	35,28	3,2	197	99	1	1.0	NA,0.931	0.854,0.876	0.066
6123	"ENSG00000177595.13"	"PIDD"	chr11	-	801444	802090	801444	801624	801964	802090	6123	7,1	29,13	6,4	34,24	197	99	0.784713915376	1.0	0.108,0.037	0.081,0.077	-0.007
6125	"ENSG00000177595.13"	"PIDD"	chr11	-	800761	801120	800761	800912	801001	801120	6125	62,55	1,5	83,51	5,3	187	99	0.81239718709	1.0	0.97,0.853	0.898,0.9	0.012
6126	"ENSG00000187091.9"	"PLCD1"	chr3	-	38049948	38050649	38049948	38050127	38050532	38050649	6126	11,47	104,88	41,29	135,108	197	99	0.918369575873	1.0	0.05,0.212	0.132,0.119	0.006
6127	"ENSG00000187091.9"	"PLCD1"	chr3	-	38051394	38051766	38051394	38051544	38051621	38051766	6127	27,54	239,140	53,36	262,237	175	99	0.368750825674	1.0	0.06,0.179	0.103,0.079	0.028
6128	"ENSG00000187091.9"	"PLCD1"	chr3	-	38050762	38051302	38050762	38050922	38051143	38051302	6128	0,6	207,110	7,3	228,209	197	99	0.807328240525	1.0	0.0,0.027	0.015,0.007	0.003
6129	"ENSG00000142949.12"	"PTPRF"	chr1	+	44085765	44086250	44085765	44085892	44086124	44086250	6129	0,0	10,10	1,0	6,3	197	99	1	1.0	0.0,0.0	0.077,0.0	-0.038
6130	"ENSG00000073331.13"	"ALPK1"	chr4	+	113346820	113347699	113346820	113346907	113347622	113347699	6130	1,0	3,0	1,1	3,2	197	99	1	1.0	0.143,NA	0.143,0.201	-0.029
6131	"ENSG00000073331.13"	"ALPK1"	chr4	+	113346820	113347699	113346820	113346867	113347622	113347699	6131	0,0	0,1	2,2	0,0	197	99	1	1.0	NA,0.0	1.0,1.0	-1.0
6132	"ENSG00000109103.7"	"UNC119"	chr17	-	26873725	26874867	26873725	26874427	26874694	26874867	6132	24,18	53,44	27,16	53,32	197	99	0.582393525805	1.0	0.185,0.171	0.204,0.201	-0.025
6133	"ENSG00000100577.14"	"GSTZ1"	chr14	+	77793814	77794380	77793814	77793895	77794254	77794380	6133	2,3	33,20	3,2	26,18	197	99	0.743024791761	1.0	0.03,0.07	0.055,0.053	-0.004
6135	"ENSG00000133872.9"	"TMEM66"	chr8	-	29931392	29931571	29931392	29931415	29931504	29931571	6135	0,170	0,1	112,118	1,0	187	99	1	1.0	NA,0.989	0.983,1.0	-0.003
6136	"ENSG00000111640.10"	"GAPDH"	chr12	+	6645849	6646176	6645849	6645956	6646085	6646176	6136	53,31	7559,7586	43,31	5814,4595	197	99	1	1.0	0.004,0.002	0.004,0.003	-0.001
6138	"ENSG00000125520.9"	"SLC2A4RG"	chr20	+	62373221	62373583	62373221	62373409	62373482	62373583	6138	3,5	62,58	3,1	80,59	171	99	0.229351800694	1.0	0.027,0.048	0.021,0.01	0.022
6139	"ENSG00000138443.11"	"ABI2"	chr2	+	204291899	204292251	204291899	204291992	204292218	204292251	6139	78,63	8,0	64,49	2,2	197	99	0.784727733496	1.0	0.831,1.0	0.941,0.925	-0.018
6141	"ENSG00000204301.5"	"NOTCH4"	chr6	-	32162619	32164198	32162619	32163927	32164100	32164198	6141	12,7	6,0	3,2	2,1	197	99	0.385022954849	1.0	0.501,1.0	0.43,0.501	0.285
6144	"ENSG00000156256.10"	"USP16"	chr21	+	30418987	30419642	30418987	30419101	30419499	30419642	6144	295,203	0,2	125,123	0,0	197	99	0.858413536677	1.0	1.0,0.981	1.0,1.0	-0.01
6145	"ENSG00000080824.14"	"HSP90AA1"	chr14	-	102551634	102552044	102551634	102551768	102551871	102552044	6145	7,7	0,1	2,2	0,0	197	99	1	1.0	1.0,0.779	1.0,1.0	-0.111
6149	"ENSG00000091536.12"	"MYO15A"	chr17	+	18062588	18063331	18062588	18062661	18063248	18063331	6149	0,0	2,0	1,0	0,1	197	99	1	1.0	0.0,NA	1.0,0.0	-0.5
6152	"ENSG00000100439.6"	"ABHD4"	chr14	+	23072294	23072667	23072294	23072401	23072505	23072667	6152	13,75	0,0	27,19	1,0	197	99	1	1.0	1.0,1.0	0.931,1.0	0.034
6153	"ENSG00000115657.8"	"ABCB6"	chr2	-	220075102	220075545	220075102	220075311	220075432	220075545	6153	5,19	0,2	18,12	0,0	197	99	1	1.0	1.0,0.827	1.0,1.0	-0.087
6154	"ENSG00000115657.8"	"ABCB6"	chr2	-	220075102	220075545	220075102	220075197	220075432	220075545	6154	39,20	84,31	34,17	61,39	197	99	0.941287372044	1.0	0.189,0.245	0.219,0.18	0.017
6156	"ENSG00000185896.9"	"LAMP1"	chr13	+	113974659	113975785	113974659	113974785	113975718	113975785	6156	18,20	54,79	11,7	44,34	197	99	0.635523730755	1.0	0.143,0.113	0.112,0.094	0.025
6157	"ENSG00000128694.7"	"OSGEPL1"	chr2	-	190626145	190626386	190626145	190626251	190626372	190626386	6157	3,31	1,0	11,10	0,0	197	99	1	1.0	0.601,1.0	1.0,1.0	-0.2
6159	"ENSG00000165802.15"	"NSMF"	chr9	-	140342676	140343943	140342676	140342738	140343842	140343943	6159	150,96	2,1	101,90	1,0	197	99	0.833509019774	1.0	0.974,0.98	0.981,1.0	-0.013
6160	"ENSG00000165802.15"	"NSMF"	chr9	-	140347187	140348272	140347187	140347632	140348182	140348272	6160	10,18	85,114	19,9	96,67	197	99	0.504439099927	1.0	0.056,0.074	0.09,0.063	-0.011
6162	"ENSG00000165802.15"	"NSMF"	chr9	-	140347187	140347632	140347187	140347271	140347507	140347632	6162	24,14	455,366	20,13	365,277	197	99	0.673575068267	1.0	0.026,0.019	0.027,0.023	-0.003
6164	"ENSG00000160321.10"	"ZNF208"	chr19	-	22169529	22170113	22169529	22169865	22170017	22170113	6164	8,3	3,3	2,2	2,1	197	99	0.818046394686	1.0	0.573,0.334	0.334,0.501	0.036
6165	"ENSG00000149743.9"	"TRPT1"	chr11	-	63991756	63992189	63991756	63991963	63992125	63992189	6165	91,49	2,1	68,45	2,1	197	99	0.768256284846	1.0	0.958,0.961	0.945,0.958	0.008
6166	"ENSG00000149743.9"	"TRPT1"	chr11	-	63991571	63991813	63991571	63991682	63991756	63991813	6166	7,14	38,22	8,4	24,13	172	99	0.821290504411	1.0	0.096,0.268	0.161,0.15	0.026
6167	"ENSG00000149743.9"	"TRPT1"	chr11	-	63991571	63991813	63991571	63991634	63991756	63991813	6167	78,39	7,2	49,33	5,4	197	99	0.458762261805	1.0	0.848,0.907	0.831,0.806	0.059
6169	"ENSG00000149743.9"	"TRPT1"	chr11	-	63992272	63993052	63992272	63992442	63992970	63993052	6169	25,7	30,22	17,9	17,11	197	99	0.248677905021	1.0	0.295,0.138	0.334,0.291	-0.096
6170	"ENSG00000189171.9"	"S100A13"	chr1	-	153598795	153600074	153598795	153599009	153599958	153600074	6170	13,4	81,171	10,6	142,93	197	99	0.942173928998	1.0	0.075,0.012	0.034,0.031	0.011
6173	"ENSG00000171793.9"	"CTPS1"	chr1	+	41474330	41474562	41474330	41474386	41474465	41474562	6173	33,41	218,151	33,23	136,126	177	99	0.775862251609	1.0	0.078,0.132	0.119,0.093	-0.001
6174	"ENSG00000164032.7"	"H2AFZ"	chr4	-	100869244	100870097	100869244	100869680	100869967	100870097	6174	9,4	912,1410	34,17	1171,958	197	99	0.255500813616	1.0	0.005,0.001	0.014,0.009	-0.009
6175	"ENSG00000164032.7"	"H2AFZ"	chr4	-	100870819	100871425	100870819	100870897	100871246	100871425	6175	0,68	5,4	14,23	0,0	197	99	0.796464678461	1.0	0.0,0.895	1.0,1.0	-0.552
6177	"ENSG00000161513.7"	"FDXR"	chr17	-	72860017	72860469	72860017	72860189	72860269	72860469	6177	12,27	33,34	12,8	32,22	178	99	0.290686288124	1.0	0.168,0.306	0.173,0.168	0.067
6179	"ENSG00000196497.11"	"IPO4"	chr14	-	24652661	24652873	24652661	24652692	24652795	24652873	6179	67,95	1,1	38,36	0,0	197	99	0.419978453697	1.0	0.971,0.979	1.0,1.0	-0.025
617	"ENSG00000129219.9"	"PLD2"	chr17	+	4721296	4721680	4721296	4721401	4721591	4721680	617	3,1	2,2	3,3	3,2	197	99	0.856848042133	1.0	0.43,0.201	0.334,0.43	-0.067
6180	"ENSG00000196497.11"	"IPO4"	chr14	-	24652661	24652873	24652661	24652719	24652795	24652873	6180	2,8	61,70	3,2	68,53	174	99	0.360954143	1.0	0.018,0.061	0.024,0.021	0.017
6182	"ENSG00000196497.11"	"IPO4"	chr14	-	24657549	24657844	24657549	24657629	24657757	24657844	6182	3,1	26,34	2,1	25,17	197	99	0.855922422545	1.0	0.055,0.015	0.039,0.029	0.001
6186	"ENSG00000175305.12"	"CCNE2"	chr8	-	95906131	95906347	95906131	95906172	95906250	95906347	6186	0,0	1,17	1,0	4,8	176	99	0.534640556769	1.0	0.0,0.0	0.123,0.0	-0.061
618	"ENSG00000129219.9"	"PLD2"	chr17	+	4721492	4721902	4721492	4721701	4721788	4721902	618	0,2	0,1	1,1	0,0	185	99	1	1.0	NA,0.517	1.0,1.0	-0.483
6192	"ENSG00000142347.12"	"MYO1F"	chr19	-	8619360	8619627	8619360	8619455	8619537	8619627	6192	0,0	12,1	1,0	7,4	180	99	1	1.0	0.0,0.0	0.073,0.0	-0.036
6194	"ENSG00000171530.9"	"TBCA"	chr5	-	76987065	76989177	76987065	76987323	76989090	76989177	6194	4,0	1149,992	3,3	1160,952	197	99	1	1.0	0.002,0.0	0.001,0.002	-0.001
6199	"ENSG00000148834.8"	"GSTO1"	chr10	+	106014743	106015029	106014743	106014830	106014920	106015029	6199	0,19	1,0	2,3	0,0	188	99	1	1.0	0.0,1.0	1.0,1.0	-0.5
619	"ENSG00000185917.9"	"SETD4"	chr21	-	37406838	37408549	37406838	37408258	37408382	37408549	619	13,8	17,8	11,9	12,8	197	99	0.702579722183	1.0	0.278,0.334	0.315,0.361	-0.032
6202	"ENSG00000248101.2"	"AC002116.8"	chr19	-	36501468	36501979	36501468	36501585	36501795	36501979	6202	66,82	37,31	86,59	32,21	197	99	0.368120371095	1.0	0.473,0.571	0.575,0.585	-0.058
6203	"ENSG00000197728.5"	"RPS26"	chr12	+	56436208	56437277	56436208	56436386	56437146	56437277	6203	21,21	2509,3118	30,17	2042,1689	197	99	1	1.0	0.004,0.003	0.007,0.005	-0.003
6205	"ENSG00000148218.11"	"ALAD"	chr9	-	116152872	116153213	116152872	116152956	116153077	116153213	6205	24,14	3,4	16,9	6,4	197	99	0.211746400847	1.0	0.801,0.638	0.573,0.531	0.167
6208	"ENSG00000143379.8"	"SETDB1"	chr1	+	150935449	150936217	150935449	150935653	150936005	150936217	6208	28,23	2,0	10,11	0,0	197	99	1	1.0	0.876,1.0	1.0,1.0	-0.062
6209	"ENSG00000143379.8"	"SETDB1"	chr1	+	150935449	150936217	150935449	150935615	150936005	150936217	6209	25,21	55,61	18,14	52,39	197	99	0.719870704671	1.0	0.186,0.147	0.148,0.153	0.016
6210	"ENSG00000185989.9"	"RASA3"	chr13	-	114764903	114765143	114764903	114764948	114765060	114765143	6210	5,2	0,2	2,2	0,0	197	99	1	1.0	1.0,0.334	1.0,1.0	-0.333
6211	"ENSG00000147400.8"	"CETN2"	chrX	-	151997080	151997821	151997080	151997218	151997692	151997821	6211	1,0	187,88	1,1	127,104	197	99	1	1.0	0.003,0.0	0.004,0.005	-0.003
6214	"ENSG00000214087.4"	"ARL16"	chr17	-	79649063	79650624	79649063	79650156	79650565	79650624	6214	0,5	57,62	2,2	29,22	197	99	0.247247902158	1.0	0.0,0.039	0.033,0.044	-0.019
6215	"ENSG00000214087.4"	"ARL16"	chr17	-	79649063	79650156	79649063	79649705	79650042	79650156	6215	5,9	20,15	5,4	13,11	197	99	0.83003112868	1.0	0.112,0.232	0.162,0.155	0.014
6216	"ENSG00000214087.4"	"ARL16"	chr17	-	79649063	79650156	79649063	79649179	79650042	79650156	6216	15,15	60,53	10,8	36,27	197	99	0.762433180023	1.0	0.112,0.125	0.122,0.13	-0.008
6217	"ENSG00000214087.4"	"ARL16"	chr17	-	79649063	79649705	79649063	79649179	79649520	79649705	6217	16,18	6,9	14,11	4,3	197	99	0.406935740598	1.0	0.573,0.501	0.638,0.648	-0.106
6218	"ENSG00000214087.4"	"ARL16"	chr17	-	79649063	79649705	79649063	79649179	79649472	79649705	6218	29,25	3,3	11,11	1,0	197	99	0.679895891904	1.0	0.829,0.807	0.847,1.0	-0.105
6219	"ENSG00000214087.4"	"ARL16"	chr17	-	79649063	79650156	79649063	79649149	79650042	79650156	6219	91,83	1,0	34,38	0,0	197	99	0.672867847826	1.0	0.979,1.0	1.0,1.0	-0.01
621	"ENSG00000130414.7"	"NDUFA10"	chr2	-	240951033	240954277	240951033	240951113	240954155	240954277	621	81,115	81,113	72,54	82,62	197	99	0.459483551495	1.0	0.334,0.338	0.306,0.304	0.031
6221	"ENSG00000117632.16"	"STMN1"	chr1	-	26227981	26230304	26227981	26228173	26230131	26230304	6221	78,130	2966,4768	77,59	2697,2161	197	99	0.795232467845	1.0	0.013,0.014	0.014,0.014	-0.001
6222	"ENSG00000168802.8"	"CHTF8"	chr16	-	69154363	69155073	69154363	69154577	69154955	69155073	6222	14,16	2,0	9,7	0,0	197	99	1	1.0	0.779,1.0	1.0,1.0	-0.111
6223	"ENSG00000196756.7"	"SNHG17"	chr20	-	37049652	37050888	37049652	37049745	37050733	37050888	6223	51,2	11,2	23,16	9,5	197	99	0.883059195238	1.0	0.7,0.334	0.562,0.617	-0.073
6231	"ENSG00000110719.5"	"TCIRG1"	chr11	+	67815113	67815439	67815113	67815271	67815348	67815439	6231	25,41	103,58	27,16	92,61	175	99	0.201200000253	1.0	0.121,0.286	0.142,0.129	0.068
6232	"ENSG00000110719.5"	"TCIRG1"	chr11	+	67810412	67810964	67810412	67810498	67810837	67810964	6232	32,28	2,2	27,17	3,1	197	99	0.640460476829	1.0	0.889,0.876	0.819,0.895	0.026
6234	"ENSG00000104859.10"	"CLASRP"	chr19	+	45556048	45556345	45556048	45556150	45556336	45556345	6234	4,21	0,4	13,8	0,0	197	99	1	1.0	1.0,0.725	1.0,1.0	-0.137
6236	"ENSG00000106636.3"	"YKT6"	chr7	+	44250440	44250652	44250440	44250530	44250621	44250652	6236	9,13	1,1	9,7	1,1	189	99	0.747755081733	1.0	0.825,0.872	0.825,0.786	0.043
6237	"ENSG00000162062.10"	"C16orf59"	chr16	+	2510283	2510694	2510283	2510382	2510623	2510694	6237	13,18	38,64	13,11	37,26	197	99	0.478187247384	1.0	0.147,0.124	0.15,0.175	-0.027
6240	"ENSG00000255152.4"	"MSH5-SAPCD1"	chr6	+	31732042	31732628	31732042	31732132	31732385	31732628	6240	14,113	0,1	38,47	0,0	197	99	1	1.0	1.0,0.983	1.0,1.0	-0.008
6242	"ENSG00000124593.10"	"PRICKLE4"	chr6	+	41751199	41751976	41751199	41751343	41751471	41751976	6242	20,4	5,3	9,5	2,1	197	99	0.602740305411	1.0	0.668,0.401	0.693,0.715	-0.169
6244	"ENSG00000124593.10"	"PRICKLE4"	chr6	+	41751199	41751976	41751199	41751343	41751868	41751976	6244	30,3	3,1	12,6	3,2	197	99	0.35359442367	1.0	0.834,0.601	0.668,0.601	0.083
6245	"ENSG00000099331.9"	"MYO9B"	chr19	+	17322459	17324093	17322459	17322583	17322703	17324093	6245	10,31	0,0	17,14	1,0	197	99	1	1.0	1.0,1.0	0.895,1.0	0.052
6249	"ENSG00000143321.14"	"HDGF"	chr1	-	156714799	156715165	156714799	156714938	156715088	156715165	6249	47,14	841,843	25,15	563,450	197	99	0.643714561054	1.0	0.027,0.008	0.022,0.016	-0.001
624	"ENSG00000130414.7"	"NDUFA10"	chr2	-	240951033	240954277	240951033	240951113	240954185	240954277	624	5,245	1,0	103,97	0,0	197	99	0.324753444168	1.0	0.715,1.0	1.0,1.0	-0.143
6250	"ENSG00000143321.14"	"HDGF"	chr1	-	156711901	156713247	156711901	156712804	156712962	156713247	6250	1069,959	7,8	733,580	7,4	197	99	0.694783273155	1.0	0.987,0.984	0.981,0.986	0.002
6251	"ENSG00000143321.14"	"HDGF"	chr1	-	156714799	156715165	156714799	156714901	156715088	156715165	6251	1162,1097	2,1	613,585	1,1	197	99	1	1.0	0.997,0.998	0.997,0.997	0.001
6252	"ENSG00000143321.14"	"HDGF"	chr1	-	156714799	156715165	156714799	156714956	156715088	156715165	6252	30,9	2,0	14,11	0,0	197	99	1	1.0	0.883,1.0	1.0,1.0	-0.058
6253	"ENSG00000143321.14"	"HDGF"	chr1	-	156714799	156715165	156714799	156714918	156715088	156715165	6253	327,1170	0,3	517,543	0,1	197	99	1	1.0	1.0,0.995	1.0,0.996	-0.0
6255	"ENSG00000107937.14"	"GTPBP4"	chr10	+	1042045	1043248	1042045	1042288	1043147	1043248	6255	9,12	0,1	9,6	1,0	197	99	0.804700526718	1.0	1.0,0.858	0.819,1.0	0.02
6256	"ENSG00000107937.14"	"GTPBP4"	chr10	+	1042045	1043248	1042045	1042182	1043147	1043248	6256	16,16	164,240	10,7	131,115	197	99	0.828720546972	1.0	0.047,0.032	0.037,0.03	0.006
625	"ENSG00000010327.6"	"STAB1"	chr3	+	52555611	52555967	52555611	52555716	52555859	52555967	625	5,4	4,0	4,2	2,1	197	99	0.864336072093	1.0	0.386,1.0	0.501,0.501	0.192
6261	"ENSG00000149091.11"	"DGKZ"	chr11	+	46396153	46396389	46396153	46396216	46396315	46396389	6261	0,5	170,137	1,1	135,109	197	99	0.791614034282	1.0	0.0,0.018	0.004,0.005	0.004
6262	"ENSG00000149091.11"	"DGKZ"	chr11	+	46400752	46401118	46400752	46400786	46401018	46401118	6262	41,35	96,87	26,20	65,51	197	99	0.922942500701	1.0	0.177,0.168	0.167,0.165	0.006
6263	"ENSG00000149091.11"	"DGKZ"	chr11	+	46400006	46400661	46400006	46400050	46400443	46400661	6263	8,10	1,0	6,4	0,0	197	99	1	1.0	0.801,1.0	1.0,1.0	-0.099
6265	"ENSG00000149091.11"	"DGKZ"	chr11	+	46400006	46400661	46400006	46400050	46400540	46400661	6265	15,20	18,16	11,8	13,8	197	99	0.759036769591	1.0	0.295,0.386	0.298,0.334	0.025
6266	"ENSG00000111321.6"	"LTBR"	chr12	+	6494187	6494545	6494187	6494313	6494392	6494545	6266	6,3	111,127	3,3	104,75	177	99	0.920132538537	1.0	0.029,0.013	0.016,0.022	0.002
6269	"ENSG00000129003.11"	"VPS13C"	chr15	-	62155638	62156959	62155638	62155727	62156839	62156959	6269	25,21	0,1	11,9	1,1	197	99	0.202133416262	1.0	1.0,0.913	0.847,0.819	0.124
626	"ENSG00000010327.6"	"STAB1"	chr3	+	52553279	52553580	52553279	52553420	52553520	52553580	626	0,2	2,7	1,0	4,3	197	99	0.833467633621	1.0	0.0,0.126	0.112,0.0	0.007
6270	"ENSG00000197580.7"	"BCO2"	chr11	+	112064196	112065478	112064196	112064717	112065375	112065478	6270	1,0	1,1	1,1	1,1	197	99	0.730153619235	1.0	0.334,0.0	0.334,0.334	-0.167
6273	"ENSG00000165525.13"	"NEMF"	chr14	-	50251809	50252013	50251809	50251853	50251937	50252013	6273	0,8	88,85	3,3	47,34	182	99	0.294240665598	1.0	0.0,0.049	0.034,0.046	-0.015
6274	"ENSG00000165525.13"	"NEMF"	chr14	-	50269216	50269445	50269216	50269291	50269386	50269445	6274	2,0	88,108	1,1	43,43	193	99	0.31479082892	1.0	0.012,0.0	0.012,0.012	-0.006
6275	"ENSG00000165525.13"	"NEMF"	chr14	-	50251642	50252038	50251642	50251722	50251937	50252038	6275	13,28	0,16	13,10	2,2	197	99	0.701590072884	1.0	1.0,0.468	0.766,0.715	-0.006
6279	"ENSG00000117616.13"	"C1orf63"	chr1	-	25570040	25571792	25570040	25570715	25571640	25571792	6279	237,274	11,4	245,171	8,6	197	99	0.702391357058	1.0	0.915,0.972	0.939,0.935	0.006
627	"ENSG00000010327.6"	"STAB1"	chr3	+	52554657	52555021	52554657	52554714	52554819	52555021	627	0,4	0,0	1,1	3,2	197	99	1	1.0	NA,1.0	0.143,0.201	0.828
6280	"ENSG00000178814.11"	"OPLAH"	chr8	-	145107885	145108296	145107885	145108032	145108111	145108296	6280	13,18	25,12	19,12	22,13	177	99	0.988217221556	1.0	0.225,0.456	0.326,0.34	0.008
6282	"ENSG00000115286.15"	"NDUFS7"	chr19	+	1393240	1395583	1393240	1393329	1395389	1395583	6282	22,19	75,77	20,13	74,54	197	99	0.89981562162	1.0	0.128,0.11	0.12,0.108	0.005
6283	"ENSG00000115286.15"	"NDUFS7"	chr19	+	1388523	1388937	1388523	1388592	1388831	1388937	6283	10,13	100,177	9,5	134,94	197	99	0.473800752071	1.0	0.048,0.036	0.033,0.026	0.012
6284	"ENSG00000115286.15"	"NDUFS7"	chr19	+	1388831	1391049	1388831	1388937	1390869	1391049	6284	14,5	264,358	16,8	292,209	197	99	0.185472978884	1.0	0.026,0.007	0.027,0.019	-0.006
6285	"ENSG00000115286.15"	"NDUFS7"	chr19	+	1390869	1391164	1390869	1391049	1391117	1391164	6285	10,16	271,247	10,6	219,161	166	99	0.695010196413	1.0	0.022,0.037	0.027,0.022	0.005
6287	"ENSG00000156970.8"	"BUB1B"	chr15	+	40494590	40494835	40494590	40494666	40494789	40494835	6287	0,0	70,93	1,0	96,79	197	99	1	1.0	0.0,0.0	0.005,0.0	-0.003
6288	"ENSG00000156970.8"	"BUB1B"	chr15	+	40477526	40477843	40477526	40477560	40477751	40477843	6288	34,81	1,5	68,48	4,3	197	99	0.841432130998	1.0	0.945,0.891	0.895,0.889	0.026
628	"ENSG00000010327.6"	"STAB1"	chr3	+	52557442	52557772	52557442	52557592	52557667	52557772	628	0,0	5,2	1,0	6,3	173	99	1	1.0	0.0,0.0	0.087,0.0	-0.043
6292	"ENSG00000100823.7"	"APEX1"	chr14	+	20923736	20924260	20923736	20923932	20924072	20924260	6292	53,52	5,0	36,22	1,1	197	99	0.57151194164	1.0	0.842,1.0	0.948,0.917	-0.011
6293	"ENSG00000100823.7"	"APEX1"	chr14	+	20923384	20923862	20923384	20923487	20923736	20923862	6293	819,538	31,21	596,470	24,15	197	99	0.880565977664	1.0	0.93,0.928	0.926,0.94	-0.004
6294	"ENSG00000100823.7"	"APEX1"	chr14	+	20923736	20924260	20923736	20923862	20924072	20924260	6294	57,39	336,324	35,24	285,227	197	99	0.276297506336	1.0	0.079,0.057	0.058,0.05	0.014
6295	"ENSG00000173818.12"	"ENDOV"	chr17	+	78403572	78404143	78403572	78403631	78403840	78404143	6295	1,1	0,1	2,1	0,0	197	99	1	1.0	1.0,0.334	1.0,1.0	-0.333
6298	"ENSG00000188846.9"	"RPL14"	chr3	+	40502897	40503152	40502897	40503010	40503098	40503152	6298	7,12	3,1	10,8	1,1	186	99	0.888655026417	1.0	0.554,0.865	0.842,0.81	-0.117
6299	"ENSG00000188846.9"	"RPL14"	chr3	+	40502907	40503152	40502907	40502997	40503098	40503152	6299	9,13	5474,2768	8,9	7022,8015	197	99	1	1.0	0.001,0.002	0.001,0.001	0.001
62	"ENSG00000100360.10"	"IFT27"	chr22	-	37171717	37172169	37171717	37171838	37172074	37172169	62	0,0	2,0	1,0	0,0	197	99	1	1.0	0.0,NA	1.0,NA	-1.0
6304	"ENSG00000065029.10"	"ZNF76"	chr6	+	35258417	35259180	35258417	35258493	35259054	35259180	6304	2,0	19,26	1,1	27,18	197	99	0.994229323384	1.0	0.05,0.0	0.018,0.027	0.003
6305	"ENSG00000065029.10"	"ZNF76"	chr6	+	35262232	35262753	35262232	35262346	35262508	35262753	6305	25,4	0,3	31,23	1,0	197	99	0.312918837353	1.0	1.0,0.401	0.94,1.0	-0.269
6307	"ENSG00000165533.14"	"TTC8"	chr14	+	89307380	89307858	89307380	89307540	89307768	89307858	6307	4,1	9,8	1,1	7,5	197	99	0.655973855615	1.0	0.183,0.059	0.067,0.091	0.042
6310	"ENSG00000101236.12"	"RNF24"	chr20	-	3915498	3915720	3915498	3915567	3915640	3915720	6310	3,5	0,4	5,3	0,0	171	99	1	1.0	1.0,0.42	1.0,1.0	-0.29
6313	"ENSG00000160285.10"	"LSS"	chr21	-	47608359	47611149	47608359	47608735	47610989	47611149	6313	48,51	2,0	48,36	1,0	197	99	0.688487854019	1.0	0.923,1.0	0.96,1.0	-0.018
6314	"ENSG00000160285.10"	"LSS"	chr21	-	47648347	47648738	47648347	47648513	47648645	47648738	6314	4,4	4,14	2,1	12,7	197	99	0.305472515214	1.0	0.334,0.126	0.077,0.067	0.158
6315	"ENSG00000103160.7"	"HSDL1"	chr16	-	84163590	84164036	84163590	84163776	84163941	84164036	6315	139,107	0,5	183,125	2,3	197	99	0.681888185575	1.0	1.0,0.915	0.979,0.954	-0.009
6316	"ENSG00000162735.14"	"PEX19"	chr1	-	160249184	160249635	160249184	160249372	160249590	160249635	6316	66,70	2,2	60,40	1,1	197	99	0.840327055655	1.0	0.943,0.946	0.968,0.953	-0.016
6317	"ENSG00000102908.16"	"NFAT5"	chr16	+	69725651	69728142	69725651	69725841	69727988	69728142	6317	24,72	0,2	36,32	0,0	197	99	1	1.0	1.0,0.948	1.0,1.0	-0.026
6318	"ENSG00000105755.3"	"ETHE1"	chr19	-	44030352	44030811	44030352	44030501	44030666	44030811	6318	1,1	19,5	1,1	21,14	197	99	0.62329936213	1.0	0.026,0.091	0.023,0.035	0.029
6319	"ENSG00000088986.6"	"DYNLL1"	chr12	+	120933915	120934356	120933915	120934019	120934218	120934356	6319	161,216	1882,1927	145,104	1422,1124	197	99	0.968111654759	1.0	0.041,0.053	0.049,0.044	0.001
6324	"ENSG00000100445.12"	"SDR39U1"	chr14	-	24911551	24911900	24911551	24911658	24911760	24911900	6324	43,37	1,0	14,14	0,0	197	99	1	1.0	0.956,1.0	1.0,1.0	-0.022
6325	"ENSG00000100445.12"	"SDR39U1"	chr14	-	24911551	24911900	24911551	24911658	24911732	24911900	6325	24,12	2,0	10,10	0,0	172	99	1	1.0	0.874,1.0	1.0,1.0	-0.063
6326	"ENSG00000090674.11"	"MCOLN1"	chr19	+	7592405	7592846	7592405	7592514	7592749	7592846	6326	12,13	34,25	6,5	13,10	197	99	0.700999025685	1.0	0.151,0.207	0.188,0.201	-0.016
6329	"ENSG00000075415.8"	"SLC25A3"	chr12	+	98987402	98987913	98987402	98987518	98987752	98987913	6329	4,35	388,640	23,15	485,383	197	99	0.513784080942	1.0	0.005,0.027	0.023,0.019	-0.005
632	"ENSG00000140983.9"	"RHOT2"	chr16	+	720891	721203	720891	721000	721114	721203	632	289,178	3,1	269,195	4,2	197	99	0.611078330774	1.0	0.98,0.989	0.971,0.98	0.009
6334	"ENSG00000108961.9"	"RANGRF"	chr17	+	8192820	8193259	8192820	8192906	8193142	8193259	6334	58,85	1,0	39,43	0,0	197	99	0.577730316113	1.0	0.967,1.0	1.0,1.0	-0.016
6335	"ENSG00000108961.9"	"RANGRF"	chr17	+	8192575	8193410	8192575	8192732	8193130	8193410	6335	27,46	2,1	31,22	2,1	197	99	0.684528280127	1.0	0.872,0.959	0.886,0.917	0.014
6336	"ENSG00000117155.12"	"SSX2IP"	chr1	-	85127880	85128213	85127880	85128058	85128137	85128213	6336	1,7	122,82	6,4	108,77	177	99	0.554348590239	1.0	0.005,0.046	0.03,0.028	-0.003
6337	"ENSG00000117155.12"	"SSX2IP"	chr1	-	85135363	85136498	85135363	85135576	85136328	85136498	6337	0,0	145,60	2,2	100,74	197	99	0.335582290986	1.0	0.0,0.0	0.01,0.013	-0.011
6339	"ENSG00000173812.6"	"EIF1"	chr17	+	39846029	39846441	39846029	39846193	39846310	39846441	6339	24,0	0,0	90,99	1,0	197	99	1	1.0	1.0,NA	0.978,1.0	0.011
633	"ENSG00000140983.9"	"RHOT2"	chr16	+	718352	718699	718352	718411	718487	718699	633	12,6	170,106	10,7	148,111	174	99	0.979877797152	1.0	0.039,0.031	0.037,0.035	-0.001
6347	"ENSG00000185133.9"	"INPP5J"	chr22	+	31529595	31530682	31529595	31529700	31529898	31530682	6347	1,5	18,13	1,1	25,14	197	99	0.208836278579	1.0	0.027,0.162	0.02,0.035	0.067
6349	"ENSG00000090905.13"	"TNRC6A"	chr16	+	24816334	24817054	24816334	24816472	24816994	24817054	6349	44,59	3,5	29,20	4,3	197	99	0.246712933179	1.0	0.881,0.856	0.785,0.77	0.091
634	"ENSG00000140983.9"	"RHOT2"	chr16	+	719552	720175	719552	719606	720122	720175	634	40,18	138,49	30,18	93,76	197	99	0.701710421206	1.0	0.127,0.156	0.139,0.106	0.019
6351	"ENSG00000064547.9"	"LPAR2"	chr19	-	19738205	19738609	19738205	19738313	19738493	19738609	6351	93,61	2,5	53,44	1,0	197	99	0.53860782214	1.0	0.959,0.86	0.964,1.0	-0.073
6352	"ENSG00000133226.12"	"SRRM1"	chr1	+	24973157	24975520	24973157	24973280	24975349	24975520	6352	136,86	173,128	166,100	156,143	197	99	0.314601134048	1.0	0.283,0.252	0.348,0.26	-0.037
6358	"ENSG00000138085.12"	"ATRAID"	chr2	+	27435733	27436166	27435733	27435821	27436044	27436166	6358	7,1	2,0	4,4	0,0	197	99	1	1.0	0.638,1.0	1.0,1.0	-0.181
635	"ENSG00000140983.9"	"RHOT2"	chr16	+	718655	720175	718655	718699	720122	720175	635	29,19	11,6	24,13	11,6	197	99	0.554944815301	1.0	0.57,0.614	0.523,0.521	0.07
6362	"ENSG00000143390.13"	"RFX5"	chr1	-	151314435	151315654	151314435	151314561	151315549	151315654	6362	97,68	2,0	64,56	0,0	197	99	0.933608808284	1.0	0.961,1.0	1.0,1.0	-0.02
6363	"ENSG00000132153.10"	"DHX30"	chr3	+	47888762	47889005	47888762	47888838	47888921	47889005	6363	5,4	153,141	1,1	43,43	181	99	0.674762950954	1.0	0.018,0.015	0.013,0.013	0.004
6364	"ENSG00000138442.5"	"WDR12"	chr2	-	203748920	203749258	203748920	203749026	203749117	203749258	6364	1,0	120,110	1,1	69,67	189	99	0.930559192091	1.0	0.004,0.0	0.008,0.008	-0.006
6365	"ENSG00000103932.7"	"RPAP1"	chr15	-	41809995	41810380	41809995	41810055	41810203	41810380	6365	8,7	30,34	5,4	23,18	197	99	0.926306038042	1.0	0.118,0.094	0.098,0.1	0.007
6366	"ENSG00000187147.13"	"RNF220"	chr1	+	45115554	45117395	45115554	45115629	45116375	45117395	6366	5,18	124,213	13,7	121,89	197	99	0.279301971417	1.0	0.02,0.041	0.051,0.038	-0.014
6368	"ENSG00000114735.5"	"HEMK1"	chr3	+	50617274	50617660	50617274	50617370	50617546	50617660	6368	2,4	23,10	3,2	27,18	197	99	0.472103567878	1.0	0.042,0.167	0.053,0.053	0.052
636	"ENSG00000140983.9"	"RHOT2"	chr16	+	720122	720357	720122	720175	720248	720357	636	20,25	148,52	19,14	101,78	171	99	0.378522892684	1.0	0.073,0.218	0.098,0.094	0.049
6370	"ENSG00000092531.5"	"SNAP23"	chr15	+	42805152	42805645	42805152	42805194	42805371	42805645	6370	24,0	1,0	25,23	0,0	197	99	1	1.0	0.923,NA	1.0,1.0	-0.077
637	"ENSG00000140983.9"	"RHOT2"	chr16	+	720122	720357	720122	720175	720265	720357	637	214,118	22,17	164,131	22,14	188	99	0.916189556431	1.0	0.837,0.785	0.797,0.831	-0.003
6383	"ENSG00000147454.9"	"SLC25A37"	chr8	+	23423620	23425891	23423620	23423849	23425771	23425891	6383	2861,1561	1,3	2185,1256	2,1	197	99	1	1.0	0.999,0.996	0.998,0.998	-0.0
6385	"ENSG00000121851.8"	"POLR3GL"	chr1	-	145456990	145457309	145456990	145457104	145457235	145457309	6385	23,15	377,184	16,12	236,166	197	99	0.949183639231	1.0	0.03,0.039	0.033,0.035	0.001
6386	"ENSG00000241404.2"	"EGFL8"	chr6	+	32135126	32135433	32135126	32135206	32135279	32135433	6386	10,24	10,1	18,11	6,3	171	99	0.918667470084	1.0	0.367,0.933	0.635,0.68	-0.007
6387	"ENSG00000241404.2"	"EGFL8"	chr6	+	32134686	32134946	32134686	32134782	32134879	32134946	6387	23,44	8,9	40,25	5,4	195	99	0.22359185933	1.0	0.593,0.713	0.802,0.76	-0.128
6388	"ENSG00000101444.8"	"AHCY"	chr20	-	32878137	32878444	32878137	32878255	32878356	32878444	6388	1,5	345,248	5,3	390,322	197	99	1	1.0	0.001,0.01	0.006,0.005	0.0
6389	"ENSG00000104964.10"	"AES"	chr19	-	3054020	3054262	3054020	3054038	3054117	3054262	6389	0,4	41,271	2,2	120,148	177	99	1	1.0	0.0,0.008	0.009,0.008	-0.005
638	"ENSG00000140983.9"	"RHOT2"	chr16	+	720891	721203	720891	721000	721082	721203	638	2,60	7,41	84,58	64,47	180	99	0.596813998318	1.0	0.136,0.446	0.419,0.404	-0.12
6394	"ENSG00000168255.14"	"POLR2J3"	chr7	-	102207443	102208631	102207443	102207530	102208456	102208631	6394	3,2	12,5	2,1	6,3	197	99	0.777126930327	1.0	0.112,0.167	0.143,0.143	-0.003
6395	"ENSG00000171109.14"	"MFN1"	chr3	+	179096128	179096602	179096128	179096231	179096372	179096602	6395	5,3	23,49	6,4	38,28	197	99	0.57985300146	1.0	0.098,0.03	0.074,0.067	-0.007
6397	"ENSG00000214063.6"	"TSPAN4"	chr11	+	865512	865825	865512	865614	865693	865825	6397	9,2	11,15	2,2	10,8	177	99	0.727035750711	1.0	0.314,0.069	0.101,0.123	0.08
639	"ENSG00000140983.9"	"RHOT2"	chr16	+	722253	722825	722253	722566	722702	722825	639	30,24	124,91	25,15	120,88	197	99	0.29969164616	1.0	0.108,0.117	0.095,0.079	0.026
6403	"ENSG00000132424.10"	"PNISR"	chr6	-	99862447	99864304	99862447	99862562	99864224	99864304	6403	88,181	0,1	130,176	0,0	197	99	0.523385922412	1.0	1.0,0.989	1.0,1.0	-0.006
6405	"ENSG00000132424.10"	"PNISR"	chr6	-	99851704	99852578	99851704	99851854	99852478	99852578	6405	3,271	0,1	85,114	0,0	197	99	0.813606528269	1.0	1.0,0.993	1.0,1.0	-0.004
6406	"ENSG00000132424.10"	"PNISR"	chr6	-	99851704	99852578	99851704	99851758	99852478	99852578	6406	188,198	22,31	180,131	20,14	197	99	0.3988253666	1.0	0.811,0.762	0.819,0.825	-0.035
6407	"ENSG00000132424.10"	"PNISR"	chr6	-	99851704	99852578	99851704	99851857	99852478	99852578	6407	330,242	1,0	92,83	0,0	197	99	1	1.0	0.994,1.0	1.0,1.0	-0.003
6408	"ENSG00000106009.11"	"BRAT1"	chr7	-	2577514	2578985	2577514	2578398	2578812	2578985	6408	7,5	16,25	7,4	14,9	197	99	0.334003003264	1.0	0.18,0.091	0.201,0.183	-0.056
6409	"ENSG00000106009.11"	"BRAT1"	chr7	-	2582837	2583596	2582837	2582957	2583223	2583596	6409	12,17	52,42	11,8	32,22	197	99	0.639386928093	1.0	0.104,0.169	0.147,0.155	-0.014
640	"ENSG00000140983.9"	"RHOT2"	chr16	+	718487	718699	718487	718569	718655	718699	640	2,15	141,45	9,8	99,107	184	99	0.602895036029	1.0	0.008,0.152	0.047,0.039	0.037
6410	"ENSG00000106009.11"	"BRAT1"	chr7	-	2579419	2580686	2579419	2579522	2580612	2580686	6410	41,22	38,53	34,23	45,31	197	99	0.776756552314	1.0	0.352,0.173	0.275,0.272	-0.011
6411	"ENSG00000106009.11"	"BRAT1"	chr7	-	2581753	2583596	2581753	2581845	2582837	2583596	6411	10,12	43,63	13,9	44,32	197	99	0.334145334964	1.0	0.105,0.087	0.129,0.124	-0.03
6413	"ENSG00000107175.6"	"CREB3"	chr9	+	35732992	35733279	35732992	35733140	35733211	35733279	6413	3,9	55,74	4,3	48,33	169	99	1	1.0	0.031,0.067	0.047,0.051	0.0
6415	"ENSG00000128596.12"	"CCDC136"	chr7	+	128446290	128446912	128446290	128446449	128446741	128446912	6415	16,14	41,5	12,9	20,13	197	99	0.57121364093	1.0	0.164,0.585	0.232,0.258	0.13
6416	"ENSG00000197070.9"	"ARRDC1"	chr9	+	140507911	140508116	140507911	140507962	140508066	140508116	6416	0,1	39,44	0,0	29,25	197	99	0.893372947235	1.0	0.0,0.011	0.0,0.0	0.005
6419	"ENSG00000197070.9"	"ARRDC1"	chr9	+	140508066	140508666	140508066	140508221	140508483	140508666	6419	4,4	54,46	5,2	43,30	197	99	0.691797283848	1.0	0.036,0.042	0.055,0.032	-0.004
641	"ENSG00000140983.9"	"RHOT2"	chr16	+	718352	718699	718352	718411	718655	718699	641	18,26	2,5	24,14	3,3	197	99	0.952627910773	1.0	0.819,0.723	0.801,0.701	0.02
6421	"ENSG00000197070.9"	"ARRDC1"	chr9	+	140507347	140507962	140507347	140507458	140507864	140507962	6421	23,13	0,2	16,10	2,1	197	99	0.539785018754	1.0	1.0,0.766	0.801,0.834	0.066
6422	"ENSG00000197070.9"	"ARRDC1"	chr9	+	140507347	140507962	140507347	140507458	140507911	140507962	6422	33,18	20,38	22,15	23,16	197	99	0.882102850887	1.0	0.453,0.192	0.325,0.32	0.0
6423	"ENSG00000159423.12"	"ALDH4A1"	chr1	-	19197925	19199451	19197925	19198284	19199297	19199451	6423	144,142	4,1	82,65	1,1	197	99	0.827713805035	1.0	0.948,0.986	0.976,0.97	-0.006
6425	"ENSG00000168522.8"	"FNTA"	chr8	+	42940302	42940923	42940302	42940601	42940724	42940923	6425	217,170	1,1	115,100	1,1	197	99	0.431121699046	1.0	0.991,0.988	0.983,0.98	0.008
6426	"ENSG00000198736.7"	"MSRB1"	chr16	-	1990778	1991406	1990778	1990893	1991257	1991406	6426	1,1	19,33	0,0	11,11	197	99	0.45783570811	1.0	0.026,0.015	0.0,0.0	0.02
642	"ENSG00000140983.9"	"RHOT2"	chr16	+	718352	718569	718352	718411	718508	718569	642	116,241	0,4	169,139	1,0	195	99	0.448458197523	1.0	1.0,0.968	0.988,1.0	-0.01
6430	"ENSG00000075407.13"	"ZNF37A"	chr10	+	38404122	38404313	38404122	38404218	38404306	38404313	6430	20,14	5,12	10,8	4,2	186	99	0.631240682125	1.0	0.68,0.383	0.571,0.68	-0.094
6431	"ENSG00000160226.11"	"C21orf2"	chr21	-	45750345	45751897	45750345	45750799	45751725	45751897	6431	5,5	0,3	6,3	1,1	197	99	0.911498440311	1.0	1.0,0.456	0.751,0.601	0.052
6432	"ENSG00000077380.11"	"DYNC1I2"	chr2	+	172582428	172582803	172582428	172582591	172582703	172582803	6432	0,15	234,118	6,4	209,159	197	99	0.305452261807	1.0	0.0,0.06	0.014,0.012	0.017
6433	"ENSG00000184216.7"	"IRAK1"	chrX	-	153279492	153279729	153279492	153279555	153279600	153279729	6433	28,17	28,13	15,9	13,8	143	99	0.948583915206	1.0	0.409,0.475	0.444,0.438	0.001
6438	"ENSG00000090372.10"	"STRN4"	chr19	-	47225242	47225597	47225242	47225396	47225498	47225597	6438	3,11	0,1	7,4	0,0	197	99	1	1.0	1.0,0.847	1.0,1.0	-0.077
6439	"ENSG00000090372.10"	"STRN4"	chr19	-	47225242	47225597	47225242	47225329	47225498	47225597	6439	3,10	96,92	10,6	87,59	197	99	0.253378060121	1.0	0.015,0.052	0.055,0.049	-0.019
6440	"ENSG00000070610.10"	"GBA2"	chr9	-	35736863	35737936	35736863	35737601	35737744	35737936	6440	18,15	1,0	46,36	2,1	197	99	0.655433260275	1.0	0.9,1.0	0.92,0.948	0.016
6441	"ENSG00000070610.10"	"GBA2"	chr9	-	35738814	35739038	35738814	35738900	35738998	35739038	6441	0,4	51,35	1,1	48,35	196	99	0.638978030968	1.0	0.0,0.055	0.01,0.014	0.015
6442	"ENSG00000070610.10"	"GBA2"	chr9	-	35738049	35738629	35738049	35738266	35738522	35738629	6442	58,67	2,0	81,69	2,2	197	99	0.906041193341	1.0	0.936,1.0	0.953,0.945	0.019
6443	"ENSG00000070610.10"	"GBA2"	chr9	-	35738033	35738632	35738033	35738149	35738518	35738632	6443	44,29	1,0	5,3	0,0	197	99	1	1.0	0.957,1.0	1.0,1.0	-0.022
6444	"ENSG00000070610.10"	"GBA2"	chr9	-	35738033	35738266	35738033	35738149	35738228	35738266	6444	13,14	33,27	12,8	35,26	177	99	0.40297501891	1.0	0.181,0.225	0.161,0.147	0.049
6447	"ENSG00000111664.6"	"GNB3"	chr12	+	6950421	6950788	6950421	6950508	6950749	6950788	6447	8,11	3,3	11,9	1,1	197	99	0.32128557071	1.0	0.573,0.648	0.847,0.819	-0.222
6449	"ENSG00000104522.11"	"TSTA3"	chr8	-	144696489	144696867	144696489	144696623	144696793	144696867	6449	21,35	168,154	30,20	123,91	197	99	0.201825033652	1.0	0.059,0.103	0.109,0.099	-0.023
644	"ENSG00000140983.9"	"RHOT2"	chr16	+	720715	720940	720715	720773	720891	720940	644	7,20	144,27	22,13	109,85	197	99	0.77162760127	1.0	0.024,0.271	0.092,0.071	0.066
6450	"ENSG00000104522.11"	"TSTA3"	chr8	-	144694787	144695465	144694787	144695135	144695365	144695465	6450	25,24	189,109	18,12	107,85	197	99	0.93279975852	1.0	0.062,0.1	0.078,0.066	0.009
6451	"ENSG00000104522.11"	"TSTA3"	chr8	-	144695693	144695987	144695693	144695773	144695920	144695987	6451	4,23	156,144	13,9	109,81	197	99	0.380004753846	1.0	0.013,0.074	0.057,0.053	-0.012
6452	"ENSG00000187953.6"	"PMS2CL"	chr7	+	6769411	6769932	6769411	6769561	6769812	6769932	6452	2,5	0,3	6,5	1,0	197	99	0.436932258975	1.0	1.0,0.456	0.751,1.0	-0.147
6454	"ENSG00000197170.5"	"PSMD12"	chr17	-	65353418	65353694	65353418	65353547	65353634	65353694	6454	1,5	121,177	3,2	116,103	185	99	0.79380585607	1.0	0.004,0.015	0.014,0.01	-0.003
6457	"ENSG00000173821.15"	"RNF213"	chr17	+	78355346	78356870	78355346	78355527	78356778	78356870	6457	38,0	72,19	21,15	42,28	197	99	0.252818295965	1.0	0.21,0.0	0.201,0.212	-0.102
645	"ENSG00000140983.9"	"RHOT2"	chr16	+	722253	722566	722253	722384	722471	722566	645	46,37	2,0	30,20	1,1	185	99	0.502827395193	1.0	0.925,1.0	0.941,0.915	0.035
6460	"ENSG00000177200.11"	"CHD9"	chr16	+	53243393	53243725	53243393	53243453	53243616	53243725	6460	72,59	0,1	84,63	1,1	197	99	0.951265727485	1.0	1.0,0.967	0.977,0.969	0.011
6461	"ENSG00000198836.4"	"OPA1"	chr3	+	193360536	193360774	193360536	193360634	193360763	193360774	6461	2,0	117,108	0,0	41,35	197	99	1	1.0	0.009,0.0	0.0,0.0	0.004
6463	"ENSG00000196531.6"	"NACA"	chr12	-	57106223	57106692	57106223	57106336	57106569	57106692	6463	14,65	671,533	51,36	654,491	197	99	0.441465366448	1.0	0.01,0.058	0.038,0.036	-0.003
6464	"ENSG00000114353.12"	"GNAI2"	chr3	+	50294931	50295598	50294931	50295146	50295455	50295598	6464	4,28	2,0	10,7	0,0	197	99	1	1.0	0.501,1.0	1.0,1.0	-0.25
6465	"ENSG00000215472.5"	"RPL17-C18orf32"	chr18	-	47017721	47017956	47017721	47017815	47017901	47017956	6465	29,37	13193,14618	34,24	10801,9934	184	99	1	1.0	0.001,0.001	0.002,0.001	-0.001
6466	"ENSG00000215472.5"	"RPL17-C18orf32"	chr18	-	47017721	47017956	47017721	47017802	47017901	47017956	6466	22320,24839	0,2	6139,7701	0,0	197	99	1	1.0	1.0,1.0	1.0,1.0	0.0
646	"ENSG00000140983.9"	"RHOT2"	chr16	+	722253	722566	722253	722384	722488	722566	646	47,39	88,76	39,23	94,66	197	99	0.183638900591	1.0	0.212,0.205	0.173,0.149	0.048
6470	"ENSG00000196419.8"	"XRCC6"	chr22	+	42017353	42018090	42017353	42017449	42017993	42018090	6470	0,3	1,0	3,4	0,0	197	99	1	1.0	0.0,1.0	1.0,1.0	-0.5
6472	"ENSG00000109184.10"	"DCUN1D4"	chr4	+	52752733	52753410	52752733	52752804	52753288	52753410	6472	5,0	1,0	9,7	1,0	197	99	1	1.0	0.715,NA	0.819,1.0	-0.195
6474	"ENSG00000197150.8"	"ABCB8"	chr7	+	150731359	150731686	150731359	150731515	150731591	150731686	6474	13,9	87,53	8,6	40,36	174	99	0.595034807866	1.0	0.078,0.088	0.102,0.087	-0.012
6477	"ENSG00000160271.10"	"RALGDS"	chr9	-	135973106	135977526	135973106	135977149	135977324	135977526	6477	64,21	79,38	41,26	53,37	197	99	0.847592145883	1.0	0.289,0.217	0.28,0.261	-0.018
647	"ENSG00000140983.9"	"RHOT2"	chr16	+	722253	722825	722253	722384	722702	722825	647	6,38	0,1	14,13	0,0	197	99	1	1.0	1.0,0.95	1.0,1.0	-0.025
6480	"ENSG00000136247.10"	"ZDHHC4"	chr7	+	6617064	6617351	6617064	6617129	6617220	6617351	6480	50,29	8,15	35,23	15,9	189	99	0.465782065548	1.0	0.766,0.503	0.55,0.572	0.074
6483	"ENSG00000111911.5"	"HINT3"	chr6	+	126277926	126278324	126277926	126278034	126278208	126278324	6483	32,94	2,4	56,40	1,0	197	99	0.403083765829	1.0	0.889,0.922	0.966,1.0	-0.078
6484	"ENSG00000101546.8"	"RBFA"	chr18	+	77801301	77802219	77801301	77801397	77802134	77802219	6484	26,7	1,7	23,15	1,1	197	99	0.287912240283	1.0	0.929,0.334	0.92,0.883	-0.27
6486	"ENSG00000163820.10"	"FYCO1"	chr3	-	45959395	45963332	45959395	45960557	45960904	45963332	6486	30,12	1,4	15,13	3,2	197	99	0.774860437902	1.0	0.938,0.601	0.715,0.766	0.029
6489	"ENSG00000106462.6"	"EZH2"	chr7	-	148513775	148515209	148513775	148513870	148514968	148515209	6489	65,42	3,6	93,73	6,3	197	99	0.37585829884	1.0	0.916,0.779	0.886,0.924	-0.057
648	"ENSG00000140983.9"	"RHOT2"	chr16	+	718352	718699	718352	718411	718658	718699	648	19,33	2,2	26,17	2,2	197	99	0.781396560207	1.0	0.827,0.892	0.867,0.81	0.021
6490	"ENSG00000106462.6"	"EZH2"	chr7	-	148514448	148515209	148514448	148514504	148514968	148515209	6490	41,24	0,0	70,60	1,1	197	99	0.406696790179	1.0	1.0,1.0	0.972,0.968	0.03
6499	"ENSG00000119509.8"	"INVS"	chr9	+	103054607	103055325	103054607	103054718	103055228	103055325	6499	36,12	3,13	22,15	3,3	197	99	0.434249938176	1.0	0.858,0.317	0.787,0.715	-0.163
6500	"ENSG00000205339.5"	"IPO7"	chr11	+	9438459	9438695	9438459	9438525	9438605	9438695	6500	6,4	2,0	5,4	2,1	178	99	0.684467484706	1.0	0.625,1.0	0.582,0.69	0.177
6501	"ENSG00000146247.13"	"PHIP"	chr6	-	79665329	79668317	79665329	79665399	79668191	79668317	6501	3,5	5,7	5,3	7,5	197	99	1	1.0	0.232,0.264	0.264,0.232	0.0
650	"ENSG00000167106.7"	"FAM102A"	chr9	-	130703159	130706963	130703159	130705516	130706893	130706963	650	0,1	32,22	1,0	17,9	197	99	0.420881534078	1.0	0.0,0.022	0.029,0.0	-0.004
6510	"ENSG00000159753.9"	"RLTPR"	chr16	+	67681954	67682217	67681954	67682032	67682140	67682217	6510	0,2	0,4	1,0	1,1	197	99	1	1.0	NA,0.201	0.334,0.0	0.034
6511	"ENSG00000159753.9"	"RLTPR"	chr16	+	67685303	67685748	67685303	67685417	67685587	67685748	6511	0,4	1,1	1,1	3,2	197	99	0.520803977474	1.0	0.0,0.668	0.143,0.201	0.162
6512	"ENSG00000117410.9"	"ATP6V0B"	chr1	+	44441508	44441845	44441508	44441646	44441761	44441845	6512	14,2	2,0	26,14	3,2	197	99	0.663407044713	1.0	0.779,1.0	0.813,0.779	0.093
6515	"ENSG00000167515.6"	"TRAPPC2L"	chr16	+	88925752	88926158	88925752	88925851	88925980	88926158	6515	46,46	1,4	34,22	1,1	197	99	0.649425456164	1.0	0.959,0.852	0.945,0.917	-0.026
6516	"ENSG00000166526.12"	"ZNF3"	chr7	-	99672852	99673253	99672852	99672899	99673164	99673253	6516	8,14	2,2	6,5	1,0	197	99	0.792162754462	1.0	0.668,0.779	0.751,1.0	-0.152
6517	"ENSG00000166526.12"	"ZNF3"	chr7	-	99672757	99673253	99672757	99672884	99673164	99673253	6517	14,13	66,45	10,9	45,35	197	99	0.949774101368	1.0	0.096,0.127	0.1,0.114	0.004
6518	"ENSG00000166526.12"	"ZNF3"	chr7	-	99672852	99673253	99672852	99672951	99673164	99673253	6518	3,23	2,0	5,8	0,0	197	99	1	1.0	0.43,1.0	1.0,1.0	-0.285
651	"ENSG00000132382.10"	"MYBBP1A"	chr17	-	4457104	4457388	4457104	4457212	4457313	4457388	651	1,2	41,63	1,1	30,23	197	99	0.544858554693	1.0	0.012,0.016	0.016,0.021	-0.005
6521	"ENSG00000142186.12"	"SCYL1"	chr11	+	65305740	65306175	65305740	65305795	65305912	65306175	6521	11,23	59,70	13,9	65,46	197	99	0.417700479659	1.0	0.086,0.142	0.091,0.09	0.023
6522	"ENSG00000142186.12"	"SCYL1"	chr11	+	65305740	65306175	65305740	65305795	65305917	65306175	6522	64,96	2,4	79,58	2,1	197	99	0.629877777123	1.0	0.941,0.923	0.952,0.967	-0.028
6525	"ENSG00000166747.8"	"AP1G1"	chr16	-	71842407	71842716	71842407	71842580	71842665	71842716	6525	1,2	0,2	2,3	1,0	183	99	0.642932107696	1.0	1.0,0.351	0.52,1.0	-0.085
6529	"ENSG00000167995.11"	"BEST1"	chr11	+	61722578	61723423	61722578	61722673	61723189	61723423	6529	2,0	2,0	1,0	0,0	197	99	1	1.0	0.334,NA	1.0,NA	-0.666
652	"ENSG00000132382.10"	"MYBBP1A"	chr17	-	4448320	4448640	4448320	4448470	4448561	4448640	652	199,157	6,13	115,84	9,6	189	99	0.323187962445	1.0	0.946,0.864	0.87,0.88	0.03
6538	"ENSG00000159199.9"	"ATP5G1"	chr17	+	46970770	46972696	46970770	46970818	46972517	46972696	6538	45,51	5,0	47,40	2,3	197	99	0.876107572143	1.0	0.819,1.0	0.922,0.87	0.013
653	"ENSG00000132382.10"	"MYBBP1A"	chr17	-	4442196	4443262	4442196	4442270	4442733	4443262	653	142,138	0,1	97,76	1,1	197	99	0.328702185602	1.0	1.0,0.986	0.98,0.974	0.016
6541	"ENSG00000113240.8"	"CLK4"	chr5	-	178043882	178045779	178043882	178043949	178045556	178045779	6541	19,20	4,3	12,8	4,2	197	99	0.443987283401	1.0	0.705,0.77	0.601,0.668	0.103
6545	"ENSG00000174080.6"	"CTSF"	chr11	-	66333141	66333398	66333141	66333222	66333301	66333398	6545	4,1	10,21	2,1	9,5	177	99	0.727932776132	1.0	0.183,0.026	0.111,0.101	-0.002
6546	"ENSG00000174080.6"	"CTSF"	chr11	-	66331558	66332119	66331558	66331617	66332028	66332119	6546	14,19	18,21	10,5	8,4	197	99	0.36846174267	1.0	0.281,0.313	0.386,0.386	-0.089
654	"ENSG00000132382.10"	"MYBBP1A"	chr17	-	4448320	4448640	4448320	4448470	4448553	4448640	654	11,5	162,144	3,2	98,74	181	99	0.46394069387	1.0	0.036,0.019	0.016,0.015	0.012
6550	"ENSG00000176371.9"	"ZSCAN2"	chr15	+	85163832	85165945	85163832	85164003	85165876	85165945	6550	4,4	0,1	7,6	0,1	197	99	0.708154553074	1.0	1.0,0.668	1.0,0.751	-0.041
6553	"ENSG00000185808.9"	"PIGP"	chr21	-	38444733	38445297	38444733	38444837	38445272	38445297	6553	7,11	1,0	2,2	0,0	197	99	1	1.0	0.779,1.0	1.0,1.0	-0.111
6554	"ENSG00000135655.9"	"USP15"	chr12	+	62783413	62783653	62783413	62783479	62783562	62783653	6554	1,5	2,2	3,2	3,3	181	99	0.627730041759	1.0	0.215,0.578	0.354,0.267	0.086
6555	"ENSG00000135655.9"	"USP15"	chr12	+	62783413	62783653	62783413	62783479	62783597	62783653	6555	36,263	2,0	44,72	0,0	197	99	0.334854206503	1.0	0.9,1.0	1.0,1.0	-0.05
6556	"ENSG00000135655.9"	"USP15"	chr12	+	62783413	62783653	62783413	62783479	62783576	62783653	6556	6,4	287,346	9,5	258,230	195	99	0.185909141921	1.0	0.011,0.006	0.017,0.011	-0.005
6557	"ENSG00000135655.9"	"USP15"	chr12	+	62777620	62778083	62777620	62777779	62777858	62778083	6557	1,23	118,135	14,8	114,96	177	99	0.670777012113	1.0	0.005,0.087	0.064,0.045	-0.009
6558	"ENSG00000135655.9"	"USP15"	chr12	+	62696570	62697367	62696570	62696701	62697212	62697367	6558	7,4	2,0	4,4	1,1	197	99	0.776472619396	1.0	0.638,1.0	0.668,0.668	0.151
6559	"ENSG00000171302.12"	"CANT1"	chr17	-	76993073	76994045	76993073	76993726	76993921	76994045	6559	81,42	24,19	43,31	13,9	197	99	0.608698722491	1.0	0.629,0.526	0.624,0.634	-0.051
6562	"ENSG00000173575.14"	"CHD2"	chr15	+	93486072	93489095	93486072	93486298	93489050	93489095	6562	3,2	0,0	6,4	6,4	197	99	1	1.0	1.0,1.0	0.334,0.334	0.666
6563	"ENSG00000173575.14"	"CHD2"	chr15	+	93524594	93524829	93524594	93524687	93524770	93524829	6563	3,1	1,0	0,1	0,0	181	99	1	1.0	0.621,1.0	NA,1.0	-0.19
6568	"ENSG00000159348.8"	"CYB5R1"	chr1	-	202935014	202935728	202935014	202935237	202935655	202935728	6568	36,24	3,6	27,17	2,1	197	99	0.509811273694	1.0	0.858,0.668	0.872,0.895	-0.12
656	"ENSG00000006015.13"	"C19orf60"	chr19	+	18701663	18703146	18701663	18701743	18702898	18703146	656	2,0	0,0	5,4	1,0	197	99	1	1.0	1.0,NA	0.715,1.0	0.143
6573	"ENSG00000131470.10"	"PSMC3IP"	chr17	-	40725495	40726228	40725495	40725641	40726116	40726228	6573	59,39	59,176	27,26	85,55	197	99	0.573381356704	1.0	0.334,0.1	0.138,0.192	0.052
6574	"ENSG00000131470.10"	"PSMC3IP"	chr17	-	40725495	40726228	40725495	40725641	40726156	40726228	6574	35,197	0,1	76,62	1,0	197	99	0.554554654974	1.0	1.0,0.99	0.974,1.0	0.008
657	"ENSG00000006015.13"	"C19orf60"	chr19	+	18699804	18700493	18699804	18699887	18700288	18700493	657	14,20	6,1	21,14	3,2	197	99	0.712245413619	1.0	0.54,0.91	0.779,0.779	-0.054
6580	"ENSG00000105821.10"	"DNAJC2"	chr7	-	102962957	102963241	102962957	102963066	102963149	102963241	6580	93,418	0,0	273,271	1,0	181	99	1	1.0	1.0,1.0	0.993,1.0	0.004
6581	"ENSG00000105821.10"	"DNAJC2"	chr7	-	102962957	102963241	102962957	102963079	102963149	102963241	6581	25,69	280,68	63,44	217,197	168	99	0.654694034785	1.0	0.05,0.374	0.146,0.116	0.081
6586	"ENSG00000132155.7"	"RAF1"	chr3	-	12641697	12641914	12641697	12641766	12641886	12641914	6586	325,426	2,0	229,219	1,1	197	99	0.64687239696	1.0	0.988,1.0	0.991,0.991	0.003
658	"ENSG00000006015.13"	"C19orf60"	chr19	+	18699804	18700493	18699804	18699887	18700222	18700493	658	8,15	12,1	14,9	6,4	197	99	0.981420506518	1.0	0.251,0.883	0.54,0.531	0.031
6591	"ENSG00000087077.7"	"TRIP6"	chr7	+	100467991	100468365	100467991	100468085	100468195	100468365	6591	11,11	110,168	14,10	115,90	197	99	0.229142603489	1.0	0.048,0.032	0.058,0.053	-0.015
6594	"ENSG00000177728.10"	"KIAA0195"	chr17	+	73494524	73494895	73494524	73494619	73494744	73494895	6594	32,41	0,1	15,17	0,0	197	99	1	1.0	1.0,0.954	1.0,1.0	-0.023
6595	"ENSG00000177728.10"	"KIAA0195"	chr17	+	73494524	73494803	73494524	73494619	73494709	73494803	6595	16,15	72,32	12,7	57,38	188	99	0.263595471917	1.0	0.105,0.198	0.1,0.088	0.057
6596	"ENSG00000177728.10"	"KIAA0195"	chr17	+	73481951	73482507	73481951	73482079	73482370	73482507	6596	3,2	2,15	3,2	7,5	197	99	0.7597025968	1.0	0.43,0.063	0.177,0.167	0.075
6597	"ENSG00000177728.10"	"KIAA0195"	chr17	+	73489009	73489674	73489009	73489183	73489571	73489674	6597	18,20	40,30	19,12	24,14	197	99	0.214464522845	1.0	0.184,0.251	0.285,0.301	-0.075
6598	"ENSG00000177728.10"	"KIAA0195"	chr17	+	73489009	73489674	73489009	73489213	73489571	73489674	6598	13,20	2,0	17,12	1,1	197	99	0.691126119064	1.0	0.766,1.0	0.895,0.858	0.006
6599	"ENSG00000179094.9"	"PER1"	chr17	-	8050214	8050699	8050214	8050320	8050567	8050699	6599	3,8	4,13	8,4	11,6	197	99	0.909361849845	1.0	0.274,0.236	0.268,0.251	-0.005
659	"ENSG00000115091.7"	"ACTR3"	chr2	+	114709296	114713283	114709296	114709393	114713199	114713283	659	237,1225	0,2	466,538	0,0	197	99	1	1.0	1.0,0.997	1.0,1.0	-0.002
6601	"ENSG00000106330.7"	"MOSPD3"	chr7	+	100210352	100210892	100210352	100210619	100210786	100210892	6601	1,3	0,1	3,2	0,0	197	99	1	1.0	1.0,0.601	1.0,1.0	-0.2
6602	"ENSG00000106330.7"	"MOSPD3"	chr7	+	100210132	100210619	100210132	100210225	100210352	100210619	6602	0,43	0,0	11,14	2,2	197	99	1	1.0	NA,1.0	0.734,0.779	0.244
6604	"ENSG00000068120.10"	"COASY"	chr17	+	40714168	40714505	40714168	40714237	40714373	40714505	6604	429,292	16,28	390,296	23,17	197	99	0.829504531996	1.0	0.931,0.84	0.895,0.897	-0.011
6605	"ENSG00000068120.10"	"COASY"	chr17	+	40714373	40715340	40714373	40714505	40714629	40715340	6605	153,146	8,8	157,117	5,4	197	99	0.317118896339	1.0	0.906,0.902	0.94,0.936	-0.034
6607	"ENSG00000170037.9"	"CNTROB"	chr17	+	7835472	7836667	7835472	7835666	7836245	7836667	6607	97,116	1,0	21,22	0,0	197	99	1	1.0	0.98,1.0	1.0,1.0	-0.01
6608	"ENSG00000170037.9"	"CNTROB"	chr17	+	7847440	7847956	7847440	7847543	7847793	7847956	6608	82,80	1,4	41,30	0,0	197	99	0.375881022878	1.0	0.976,0.91	1.0,1.0	-0.057
6609	"ENSG00000170037.9"	"CNTROB"	chr17	+	7847440	7847956	7847440	7847566	7847793	7847956	6609	25,21	31,31	23,13	21,15	197	99	0.356884029654	1.0	0.288,0.254	0.355,0.303	-0.058
660	"ENSG00000115091.7"	"ACTR3"	chr2	+	114709296	114713283	114709296	114709422	114713199	114713283	660	4,0	852,585	13,9	601,487	197	99	0.768729314287	1.0	0.002,0.0	0.011,0.009	-0.009
6611	"ENSG00000198753.7"	"PLXNB3"	chrX	+	153042982	153043550	153042982	153043143	153043402	153043550	6611	2,1	2,1	1,0	1,1	197	99	0.731181157649	1.0	0.334,0.334	0.334,0.0	0.167
6613	"ENSG00000269352.1"	"AC018766.5"	chr19	-	50362099	50362544	50362099	50362354	50362451	50362544	6613	32,5	0,0	8,9	1,0	195	99	1	1.0	1.0,1.0	0.802,1.0	0.099
6614	"ENSG00000178821.8"	"TMEM52"	chr1	-	1849691	1850373	1849691	1849870	1850331	1850373	6614	2,14	0,2	4,3	1,1	197	99	0.527283931166	1.0	1.0,0.779	0.668,0.601	0.255
6618	"ENSG00000135596.13"	"MICAL1"	chr6	-	109767338	109767975	109767338	109767615	109767792	109767975	6618	1,2	0,1	0,1	0,0	197	99	1	1.0	1.0,0.501	NA,1.0	-0.25
6620	"ENSG00000135596.13"	"MICAL1"	chr6	-	109767338	109767975	109767338	109767615	109767898	109767975	6620	10,5	42,25	5,3	39,21	197	99	0.352779595752	1.0	0.107,0.091	0.061,0.067	0.035
6621	"ENSG00000135596.13"	"MICAL1"	chr6	-	109772802	109773604	109772802	109772903	109773448	109773604	6621	61,21	31,12	48,29	23,15	197	99	0.840911022789	1.0	0.497,0.468	0.512,0.493	-0.02
6623	"ENSG00000241973.6"	"PI4KA"	chr22	-	21088023	21088482	21088023	21088131	21088330	21088482	6623	3,9	65,29	6,4	66,39	197	99	0.51805379044	1.0	0.023,0.135	0.044,0.049	0.033
6624	"ENSG00000157625.11"	"TAB3"	chrX	-	30861082	30864761	30861082	30861166	30864667	30864761	6624	5,5	42,46	11,7	57,41	197	99	0.32552809164	1.0	0.056,0.052	0.088,0.079	-0.029
6625	"ENSG00000119185.8"	"ITGB1BP1"	chr2	-	9546789	9547727	9546789	9547034	9547577	9547727	6625	4,7	104,111	6,6	111,79	197	99	0.636659727663	1.0	0.019,0.031	0.026,0.037	-0.006
6627	"ENSG00000005238.15"	"FAM214B"	chr9	-	35107377	35108346	35107377	35107565	35108124	35108346	6627	9,14	0,3	14,8	0,0	197	99	1	1.0	1.0,0.701	1.0,1.0	-0.149
6629	"ENSG00000131795.8"	"RBM8A"	chr1	+	145508015	145508284	145508015	145508075	145508209	145508284	6629	483,615	47,51	330,272	35,28	197	99	0.408870499515	1.0	0.838,0.858	0.826,0.83	0.02
662	"ENSG00000157191.15"	"NECAP2"	chr1	+	16785336	16786572	16785336	16785545	16786271	16786572	662	305,194	0,0	250,184	1,1	197	99	0.516238112165	1.0	1.0,1.0	0.992,0.989	0.01
6630	"ENSG00000131795.8"	"RBM8A"	chr1	+	145508015	145508611	145508015	145508075	145508474	145508611	6630	58,85	6,16	70,43	11,8	197	99	0.741428671803	1.0	0.829,0.728	0.762,0.73	0.032
6632	"ENSG00000172840.2"	"PDP2"	chr16	+	66918133	66918497	66918133	66918273	66918371	66918497	6632	4,85	0,1	17,29	0,0	196	99	1	1.0	1.0,0.977	1.0,1.0	-0.012
6633	"ENSG00000005700.10"	"IBTK"	chr6	-	82900789	82901596	82900789	82900933	82901503	82901596	6633	2,1	61,43	7,4	111,89	197	99	0.739702869435	1.0	0.016,0.012	0.031,0.022	-0.012
6635	"ENSG00000067365.10"	"METTL22"	chr16	+	8722586	8722967	8722586	8722733	8722862	8722967	6635	11,96	2,0	36,41	0,0	197	99	0.305005909317	1.0	0.734,1.0	1.0,1.0	-0.133
663	"ENSG00000157191.15"	"NECAP2"	chr1	+	16775587	16778510	16775587	16775696	16778332	16778510	663	8,2	121,99	6,4	85,63	197	99	0.364493315559	1.0	0.032,0.01	0.034,0.031	-0.011
6640	"ENSG00000145908.8"	"ZNF300"	chr5	-	150273960	150277746	150273960	150276531	150277619	150277746	6640	35,31	0,0	16,13	1,0	197	99	0.208909475381	1.0	1.0,1.0	0.889,1.0	0.055
6641	"ENSG00000151150.16"	"ANK3"	chr10	-	61898274	61898845	61898274	61898479	61898721	61898845	6641	1,2	2,2	1,1	1,0	197	99	0.631941679285	1.0	0.201,0.334	0.334,1.0	-0.4
6642	"ENSG00000185963.9"	"BICD2"	chr9	-	95473644	95477745	95473644	95475743	95477534	95477745	6642	14,32	16,20	17,10	14,9	197	99	0.848512837019	1.0	0.305,0.446	0.379,0.358	0.007
6645	"ENSG00000168944.11"	"CEP120"	chr5	-	122758643	122759038	122758643	122758724	122758974	122759038	6645	5,21	0,0	9,8	1,1	197	99	1	1.0	1.0,1.0	0.819,0.801	0.19
6649	"ENSG00000103042.4"	"SLC38A7"	chr16	-	58709843	58710250	58709843	58709958	58710192	58710250	6649	2,2	4,4	2,2	4,3	197	99	0.847183439794	1.0	0.201,0.201	0.201,0.251	-0.025
664	"ENSG00000157191.15"	"NECAP2"	chr1	+	16785336	16786572	16785336	16785557	16785768	16786572	664	327,232	8,4	276,209	6,4	197	99	0.968215583682	1.0	0.954,0.967	0.959,0.963	-0.001
6651	"ENSG00000197989.9"	"SNHG12"	chr1	-	28906044	28907158	28906044	28906493	28907071	28907158	6651	13,24	43,105	38,27	105,79	197	99	0.208054108765	1.0	0.132,0.103	0.154,0.147	-0.033
6652	"ENSG00000197989.9"	"SNHG12"	chr1	-	28906044	28906493	28906044	28906099	28906423	28906493	6652	28,73	15,12	77,62	22,19	197	99	0.988364307477	1.0	0.484,0.754	0.638,0.621	-0.01
6653	"ENSG00000197989.9"	"SNHG12"	chr1	-	28906044	28906493	28906044	28906099	28906453	28906493	6653	40,86	2,12	98,82	7,5	197	99	0.27677843501	1.0	0.91,0.783	0.876,0.892	-0.037
6656	"ENSG00000092098.12"	"RNF31"	chr14	+	24626728	24627117	24626728	24626847	24627116	24627117	6656	2,1	1,0	1,1	0,0	197	99	1	1.0	0.501,1.0	1.0,1.0	-0.25
6657	"ENSG00000092098.12"	"RNF31"	chr14	+	24626728	24627117	24626728	24626847	24627040	24627117	6657	4,1	0,0	2,2	1,0	197	99	1	1.0	1.0,1.0	0.501,1.0	0.25
6664	"ENSG00000137133.6"	"HINT2"	chr9	-	35812970	35813335	35812970	35813153	35813262	35813335	6664	17,45	3,0	27,17	2,1	197	99	0.759387663233	1.0	0.74,1.0	0.872,0.895	-0.013
6665	"ENSG00000152291.9"	"TGOLN2"	chr2	-	85553630	85554808	85553630	85553927	85554101	85554808	6665	271,196	25,26	165,129	19,11	197	99	0.843862878809	1.0	0.845,0.791	0.814,0.855	-0.016
6666	"ENSG00000152291.9"	"TGOLN2"	chr2	-	85554101	85554808	85554101	85554349	85554643	85554808	6666	306,296	2,2	209,168	1,1	197	99	0.784935538664	1.0	0.987,0.987	0.991,0.988	-0.003
6667	"ENSG00000116337.11"	"AMPD2"	chr1	+	110171730	110172174	110171730	110171857	110171935	110172174	6667	0,3	0,2	1,1	0,0	176	99	1	1.0	NA,0.458	1.0,1.0	-0.542
6669	"ENSG00000155975.5"	"VPS37A"	chr8	+	17137747	17137952	17137747	17137806	17137901	17137952	6669	45,49	0,6	30,21	2,1	193	99	0.646477738065	1.0	1.0,0.807	0.885,0.915	0.003
6670	"ENSG00000237441.5"	"RGL2"	chr6	-	33261571	33261843	33261571	33261693	33261810	33261843	6670	54,41	106,63	29,20	50,36	197	99	0.962621629323	1.0	0.204,0.246	0.226,0.218	0.003
6671	"ENSG00000237441.5"	"RGL2"	chr6	-	33262772	33262988	33262772	33262822	33262903	33262988	6671	2,15	35,33	8,5	26,15	179	99	0.502711768131	1.0	0.031,0.201	0.145,0.156	-0.034
6672	"ENSG00000237441.5"	"RGL2"	chr6	-	33261571	33261843	33261571	33261712	33261810	33261843	6672	34,34	8,0	21,16	3,3	196	99	0.539498082341	1.0	0.682,1.0	0.78,0.729	0.087
6673	"ENSG00000237441.5"	"RGL2"	chr6	-	33261189	33261476	33261189	33261301	33261380	33261476	6673	27,33	39,40	22,16	34,23	177	99	0.675384324377	1.0	0.279,0.316	0.266,0.28	0.024
6675	"ENSG00000185379.16"	"RAD51D"	chr17	-	33433146	33433500	33433146	33433268	33433404	33433500	6675	0,0	5,0	1,1	1,1	197	99	1	1.0	0.0,NA	0.334,0.334	-0.334
6677	"ENSG00000090520.6"	"DNAJB11"	chr3	+	186295456	186295849	186295456	186295589	186295686	186295849	6677	19,23	1,0	9,12	0,0	195	99	1	1.0	0.906,1.0	1.0,1.0	-0.047
6679	"ENSG00000147955.12"	"SIGMAR1"	chr9	-	34636993	34637417	34636993	34637086	34637216	34637417	6679	13,19	43,44	11,7	30,21	197	99	0.953141190879	1.0	0.132,0.178	0.156,0.143	0.006
667	"ENSG00000169718.13"	"DUS1L"	chr17	-	80019084	80019597	80019084	80019229	80019432	80019597	667	8,30	0,0	19,11	1,1	197	99	1	1.0	1.0,1.0	0.905,0.847	0.124
6680	"ENSG00000104365.9"	"IKBKB"	chr8	+	42176787	42178362	42176787	42176939	42178252	42178362	6680	35,18	0,11	18,15	2,1	197	99	0.781539975382	1.0	1.0,0.451	0.819,0.883	-0.125
6681	"ENSG00000185664.10"	"PMEL"	chr12	-	56350732	56351455	56350732	56350843	56350969	56351455	6681	2,3	1,0	2,2	0,0	197	99	1	1.0	0.501,1.0	1.0,1.0	-0.25
6682	"ENSG00000163938.12"	"GNL3"	chr3	+	52724607	52725087	52724607	52724720	52724960	52725087	6682	53,31	246,260	42,30	208,177	197	99	0.53961441708	1.0	0.098,0.057	0.092,0.078	-0.007
6683	"ENSG00000100416.8"	"TRMU"	chr22	+	46751340	46753234	46751340	46751485	46752738	46753234	6683	20,9	0,0	16,12	3,2	197	99	1	1.0	1.0,1.0	0.728,0.751	0.26
6687	"ENSG00000068354.11"	"TBC1D25"	chrX	+	48417284	48417734	48417284	48417412	48417545	48417734	6687	2,1	17,36	1,1	14,12	197	99	0.527807821757	1.0	0.056,0.014	0.035,0.04	-0.003
6688	"ENSG00000151466.7"	"SCLT1"	chr4	-	129891532	129893527	129891532	129891623	129893458	129893527	6688	5,4	2,3	0,1	0,0	197	99	1	1.0	0.557,0.401	NA,1.0	-0.521
6689	"ENSG00000108349.10"	"CASC3"	chr17	+	38319733	38320419	38319733	38319855	38320138	38320419	6689	228,319	10,24	222,164	13,8	197	99	0.72958646435	1.0	0.92,0.87	0.896,0.912	-0.009
668	"ENSG00000169718.13"	"DUS1L"	chr17	-	80019084	80019597	80019084	80019229	80019493	80019597	668	11,27	70,107	17,12	78,59	197	99	0.968996570337	1.0	0.073,0.113	0.099,0.093	-0.003
6692	"ENSG00000138382.9"	"METTL5"	chr2	-	170680998	170681424	170680998	170681150	170681396	170681424	6692	46,59	0,1	36,42	0,0	197	99	1	1.0	1.0,0.967	1.0,1.0	-0.016
6693	"ENSG00000127837.5"	"AAMP"	chr2	-	219130301	219130669	219130301	219130405	219130553	219130669	6693	21,42	96,95	25,10	71,51	197	99	0.689754198728	1.0	0.099,0.182	0.15,0.09	0.021
6695	"ENSG00000071462.7"	"WBSCR22"	chr7	+	73106925	73107744	73106925	73106976	73107658	73107744	6695	16,31	211,323	20,11	171,136	197	99	0.546512413305	1.0	0.037,0.046	0.056,0.039	-0.006
6696	"ENSG00000071462.7"	"WBSCR22"	chr7	+	73100987	73101230	73100987	73101061	73101147	73101230	6696	2,1	823,648	0,0	288,277	184	99	1	1.0	0.001,0.001	0.0,0.0	0.001
6697	"ENSG00000204681.6"	"GABBR1"	chr6	-	29576230	29576510	29576230	29576279	29576377	29576510	6697	24,12	0,3	25,18	1,1	196	99	0.759773273099	1.0	1.0,0.669	0.927,0.901	-0.08
669	"ENSG00000169718.13"	"DUS1L"	chr17	-	80016216	80016694	80016216	80016284	80016656	80016694	669	200,113	17,18	128,98	18,14	197	99	0.456133091867	1.0	0.855,0.759	0.781,0.779	0.027
6700	"ENSG00000087111.16"	"PIGS"	chr17	-	26888439	26888815	26888439	26888647	26888761	26888815	6700	3,15	0,1	8,6	0,0	197	99	1	1.0	1.0,0.883	1.0,1.0	-0.058
6701	"ENSG00000087111.16"	"PIGS"	chr17	-	26897869	26898206	26897869	26897981	26898066	26898206	6701	5,1	55,47	4,3	63,46	183	99	0.955878238784	1.0	0.047,0.011	0.033,0.034	-0.005
6703	"ENSG00000168488.14"	"ATXN2L"	chr16	+	28836944	28837111	28836944	28837001	28837090	28837111	6703	1,4	100,343	2,2	165,152	187	99	1	1.0	0.005,0.006	0.006,0.007	-0.001
6704	"ENSG00000168488.14"	"ATXN2L"	chr16	+	28847253	28848558	28847253	28847443	28848068	28848558	6704	371,280	2,0	573,383	3,1	197	99	1	1.0	0.989,1.0	0.99,0.995	0.002
6705	"ENSG00000168488.14"	"ATXN2L"	chr16	+	28846598	28847079	28846598	28846720	28846869	28847079	6705	52,81	225,203	72,42	277,168	197	99	0.285317503008	1.0	0.104,0.167	0.116,0.112	0.022
6709	"ENSG00000168488.14"	"ATXN2L"	chr16	+	28846598	28847079	28846598	28846720	28846933	28847079	6709	271,310	0,0	348,237	1,0	197	99	1	1.0	1.0,1.0	0.994,1.0	0.003
670	"ENSG00000169718.13"	"DUS1L"	chr17	-	80016216	80016694	80016216	80016292	80016656	80016694	670	76,33	122,97	51,35	85,67	197	99	0.472605991592	1.0	0.238,0.146	0.232,0.208	-0.028
6713	"ENSG00000010256.6"	"UQCRC1"	chr3	-	48638112	48638551	48638112	48638273	48638407	48638551	6713	16,29	382,479	14,9	363,284	197	99	0.210093149152	1.0	0.021,0.03	0.019,0.016	0.008
6714	"ENSG00000010256.6"	"UQCRC1"	chr3	-	48638112	48638551	48638112	48638248	48638407	48638551	6714	112,649	4,0	204,271	0,0	197	99	0.423679797041	1.0	0.934,1.0	1.0,1.0	-0.033
6717	"ENSG00000010318.15"	"PHF7"	chr3	+	52455663	52456897	52455663	52455770	52456775	52456897	6717	7,0	5,2	3,2	1,1	197	99	0.365537731667	1.0	0.413,0.0	0.601,0.501	-0.344
6718	"ENSG00000168003.12"	"SLC3A2"	chr11	+	62652648	62653080	62652648	62652829	62653018	62653080	6718	228,215	1,0	38,56	0,0	197	99	0.460115845881	1.0	0.991,1.0	1.0,1.0	-0.004
671	"ENSG00000169718.13"	"DUS1L"	chr17	-	80019084	80019597	80019084	80019229	80019517	80019597	671	6,170	0,1	52,53	0,0	197	99	0.790783338422	1.0	1.0,0.988	1.0,1.0	-0.006
6720	"ENSG00000160050.10"	"CCDC28B"	chr1	+	32667296	32667700	32667296	32667403	32667513	32667700	6720	41,22	26,5	39,33	13,9	197	99	0.428213564021	1.0	0.442,0.689	0.601,0.648	-0.059
6721	"ENSG00000160050.10"	"CCDC28B"	chr1	+	32670198	32670988	32670198	32670221	32670794	32670988	6721	2,7	7,6	6,4	5,2	197	99	0.321164078991	1.0	0.126,0.37	0.376,0.501	-0.191
6726	"ENSG00000006282.15"	"SPATA20"	chr17	+	48627345	48627673	48627345	48627476	48627568	48627673	6726	1,0	3,1	1,1	2,1	190	99	0.629158819086	1.0	0.148,0.0	0.207,0.343	-0.201
6731	"ENSG00000158805.7"	"ZNF276"	chr16	+	89789544	89790117	89789544	89789591	89789667	89790117	6731	10,3	44,38	4,3	20,14	174	99	0.452509057161	1.0	0.115,0.043	0.102,0.109	-0.026
6732	"ENSG00000158805.7"	"ZNF276"	chr16	+	89789544	89790117	89789544	89789591	89789686	89790117	6732	54,37	8,1	23,17	4,2	193	99	0.428987934634	1.0	0.776,0.95	0.747,0.813	0.083
6733	"ENSG00000182196.9"	"ARL6IP4"	chr12	+	123466503	123467085	123466503	123466621	123467015	123467085	6733	30,20	1018,865	21,13	703,564	197	99	0.910360259912	1.0	0.015,0.011	0.015,0.011	0.0
6734	"ENSG00000182196.9"	"ARL6IP4"	chr12	+	123467015	123467455	123467015	123467085	123467166	123467455	6734	38,67	48,64	37,24	36,28	179	99	0.919294988239	1.0	0.305,0.367	0.362,0.322	-0.006
6735	"ENSG00000182196.9"	"ARL6IP4"	chr12	+	123465675	123466426	123465675	123465813	123466117	123466426	6735	142,168	9,13	134,99	8,6	197	99	0.737028053958	1.0	0.888,0.867	0.894,0.892	-0.016
673	"ENSG00000157800.13"	"SLC37A3"	chr7	-	140051072	140051769	140051072	140051251	140051574	140051769	673	36,15	0,2	5,5	0,0	197	99	1	1.0	1.0,0.79	1.0,1.0	-0.105
6740	"ENSG00000100938.13"	"GMPR2"	chr14	+	24707451	24708448	24707451	24707611	24707794	24708448	6740	13,18	68,34	17,12	50,37	197	99	0.855879322556	1.0	0.088,0.21	0.146,0.14	0.006
6746	"ENSG00000178028.9"	"DMAP1"	chr1	+	44679162	44679530	44679162	44679221	44679380	44679530	6746	10,26	3,1	15,11	3,2	197	99	0.672267508748	1.0	0.626,0.929	0.715,0.734	0.053
6747	"ENSG00000178028.9"	"DMAP1"	chr1	+	44679162	44679530	44679162	44679221	44679420	44679530	6747	14,114	0,1	30,40	0,0	197	99	1	1.0	1.0,0.983	1.0,1.0	-0.008
6748	"ENSG00000143851.11"	"PTPN7"	chr1	-	202117566	202117827	202117566	202117606	202117681	202117827	6748	64,61	0,0	30,31	1,0	173	99	0.238548948509	1.0	1.0,1.0	0.945,1.0	0.028
6749	"ENSG00000143851.11"	"PTPN7"	chr1	-	202117416	202117827	202117416	202117507	202117681	202117827	6749	277,186	2,0	93,113	1,0	197	99	0.577225504719	1.0	0.986,1.0	0.979,1.0	0.003
6750	"ENSG00000143851.11"	"PTPN7"	chr1	-	202117416	202117827	202117416	202117464	202117681	202117827	6750	24,176	1,2	56,67	0,0	197	99	0.431691789125	1.0	0.923,0.978	1.0,1.0	-0.049
6751	"ENSG00000143851.11"	"PTPN7"	chr1	-	202128408	202129119	202128408	202128582	202128981	202129119	6751	104,67	0,6	34,36	1,1	197	99	0.544681866852	1.0	1.0,0.849	0.945,0.948	-0.022
6752	"ENSG00000143851.11"	"PTPN7"	chr1	-	202116142	202117827	202116142	202117594	202117681	202117827	6752	147,136	19,3	75,72	6,5	185	99	0.947548858653	1.0	0.805,0.96	0.87,0.885	0.005
6754	"ENSG00000163931.11"	"TKT"	chr3	-	53267171	53269035	53267171	53267290	53269013	53269035	6754	42,252	1,0	112,88	0,0	197	99	0.575266179022	1.0	0.955,1.0	1.0,1.0	-0.022
6756	"ENSG00000183258.7"	"DDX41"	chr5	-	176942929	176943194	176942929	176942990	176943119	176943194	6756	23,11	211,141	18,13	184,144	197	99	0.971621542473	1.0	0.052,0.038	0.047,0.043	0.0
6757	"ENSG00000183258.7"	"DDX41"	chr5	-	176940353	176940848	176940353	176940485	176940685	176940848	6757	7,22	189,135	21,9	148,114	197	99	0.413913735735	1.0	0.018,0.076	0.067,0.038	-0.006
6758	"ENSG00000183258.7"	"DDX41"	chr5	-	176943288	176943836	176943288	176943517	176943725	176943836	6758	2,7	0,4	6,4	1,0	197	99	0.512886048433	1.0	1.0,0.468	0.751,1.0	-0.141
675	"ENSG00000148985.15"	"PGAP2"	chr11	+	3845112	3845606	3845112	3845365	3845499	3845606	675	12,4	57,47	11,7	50,33	197	99	0.370934829351	1.0	0.096,0.041	0.1,0.096	-0.029
6760	"ENSG00000183258.7"	"DDX41"	chr5	-	176939496	176939877	176939496	176939646	176939780	176939877	6760	9,5	175,155	8,6	165,124	197	99	0.734678315547	1.0	0.025,0.016	0.024,0.024	-0.003
6762	"ENSG00000013275.3"	"PSMC4"	chr19	+	40485976	40486361	40485976	40486053	40486192	40486361	6762	27,9	313,353	18,14	296,242	197	99	0.71209201333	1.0	0.042,0.013	0.03,0.028	-0.001
6763	"ENSG00000013275.3"	"PSMC4"	chr19	+	40485976	40486361	40485976	40486053	40486142	40486361	6763	15,10	1,0	6,8	0,0	187	99	1	1.0	0.888,1.0	1.0,1.0	-0.056
6764	"ENSG00000013275.3"	"PSMC4"	chr19	+	40486192	40486624	40486192	40486361	40486549	40486624	6764	8,2	0,2	1,1	0,0	197	99	1	1.0	1.0,0.334	1.0,1.0	-0.333
6765	"ENSG00000013275.3"	"PSMC4"	chr19	+	40486192	40486624	40486192	40486361	40486568	40486624	6765	4,11	272,303	10,4	261,210	197	99	0.726962529121	1.0	0.007,0.018	0.019,0.009	-0.001
6766	"ENSG00000103249.13"	"CLCN7"	chr16	-	1507329	1507757	1507329	1507388	1507694	1507757	6766	0,3	1,0	3,2	0,0	197	99	1	1.0	0.0,1.0	1.0,1.0	-0.5
6767	"ENSG00000103249.13"	"CLCN7"	chr16	-	1499276	1500667	1499276	1499328	1500497	1500667	6767	30,28	39,46	33,21	36,21	197	99	0.231309947397	1.0	0.279,0.234	0.315,0.334	-0.068
6769	"ENSG00000032444.11"	"PNPLA6"	chr19	+	7607646	7607970	7607646	7607814	7607892	7607970	6769	0,0	8,25	0,1	14,10	176	99	0.478280406704	1.0	0.0,0.0	0.0,0.053	-0.026
676	"ENSG00000005156.7"	"LIG3"	chr17	+	33325622	33326468	33325622	33325746	33326325	33326468	676	1,1	34,23	1,1	36,29	197	99	0.870631461172	1.0	0.015,0.021	0.014,0.017	0.003
6773	"ENSG00000111667.9"	"USP5"	chr12	+	6972993	6973359	6972993	6973137	6973213	6973359	6773	9,7	137,179	7,6	126,91	174	99	0.619216793836	1.0	0.036,0.022	0.031,0.036	-0.005
6776	"ENSG00000168818.5"	"STX18"	chr4	-	4458917	4459227	4458917	4458984	4459149	4459227	6776	0,4	27,51	1,1	18,12	197	99	0.447293549843	1.0	0.0,0.038	0.027,0.04	-0.015
6777	"ENSG00000129255.10"	"MPDU1"	chr17	+	7490009	7490589	7490009	7490156	7490478	7490589	6777	22,16	1,6	17,13	4,4	197	99	0.610586044037	1.0	0.917,0.573	0.681,0.62	0.094
6778	"ENSG00000129255.10"	"MPDU1"	chr17	+	7490009	7490589	7490009	7490095	7490216	7490589	6778	9,18	207,180	12,10	170,144	197	99	0.945344304833	1.0	0.021,0.048	0.034,0.034	0.001
6779	"ENSG00000129255.10"	"MPDU1"	chr17	+	7490216	7490589	7490216	7490335	7490478	7490589	6779	21,15	84,81	13,11	70,50	197	99	0.832599308131	1.0	0.112,0.085	0.085,0.1	0.006
6785	"ENSG00000124574.10"	"ABCC10"	chr6	+	43410707	43411748	43410707	43410897	43411670	43411748	6785	12,6	7,7	11,7	6,4	197	99	0.535525417126	1.0	0.463,0.301	0.48,0.468	-0.092
6786	"ENSG00000124574.10"	"ABCC10"	chr6	+	43405671	43406533	43405671	43405751	43406361	43406533	6786	6,3	23,23	5,4	18,14	197	99	0.467031182443	1.0	0.116,0.062	0.122,0.126	-0.035
6787	"ENSG00000137343.13"	"ATAT1"	chr6	+	30613843	30614600	30613843	30613886	30614245	30614600	6787	13,16	2,3	10,6	2,1	197	99	0.865289256448	1.0	0.766,0.728	0.715,0.751	0.014
6788	"ENSG00000137343.13"	"ATAT1"	chr6	+	30610544	30612456	30610544	30610788	30611305	30612456	6788	14,28	0,5	15,12	1,0	197	99	0.696300222895	1.0	1.0,0.738	0.883,1.0	-0.073
6789	"ENSG00000137343.13"	"ATAT1"	chr6	+	30613671	30613886	30613671	30613751	30613843	30613886	6789	7,1	3,9	7,4	4,2	190	99	0.247321818124	1.0	0.549,0.055	0.477,0.51	-0.191
6790	"ENSG00000160310.12"	"PRMT2"	chr21	+	48080744	48081848	48080744	48080874	48081711	48081848	6790	51,48	88,37	38,28	46,26	197	99	0.736812059102	1.0	0.226,0.395	0.293,0.351	-0.011
6791	"ENSG00000112984.7"	"KIF20A"	chr5	+	137517110	137517200	137517110	137517137	137517191	137517200	6791	83,26	6,1	107,71	4,2	152	99	0.248457777957	1.0	0.9,0.944	0.946,0.959	-0.03
6792	"ENSG00000159899.10"	"NPR2"	chr9	+	35808505	35808850	35808505	35808680	35808751	35808850	6792	12,12	7,11	7,5	2,2	169	99	0.259280697762	1.0	0.501,0.39	0.672,0.594	-0.188
6795	"ENSG00000198832.6"	"SELM"	chr22	-	31501915	31503519	31501915	31501951	31503362	31503519	6795	2,0	4,10	1,0	8,4	197	99	0.447312502839	1.0	0.201,0.0	0.059,0.0	0.071
6796	"ENSG00000135124.10"	"P2RX4"	chr12	+	121670413	121670895	121670413	121670479	121670799	121670895	6796	7,4	62,41	3,3	35,20	197	99	0.80725283259	1.0	0.054,0.047	0.041,0.07	-0.005
6797	"ENSG00000135124.10"	"P2RX4"	chr12	+	121666527	121666902	121666527	121666669	121666765	121666902	6797	2,2	32,20	1,0	20,10	194	99	0.573128437937	1.0	0.031,0.049	0.025,0.0	0.028
6798	"ENSG00000135124.10"	"P2RX4"	chr12	+	121666527	121666902	121666527	121666669	121666836	121666902	6798	45,21	0,2	18,11	1,1	197	99	0.387700067086	1.0	1.0,0.841	0.9,0.847	0.047
679	"ENSG00000113716.8"	"HMGXB3"	chr5	+	149403824	149404243	149403824	149403971	149404067	149404243	679	150,84	0,0	146,126	2,1	194	99	0.328791118095	1.0	1.0,1.0	0.974,0.985	0.02
6800	"ENSG00000117475.9"	"BLZF1"	chr1	+	169345777	169346621	169345777	169346217	169346375	169346621	6800	18,1	1,1	15,10	1,1	197	99	0.812052336905	1.0	0.9,0.334	0.883,0.834	-0.242
6801	"ENSG00000140632.12"	"GLYR1"	chr16	-	4853203	4855311	4853203	4854149	4854522	4855311	6801	193,413	44,56	178,135	25,15	197	99	0.248436874284	1.0	0.688,0.788	0.782,0.819	-0.063
6804	"ENSG00000100982.7"	"PCIF1"	chr20	+	44575901	44576662	44575901	44576077	44576162	44576662	6804	1,1	27,20	2,2	45,31	183	99	0.793389703721	1.0	0.02,0.026	0.023,0.034	-0.006
6808	"ENSG00000143847.11"	"PPFIA4"	chr1	+	203044704	203047863	203044704	203044885	203045468	203047863	6808	7,13	0,5	10,5	1,0	197	99	0.613823055956	1.0	1.0,0.566	0.834,1.0	-0.134
6810	"ENSG00000141258.8"	"SGSM2"	chr17	+	2282329	2282859	2282329	2282497	2282705	2282859	6810	0,4	0,3	1,1	0,0	197	99	1	1.0	NA,0.401	1.0,1.0	-0.599
6811	"ENSG00000141258.8"	"SGSM2"	chr17	+	2275874	2276375	2275874	2276080	2276246	2276375	6811	9,13	7,2	16,11	2,1	197	99	0.22526695027	1.0	0.393,0.766	0.801,0.847	-0.245
6812	"ENSG00000014216.11"	"CAPN1"	chr11	+	64978284	64979476	64978284	64978343	64978730	64979476	6812	12,84	311,228	34,19	266,195	197	99	0.222920785846	1.0	0.019,0.156	0.06,0.047	0.034
6813	"ENSG00000014216.11"	"CAPN1"	chr11	+	64977319	64977567	64977319	64977388	64977488	64977567	6813	0,2	60,43	3,2	54,39	197	99	0.296847011828	1.0	0.0,0.023	0.027,0.025	-0.015
6815	"ENSG00000125656.4"	"CLPP"	chr19	+	6361879	6362553	6361879	6361935	6362456	6362553	6815	63,147	0,2	105,72	1,1	197	99	0.846663347021	1.0	1.0,0.974	0.981,0.973	0.01
6816	"ENSG00000125656.4"	"CLPP"	chr19	+	6361879	6362553	6361879	6361951	6362456	6362553	6816	8,12	159,147	10,7	121,88	197	99	0.494423576277	1.0	0.025,0.039	0.04,0.038	-0.007
681	"ENSG00000125651.9"	"GTF2F1"	chr19	-	6380914	6381206	6380914	6381053	6381132	6381206	681	3,13	154,131	3,2	116,82	177	99	0.209048695869	1.0	0.011,0.053	0.014,0.013	0.019
6821	"ENSG00000131037.10"	"EPS8L1"	chr19	+	55591804	55592222	55591804	55591848	55592139	55592222	6821	3,1	4,0	10,9	1,0	197	99	0.205389282725	1.0	0.274,1.0	0.834,1.0	-0.28
6823	"ENSG00000113971.14"	"NPHP3"	chr3	-	132403397	132405231	132403397	132403638	132405103	132405231	6823	3,6	4,4	3,2	7,3	197	99	0.356946627996	1.0	0.274,0.43	0.177,0.251	0.138
6826	"ENSG00000125149.7"	"C16orf70"	chr16	+	67166348	67166814	67166348	67166428	67166719	67166814	6826	0,1	23,39	1,1	20,15	197	99	0.286525567669	1.0	0.0,0.013	0.025,0.032	-0.022
6827	"ENSG00000125149.7"	"C16orf70"	chr16	+	67166348	67166814	67166348	67166428	67166781	67166814	6827	1,42	0,1	6,8	0,0	197	99	1	1.0	1.0,0.955	1.0,1.0	-0.022
6829	"ENSG00000143971.7"	"ETAA1"	chr2	+	67630356	67632467	67630356	67630499	67632367	67632467	6829	48,20	2,0	20,21	0,0	197	99	1	1.0	0.923,1.0	1.0,1.0	-0.038
6830	"ENSG00000100664.6"	"EIF5"	chr14	+	103805508	103806140	103805508	103805670	103805975	103806140	6830	0,1	608,519	3,2	331,286	197	99	1	1.0	0.0,0.001	0.005,0.004	-0.004
6832	"ENSG00000242802.2"	"AP5Z1"	chr7	+	4829462	4830222	4829462	4829560	4830089	4830222	6832	45,42	6,10	31,22	3,2	197	99	0.351950827989	1.0	0.79,0.679	0.839,0.847	-0.108
6838	"ENSG00000135473.10"	"PAN2"	chr12	-	56718834	56719238	56718834	56718928	56719118	56719238	6838	22,35	0,0	35,27	1,0	197	99	1	1.0	1.0,1.0	0.946,1.0	0.027
6839	"ENSG00000135473.10"	"PAN2"	chr12	-	56716398	56716993	56716398	56716570	56716845	56716993	6839	25,60	0,1	90,62	2,1	197	99	0.600187882364	1.0	1.0,0.968	0.958,0.969	0.02
683	"ENSG00000184154.8"	"LRTOMT"	chr11	+	71805993	71807941	71805993	71806142	71806424	71807941	683	4,0	14,8	2,2	6,5	197	99	0.321422630455	1.0	0.126,0.0	0.143,0.167	-0.092
6840	"ENSG00000135473.10"	"PAN2"	chr12	-	56716398	56716993	56716398	56716542	56716845	56716993	6840	72,40	51,34	111,75	68,46	197	99	0.31662016992	1.0	0.415,0.372	0.451,0.45	-0.057
6841	"ENSG00000135473.10"	"PAN2"	chr12	-	56716398	56716993	56716398	56716454	56716845	56716993	6841	110,37	1,0	141,107	0,0	197	99	0.296346119848	1.0	0.982,1.0	1.0,1.0	-0.009
6842	"ENSG00000135473.10"	"PAN2"	chr12	-	56712871	56713273	56712871	56712965	56713061	56713273	6842	119,85	1,1	173,113	3,1	194	99	0.842139208291	1.0	0.984,0.977	0.967,0.983	0.005
6844	"ENSG00000135473.10"	"PAN2"	chr12	-	56712871	56713271	56712871	56712965	56713091	56713271	6844	116,85	70,28	170,108	66,43	197	99	0.508203390108	1.0	0.454,0.604	0.564,0.558	-0.032
6845	"ENSG00000135473.10"	"PAN2"	chr12	-	56716398	56716993	56716398	56716542	56716789	56716993	6845	16,73	1,0	27,27	0,0	197	99	0.320396586242	1.0	0.889,1.0	1.0,1.0	-0.055
6846	"ENSG00000235106.4"	"LINC00094"	chr9	+	136890966	136893224	136890966	136891212	136891329	136893224	6846	5,5	3,3	2,2	3,2	197	99	0.556671026992	1.0	0.456,0.456	0.251,0.334	0.164
6848	"ENSG00000166169.12"	"POLL"	chr10	-	103344358	103344676	103344358	103344477	103344634	103344676	6848	80,48	1,0	69,52	1,1	197	99	0.766362067678	1.0	0.976,1.0	0.972,0.963	0.02
6849	"ENSG00000124067.12"	"SLC12A4"	chr16	-	67978989	67979456	67978989	67979123	67979271	67979456	6849	17,0	47,25	12,9	44,26	197	99	0.431192929819	1.0	0.154,0.0	0.121,0.148	-0.058
6851	"ENSG00000124067.12"	"SLC12A4"	chr16	-	67984556	67984963	67984556	67984614	67984864	67984963	6851	5,3	54,2	3,2	34,22	197	99	0.270771482938	1.0	0.044,0.43	0.042,0.044	0.194
6852	"ENSG00000124067.12"	"SLC12A4"	chr16	-	67984864	67985207	67984864	67984963	67985042	67985207	6852	6,5	44,15	9,6	38,26	177	99	0.704596883291	1.0	0.071,0.157	0.117,0.114	-0.002
6854	"ENSG00000174231.12"	"PRPF8"	chr17	-	1587765	1588131	1587765	1587876	1588088	1588131	6854	78,78	2,3	40,32	2,2	197	99	0.327188144388	1.0	0.951,0.929	0.91,0.889	0.04
6856	"ENSG00000123143.8"	"PKN1"	chr19	+	14581427	14581663	14581427	14581494	14581582	14581663	6856	4,8	149,87	3,4	135,126	186	99	0.219906227962	1.0	0.014,0.047	0.012,0.017	0.016
6857	"ENSG00000123143.8"	"PKN1"	chr19	+	14578376	14578605	14578376	14578453	14578529	14578605	6857	8,8	209,163	7,4	204,140	174	99	0.528612395835	1.0	0.021,0.027	0.019,0.016	0.006
6858	"ENSG00000143322.15"	"ABL2"	chr1	-	179076852	179078576	179076852	179078033	179078342	179078576	6858	13,54	4,2	25,18	4,3	197	99	0.62334322217	1.0	0.62,0.931	0.759,0.751	0.021
685	"ENSG00000125246.11"	"CLYBL"	chr13	+	100543571	100544824	100543571	100543691	100544676	100544824	685	0,0	2,0	1,0	0,0	197	99	1	1.0	0.0,NA	1.0,NA	-1.0
6861	"ENSG00000204628.7"	"GNB2L1"	chr5	-	180665205	180666177	180665205	180665230	180666066	180666177	6861	486,1867	1,1	893,954	0,0	197	99	1	1.0	0.996,0.999	1.0,1.0	-0.002
6862	"ENSG00000204628.7"	"GNB2L1"	chr5	-	180663928	180664719	180663928	180664042	180664608	180664719	6862	59,62	2423,2491	65,40	2060,1498	197	99	0.306125228196	1.0	0.012,0.012	0.016,0.013	-0.002
6864	"ENSG00000204628.7"	"GNB2L1"	chr5	-	180668491	180669345	180668491	180668563	180669173	180669345	6864	3789,3985	4,2	3104,2233	3,1	197	99	1	1.0	0.998,0.999	0.998,0.999	0.0
6868	"ENSG00000204628.7"	"GNB2L1"	chr5	-	180668491	180669345	180668491	180668639	180669285	180669345	6868	3271,4139	38,40	3047,2289	38,27	197	99	0.466419781953	1.0	0.977,0.981	0.976,0.977	0.003
6869	"ENSG00000204628.7"	"GNB2L1"	chr5	-	180668491	180669345	180668491	180668563	180669169	180669345	6869	3761,3942	1,0	2993,2221	1,1	197	99	1	1.0	0.999,1.0	0.999,0.999	0.001
686	"ENSG00000147894.10"	"C9orf72"	chr9	-	27558488	27560297	27558488	27558605	27560224	27560297	686	2,4	8,3	3,2	5,2	197	99	0.791368756392	1.0	0.112,0.401	0.232,0.334	-0.027
6870	"ENSG00000204628.7"	"GNB2L1"	chr5	-	180668491	180669345	180668491	180668563	180669259	180669345	6870	5261,4653	1,0	2511,2771	0,0	197	99	1	1.0	1.0,1.0	1.0,1.0	0.0
6876	"ENSG00000130811.6"	"EIF3G"	chr19	-	10229696	10229799	10229696	10229742	10229763	10229799	6876	1,3	0,3	1,1	1,1	119	99	0.771855288559	1.0	1.0,0.454	0.454,0.454	0.273
6877	"ENSG00000130811.6"	"EIF3G"	chr19	-	10229543	10229847	10229543	10229632	10229763	10229847	6877	9,7	1028,1229	13,7	937,750	197	99	1	1.0	0.004,0.003	0.007,0.005	-0.003
6878	"ENSG00000130811.6"	"EIF3G"	chr19	-	10229543	10229847	10229543	10229632	10229742	10229847	6878	11,5	0,4	7,4	7,4	197	99	0.190438634861	1.0	1.0,0.386	0.334,0.334	0.359
6879	"ENSG00000170632.9"	"ARMC10"	chr7	+	102724128	102724509	102724128	102724277	102724476	102724509	6879	3,12	2,7	7,6	3,2	197	99	0.576443196829	1.0	0.43,0.463	0.54,0.601	-0.124
6882	"ENSG00000215021.4"	"PHB2"	chr12	-	7076838	7077184	7076838	7076969	7077054	7077184	6882	70,45	2,0	31,32	0,0	183	99	1	1.0	0.95,1.0	1.0,1.0	-0.025
6883	"ENSG00000215021.4"	"PHB2"	chr12	-	7079358	7079808	7079358	7079443	7079579	7079808	6883	3,6	280,312	2,2	280,267	197	99	1	1.0	0.005,0.01	0.004,0.004	0.003
6884	"ENSG00000179218.9"	"CALR"	chr19	+	13050866	13051184	13050866	13050961	13051099	13051184	6884	1178,2162	0,3	1198,1007	1,0	197	99	1	1.0	1.0,0.997	0.998,1.0	-0.001
6889	"ENSG00000166452.7"	"AKIP1"	chr11	+	8932738	8933218	8932738	8932761	8932990	8933218	6889	50,32	4,0	20,17	1,0	197	99	0.636670132447	1.0	0.863,1.0	0.91,1.0	-0.024
6890	"ENSG00000166452.7"	"AKIP1"	chr11	+	8932738	8933218	8932738	8932799	8932990	8933218	6890	7,1	2,0	2,2	0,0	197	99	1	1.0	0.638,1.0	1.0,1.0	-0.181
6892	"ENSG00000183963.14"	"SMTN"	chr22	+	31495047	31495882	31495047	31495165	31495730	31495882	6892	8,8	28,19	8,4	20,11	197	99	0.7383887272	1.0	0.126,0.175	0.167,0.155	-0.011
6893	"ENSG00000183963.14"	"SMTN"	chr22	+	31492983	31493324	31492983	31493046	31493254	31493324	6893	27,20	23,13	27,15	13,10	197	99	0.370329339976	1.0	0.371,0.436	0.511,0.43	-0.067
6895	"ENSG00000100949.10"	"RABGGTA"	chr14	-	24737315	24737626	24737315	24737404	24737574	24737626	6895	6,6	7,5	6,4	12,8	197	99	0.238880530643	1.0	0.301,0.376	0.201,0.201	0.138
6897	"ENSG00000100949.10"	"RABGGTA"	chr14	-	24740042	24740375	24740042	24740153	24740318	24740375	6897	0,1	8,9	4,2	25,15	197	99	0.48812463115	1.0	0.0,0.053	0.074,0.063	-0.042
6899	"ENSG00000100949.10"	"RABGGTA"	chr14	-	24737719	24738032	24737719	24737825	24737930	24738032	6899	1,3	39,16	3,2	41,26	197	99	0.949225274977	1.0	0.013,0.086	0.035,0.037	0.013
68	"ENSG00000110321.11"	"EIF4G2"	chr11	-	10821098	10821895	10821098	10821156	10821636	10821895	68	451,1314	0,0	807,672	1,0	197	99	1	1.0	1.0,1.0	0.998,1.0	0.001
6900	"ENSG00000100906.6"	"NFKBIA"	chr14	-	35871599	35872065	35871599	35871740	35871976	35872065	6900	55,52	3,0	49,30	2,1	197	99	0.654511221187	1.0	0.902,1.0	0.925,0.938	0.02
6902	"ENSG00000036549.8"	"ZZZ3"	chr1	-	78045211	78046754	78045211	78045313	78046682	78046754	6902	1,1	82,71	2,1	93,63	197	99	0.727702181256	1.0	0.006,0.007	0.011,0.008	-0.003
6903	"ENSG00000126581.8"	"BECN1"	chr17	-	40970804	40971627	40970804	40970895	40971565	40971627	6903	26,35	82,78	22,16	73,53	197	99	0.401870423839	1.0	0.137,0.184	0.132,0.132	0.028
6904	"ENSG00000126581.8"	"BECN1"	chr17	-	40970804	40971627	40970804	40970895	40971528	40971627	6904	1,13	1,0	5,4	0,0	197	99	1	1.0	0.334,1.0	1.0,1.0	-0.333
6905	"ENSG00000012822.11"	"CALCOCO1"	chr12	-	54115250	54115967	54115250	54115399	54115808	54115967	6905	7,6	35,13	4,2	30,19	197	99	0.196560822059	1.0	0.091,0.188	0.063,0.05	0.083
6906	"ENSG00000012822.11"	"CALCOCO1"	chr12	-	54107484	54108025	54107484	54107684	54107916	54108025	6906	33,15	11,1	21,16	8,5	197	99	0.452662677834	1.0	0.601,0.883	0.569,0.617	0.149
6907	"ENSG00000087460.19"	"GNAS"	chr20	+	57485062	57485456	57485062	57485192	57485388	57485456	6907	0,2	1,0	1,0	0,0	197	99	1	1.0	0.0,1.0	1.0,NA	-0.5
6908	"ENSG00000087460.19"	"GNAS"	chr20	+	57484404	57484634	57484404	57484478	57484575	57484634	6908	0,6	908,855	13,8	945,689	195	99	1	1.0	0.0,0.004	0.007,0.006	-0.005
6909	"ENSG00000114867.15"	"EIF4G1"	chr3	+	184049053	184049394	184049053	184049152	184049259	184049394	6909	29,5	539,442	15,10	299,255	197	99	0.29824466326	1.0	0.026,0.006	0.025,0.019	-0.006
690	"ENSG00000170791.13"	"CHCHD7"	chr8	+	57124347	57127226	57124347	57124396	57127156	57127226	690	4,2	91,47	2,2	86,66	197	99	0.502630497455	1.0	0.022,0.021	0.012,0.015	0.008
6912	"ENSG00000165905.12"	"GYLTL1B"	chr11	+	45949299	45949620	45949299	45949360	45949470	45949620	6912	3,7	2,0	6,7	0,0	197	99	1	1.0	0.43,1.0	1.0,1.0	-0.285
6913	"ENSG00000165905.12"	"GYLTL1B"	chr11	+	45947589	45947898	45947589	45947702	45947772	45947898	6913	1,3	11,8	4,3	11,8	168	99	0.503171229632	1.0	0.051,0.181	0.176,0.181	-0.063
6914	"ENSG00000143862.3"	"ARL8A"	chr1	-	202104586	202104928	202104586	202104654	202104834	202104928	6914	2,4	46,59	6,3	53,34	197	99	0.311970773639	1.0	0.021,0.033	0.054,0.042	-0.021
6919	"ENSG00000198105.7"	"ZNF248"	chr10	-	38146112	38146538	38146112	38146176	38146509	38146538	6919	11,5	0,2	5,4	0,0	197	99	1	1.0	1.0,0.557	1.0,1.0	-0.222
691	"ENSG00000170791.13"	"CHCHD7"	chr8	+	57124347	57127226	57124347	57124396	57127163	57127226	691	80,73	0,1	8,6	0,0	197	99	1	1.0	1.0,0.973	1.0,1.0	-0.014
6922	"ENSG00000166347.14"	"CYB5A"	chr18	-	71922975	71928179	71922975	71923010	71928149	71928179	6922	0,2	15,2	1,1	11,7	197	99	0.501693600259	1.0	0.0,0.334	0.044,0.067	0.112
6923	"ENSG00000078596.6"	"ITM2A"	chrX	-	78622709	78622856	78622709	78622770	78622852	78622856	6923	68,55	1,0	9,6	0,0	180	99	1	1.0	0.974,1.0	1.0,1.0	-0.013
6924	"ENSG00000167747.9"	"C19orf48"	chr19	-	51302150	51302614	51302150	51302204	51302550	51302614	6924	65,296	0,1	102,114	0,0	197	99	1	1.0	1.0,0.993	1.0,1.0	-0.004
6925	"ENSG00000148362.6"	"C9orf142"	chr9	+	139887091	139887695	139887091	139887426	139887544	139887695	6925	85,67	1,4	60,48	1,1	197	99	0.861784821716	1.0	0.977,0.894	0.968,0.96	-0.028
6926	"ENSG00000148362.6"	"C9orf142"	chr9	+	139887091	139887695	139887091	139887426	139887504	139887695	6926	59,50	14,16	44,34	14,8	176	99	1	1.0	0.703,0.637	0.639,0.705	-0.002
6927	"ENSG00000148362.6"	"C9orf142"	chr9	+	139886942	139887156	139886942	139887014	139887091	139887156	6927	11,4	0,47	3,4	10,15	175	99	0.459620212107	1.0	1.0,0.046	0.145,0.131	0.385
6928	"ENSG00000148362.6"	"C9orf142"	chr9	+	139887091	139887695	139887091	139887156	139887504	139887695	6928	17,55	0,0	37,29	1,1	197	99	0.655081362198	1.0	1.0,1.0	0.949,0.936	0.057
6929	"ENSG00000148362.6"	"C9orf142"	chr9	+	139887091	139887695	139887091	139887152	139887376	139887695	6929	64,53	14,9	57,42	10,7	197	99	0.74280474071	1.0	0.697,0.747	0.741,0.751	-0.024
692	"ENSG00000077458.8"	"FAM76B"	chr11	-	95511985	95512368	95511985	95512121	95512272	95512368	692	36,34	3,2	18,21	0,0	197	99	1	1.0	0.858,0.895	1.0,1.0	-0.123
6930	"ENSG00000160298.13"	"C21orf58"	chr21	-	47721043	47722068	47721043	47721627	47721910	47722068	6930	88,94	3,1	55,32	2,1	197	99	0.412041795139	1.0	0.936,0.979	0.933,0.941	0.02
6931	"ENSG00000160298.13"	"C21orf58"	chr21	-	47734784	47735461	47734784	47734963	47735387	47735461	6931	28,21	6,4	17,13	6,4	197	99	0.365233973296	1.0	0.701,0.725	0.587,0.62	0.11
6932	"ENSG00000158863.17"	"FAM160B2"	chr8	+	21959218	21959826	21959218	21959362	21959685	21959826	6932	26,18	124,73	28,18	132,85	197	99	0.826691073778	1.0	0.095,0.11	0.096,0.096	0.007
6934	"ENSG00000126934.9"	"MAP2K2"	chr19	-	4094450	4095447	4094450	4094555	4095385	4095447	6934	1,10	1,0	3,4	0,0	197	99	1	1.0	0.334,1.0	1.0,1.0	-0.333
6937	"ENSG00000126934.9"	"MAP2K2"	chr19	-	4094450	4095447	4094450	4094496	4095385	4095447	6937	4,2	162,118	6,4	155,109	197	99	0.334723799998	1.0	0.012,0.008	0.019,0.018	-0.008
6938	"ENSG00000177380.9"	"PPFIA3"	chr19	+	49653336	49654278	49653336	49653408	49653492	49654278	6938	6,15	22,8	6,5	10,8	182	99	0.79536211326	1.0	0.129,0.505	0.246,0.254	0.067
6939	"ENSG00000125755.14"	"SYMPK"	chr19	-	46331094	46332463	46331094	46331176	46332227	46332463	6939	9,18	86,47	14,11	48,36	197	99	0.285740699774	1.0	0.05,0.161	0.128,0.133	-0.025
693	"ENSG00000111196.5"	"MAGOHB"	chr12	-	10760452	10762540	10760452	10760535	10762429	10762540	693	1,5	74,128	2,2	56,53	197	99	0.572380861585	1.0	0.007,0.019	0.018,0.019	-0.005
6940	"ENSG00000125755.14"	"SYMPK"	chr19	-	46331094	46332463	46331094	46331203	46332227	46332463	6940	9,19	1,0	9,7	0,0	197	99	1	1.0	0.819,1.0	1.0,1.0	-0.091
6941	"ENSG00000125755.14"	"SYMPK"	chr19	-	46331094	46332463	46331094	46331176	46332312	46332463	6941	70,57	1,1	44,32	1,0	197	99	0.786063020808	1.0	0.972,0.966	0.957,1.0	-0.009
6947	"ENSG00000120885.15"	"CLU"	chr8	-	27462440	27462852	27462440	27462586	27462688	27462852	6947	3,3	0,1	4,2	0,0	197	99	1	1.0	1.0,0.601	1.0,1.0	-0.2
6948	"ENSG00000120885.15"	"CLU"	chr8	-	27455976	27457526	27455976	27456152	27457296	27457526	6948	1,0	3,3	2,1	1,1	197	99	0.190914241283	1.0	0.143,0.0	0.501,0.334	-0.346
6949	"ENSG00000074370.13"	"ATP2A3"	chr17	-	3827168	3828735	3827168	3828095	3828689	3828735	6949	278,45	1,1	218,170	2,1	197	99	0.857048552203	1.0	0.993,0.958	0.982,0.988	-0.009
6951	"ENSG00000101596.10"	"SMCHD1"	chr18	+	2726449	2727161	2726449	2726522	2727096	2727161	6951	21,14	1,0	1,2	0,0	197	99	1	1.0	0.913,1.0	1.0,1.0	-0.043
6953	"ENSG00000053501.8"	"USE1"	chr19	+	17326610	17326879	17326610	17326660	17326800	17326879	6953	1,3	53,43	2,1	36,28	197	99	0.744652756623	1.0	0.009,0.034	0.027,0.018	-0.001
6956	"ENSG00000108262.11"	"GIT1"	chr17	-	27902305	27902721	27902305	27902488	27902647	27902721	6956	0,4	42,26	3,2	26,16	197	99	0.295536440495	1.0	0.0,0.072	0.055,0.059	-0.021
6957	"ENSG00000179115.6"	"FARSA"	chr19	-	13035452	13035817	13035452	13035621	13035717	13035817	6957	2,2	529,460	7,6	388,292	194	99	0.841819962036	1.0	0.002,0.002	0.009,0.01	-0.007
6958	"ENSG00000179115.6"	"FARSA"	chr19	-	13041242	13041563	13041242	13041341	13041425	13041563	6958	2,1	328,303	1,0	204,159	182	99	1	1.0	0.003,0.002	0.003,0.0	0.001
695	"ENSG00000107290.9"	"SETX"	chr9	-	135158156	135158800	135158156	135158244	135158650	135158800	695	19,2	0,0	7,6	1,1	197	99	1	1.0	1.0,1.0	0.779,0.751	0.235
6960	"ENSG00000076984.13"	"MAP2K7"	chr19	+	7974947	7975258	7974947	7975014	7975144	7975258	6960	3,0	23,43	2,1	29,22	197	99	0.704465202213	1.0	0.062,0.0	0.033,0.022	0.003
6965	"ENSG00000065328.12"	"MCM10"	chr10	+	13251090	13253104	13251090	13251133	13251226	13253104	6965	6,6	97,97	6,5	77,73	191	99	0.659915397594	1.0	0.031,0.031	0.039,0.034	-0.006
6968	"ENSG00000160813.2"	"PPP1R35"	chr7	-	100033253	100033687	100033253	100033390	100033470	100033687	6968	21,20	55,33	19,12	40,25	178	99	0.981984454926	1.0	0.175,0.252	0.209,0.211	0.004
696	"ENSG00000089351.10"	"GRAMD1A"	chr19	+	35514330	35514734	35514330	35514451	35514600	35514734	696	0,10	0,0	8,6	2,1	197	99	1	1.0	NA,1.0	0.668,0.751	0.29
6971	"ENSG00000105771.9"	"SMG9"	chr19	-	44251948	44252204	44251948	44252040	44252129	44252204	6971	52,124	0,0	100,80	1,0	187	99	0.653549175841	1.0	1.0,1.0	0.981,1.0	0.01
6974	"ENSG00000196704.7"	"AMZ2"	chr17	+	66246328	66247108	66246328	66246611	66246934	66247108	6974	5,4	111,54	3,2	58,46	197	99	0.819289047695	1.0	0.022,0.036	0.025,0.021	0.006
697	"ENSG00000166260.6"	"COX11"	chr17	-	53045641	53046146	53045641	53045755	53045978	53046146	697	51,46	1,0	1,1	0,0	197	99	1	1.0	0.962,1.0	1.0,1.0	-0.019
6982	"ENSG00000137713.11"	"PPP2R1B"	chr11	-	111612776	111613389	111612776	111612868	111613246	111613389	6982	4,4	94,83	4,3	81,65	197	99	0.842360762866	1.0	0.021,0.024	0.024,0.023	-0.001
6985	"ENSG00000114021.7"	"NIT2"	chr3	+	100064428	100065099	100064428	100064574	100065024	100065099	6985	40,16	1,0	13,12	0,0	197	99	1	1.0	0.953,1.0	1.0,1.0	-0.024
6986	"ENSG00000114021.7"	"NIT2"	chr3	+	100064428	100065099	100064428	100064522	100065024	100065099	6986	29,15	41,21	17,12	33,23	197	99	0.351262250915	1.0	0.262,0.264	0.206,0.208	0.056
6988	"ENSG00000070814.13"	"TCOF1"	chr5	+	149755283	149755893	149755283	149755472	149755644	149755893	6988	5,4	91,160	4,4	120,98	197	99	0.945261717578	1.0	0.027,0.012	0.016,0.02	0.001
6990	"ENSG00000006042.7"	"TMEM98"	chr17	+	31258344	31258677	31258344	31258420	31258492	31258677	6990	16,9	172,81	9,6	78,61	170	99	0.741721585527	1.0	0.051,0.061	0.063,0.054	-0.003
6991	"ENSG00000006042.7"	"TMEM98"	chr17	+	31258344	31258677	31258344	31258420	31258498	31258677	6991	178,100	4,1	70,64	1,0	176	99	0.630136869254	1.0	0.962,0.983	0.975,1.0	-0.015
6993	"ENSG00000196642.11"	"RABL6"	chr9	+	139726172	139726822	139726172	139726313	139726716	139726822	6993	31,30	156,185	33,24	206,149	197	99	0.63208435288	1.0	0.091,0.075	0.075,0.075	0.008
6994	"ENSG00000196642.11"	"RABL6"	chr9	+	139734491	139734665	139734491	139734522	139734605	139734665	6994	10,1	2,0	3,4	0,0	181	99	1	1.0	0.732,1.0	1.0,1.0	-0.134
6997	"ENSG00000196961.8"	"AP2A1"	chr19	+	50303224	50303407	50303224	50303274	50303353	50303407	6997	174,167	0,2	120,105	0,0	177	99	0.628928060001	1.0	1.0,0.979	1.0,1.0	-0.01
69	"ENSG00000110321.11"	"EIF4G2"	chr11	-	10821098	10821895	10821098	10821321	10821636	10821895	69	64,120	1,1	72,60	1,1	197	99	0.667454929439	1.0	0.97,0.984	0.973,0.968	0.007
6	"ENSG00000100325.10"	"ASCC2"	chr22	-	30189348	30189665	30189348	30189467	30189565	30189665	6	6,37	1,0	22,21	0,0	196	99	1	1.0	0.752,1.0	1.0,1.0	-0.124
7000	"ENSG00000167716.14"	"WDR81"	chr17	+	1638865	1639512	1638865	1639011	1639332	1639512	7000	4,6	1,2	2,2	2,2	197	99	0.344237822658	1.0	0.668,0.601	0.334,0.334	0.301
7002	"ENSG00000176058.7"	"TPRN"	chr9	-	140086068	140086817	140086068	140086626	140086710	140086817	7002	3,3	35,39	3,2	30,17	182	99	0.568116131081	1.0	0.045,0.04	0.052,0.06	-0.013
7005	"ENSG00000159314.7"	"ARHGAP27"	chr17	-	43481966	43482472	43481966	43482047	43482289	43482472	7005	2,2	3,5	1,0	3,2	197	99	0.721536966838	1.0	0.251,0.167	0.143,0.0	0.138
7011	"ENSG00000175467.10"	"SART1"	chr11	+	65733546	65734027	65733546	65733689	65733820	65734027	7011	1,0	103,94	2,2	115,85	197	99	0.555521286107	1.0	0.005,0.0	0.009,0.012	-0.008
7012	"ENSG00000111602.7"	"TIMELESS"	chr12	-	56814352	56814665	56814352	56814471	56814584	56814665	7012	1,0	2,0	1,1	2,2	197	99	1	1.0	0.201,NA	0.201,0.201	0.0
7013	"ENSG00000111602.7"	"TIMELESS"	chr12	-	56814352	56814665	56814352	56814471	56814596	56814665	7013	4,1	122,124	4,3	140,105	197	99	0.620612831626	1.0	0.016,0.004	0.014,0.014	-0.004
7014	"ENSG00000111602.7"	"TIMELESS"	chr12	-	56814746	56815593	56814746	56814918	56815510	56815593	7014	8,73	0,1	19,29	0,0	197	99	1	1.0	1.0,0.973	1.0,1.0	-0.014
7015	"ENSG00000011600.7"	"TYROBP"	chr19	-	36398347	36398664	36398347	36398482	36398631	36398664	7015	2,0	0,0	0,0	1,0	197	99	1	1.0	1.0,NA	0.0,NA	1.0
7019	"ENSG00000030582.12"	"GRN"	chr17	+	42426525	42426919	42426525	42426670	42426793	42426919	7019	0,3	110,130	0,0	56,61	197	99	0.923270216329	1.0	0.0,0.011	0.0,0.0	0.005
701	"ENSG00000184922.9"	"FMNL1"	chr17	+	43321157	43321611	43321157	43321392	43321542	43321611	701	3,2	19,15	2,1	14,9	197	99	0.856797679273	1.0	0.074,0.063	0.067,0.053	0.009
7020	"ENSG00000085978.17"	"ATG16L1"	chr2	+	234198499	234198999	234198499	234198620	234198893	234198999	7020	20,9	23,13	14,11	11,8	197	99	0.236210913771	1.0	0.304,0.258	0.39,0.409	-0.118
7021	"ENSG00000085978.17"	"ATG16L1"	chr2	+	234181611	234182423	234181611	234181698	234182366	234182423	7021	0,4	6,2	2,1	2,2	197	99	0.748387471902	1.0	0.0,0.501	0.334,0.201	-0.017
7022	"ENSG00000211451.7"	"GNRHR2"	chr1	-	145515188	145515745	145515188	145515409	145515669	145515745	7022	9,3	0,0	8,6	4,3	197	99	1	1.0	1.0,1.0	0.501,0.501	0.499
7024	"ENSG00000211451.7"	"GNRHR2"	chr1	-	145515188	145515745	145515188	145515409	145515687	145515745	7024	5,1	3,0	8,6	0,0	197	99	1	1.0	0.456,1.0	1.0,1.0	-0.272
7027	"ENSG00000148303.12"	"RPL7A"	chr9	+	136217094	136217582	136217094	136217174	136217427	136217582	7027	164,261	4,5	171,132	4,3	197	99	0.790679721657	1.0	0.954,0.963	0.956,0.957	0.002
7028	"ENSG00000148303.12"	"RPL7A"	chr9	+	136217094	136217582	136217094	136217174	136217451	136217582	7028	144,288	6446,6580	187,130	6531,4841	197	99	0.260614482968	1.0	0.011,0.022	0.014,0.013	0.003
7029	"ENSG00000148303.12"	"RPL7A"	chr9	+	136217094	136217582	136217094	136217174	136217511	136217582	7029	8989,9309	1,1	7447,5841	5,2	197	99	1	1.0	1.0,1.0	0.999,0.999	0.001
702	"ENSG00000184922.9"	"FMNL1"	chr17	+	43323576	43323971	43323576	43323697	43323871	43323971	702	46,10	4,1	21,10	1,1	197	99	0.853484795265	1.0	0.852,0.834	0.913,0.834	-0.03
7030	"ENSG00000148303.12"	"RPL7A"	chr9	+	136217094	136217582	136217094	136217269	136217451	136217582	7030	80,190	2,0	115,107	0,0	197	99	0.505626673293	1.0	0.953,1.0	1.0,1.0	-0.024
7032	"ENSG00000148303.12"	"RPL7A"	chr9	+	136217094	136217582	136217094	136217247	136217451	136217582	7032	142,248	1,3	170,139	1,1	197	99	0.958133827189	1.0	0.986,0.976	0.988,0.986	-0.006
7037	"ENSG00000269858.1"	"EGLN2"	chr19	+	41313042	41313456	41313042	41313179	41313388	41313456	7037	9,3	140,112	10,5	133,105	197	99	0.515233165074	1.0	0.031,0.013	0.036,0.023	-0.007
7038	"ENSG00000198677.6"	"TTC37"	chr5	-	94852228	94852764	94852228	94852290	94852619	94852764	7038	10,24	0,0	12,11	1,0	197	99	1	1.0	1.0,1.0	0.858,1.0	0.071
7042	"ENSG00000072274.8"	"TFRC"	chr3	-	195789724	195790063	195789724	195789810	195790033	195790063	7042	14,11	0,2	21,17	1,0	197	99	0.562324371462	1.0	1.0,0.734	0.913,1.0	-0.09
7043	"ENSG00000160613.8"	"PCSK7"	chr11	-	117093923	117094932	117093923	117094024	117094793	117094932	7043	10,2	24,9	6,4	10,9	197	99	0.431240947976	1.0	0.173,0.1	0.232,0.183	-0.071
7045	"ENSG00000088038.13"	"CNOT3"	chr19	+	54657233	54657577	54657233	54657290	54657451	54657577	7045	8,6	2,0	1,1	0,0	197	99	1	1.0	0.668,1.0	1.0,1.0	-0.166
7046	"ENSG00000088038.13"	"CNOT3"	chr19	+	54647395	54647870	54647395	54647485	54647741	54647870	7046	0,1	224,307	6,3	265,193	197	99	0.701129601168	1.0	0.0,0.002	0.011,0.008	-0.009
7047	"ENSG00000197756.5"	"RPL37A"	chr2	+	217363547	217364121	217363547	217363600	217363992	217364121	7047	29,28	9590,8379	38,27	9484,7908	197	99	1	1.0	0.002,0.002	0.002,0.002	0.0
7048	"ENSG00000197756.5"	"RPL37A"	chr2	+	217364671	217366190	217364671	217364754	217366063	217366190	7048	43,22	4807,3680	44,26	4176,3023	197	99	1	1.0	0.004,0.003	0.005,0.004	-0.001
7049	"ENSG00000197756.5"	"RPL37A"	chr2	+	217385436	217385674	217385436	217385497	217385623	217385674	7049	1,9	0,0	3,2	0,1	197	99	1	1.0	1.0,1.0	1.0,0.501	0.25
704	"ENSG00000112146.12"	"FBXO9"	chr6	+	52957531	52958359	52957531	52957622	52958263	52958359	704	83,120	89,88	76,56	57,44	197	99	0.499572347592	1.0	0.319,0.407	0.401,0.39	-0.033
7050	"ENSG00000197756.5"	"RPL37A"	chr2	+	217363808	217364121	217363808	217363874	217363992	217364121	7050	14,54	0,3	27,21	1,0	197	99	0.583646314589	1.0	1.0,0.9	0.931,1.0	-0.016
7051	"ENSG00000189077.6"	"TMEM120A"	chr7	-	75617400	75617659	75617400	75617466	75617569	75617659	7051	17,17	41,53	23,16	51,30	197	99	0.341134469079	1.0	0.172,0.139	0.185,0.211	-0.043
7052	"ENSG00000111364.11"	"DDX55"	chr12	+	124091978	124092209	124091978	124092070	124092146	124092209	7052	45,28	51,63	34,25	41,34	174	99	0.448800671642	1.0	0.334,0.202	0.321,0.295	-0.04
7053	"ENSG00000111364.11"	"DDX55"	chr12	+	124091978	124092209	124091978	124092070	124092128	124092209	7053	7,35	0,3	13,16	0,0	156	99	1	1.0	1.0,0.881	1.0,1.0	-0.059
7056	"ENSG00000111364.11"	"DDX55"	chr12	+	124090477	124090706	124090477	124090528	124090626	124090706	7056	50,61	1,1	52,42	2,1	196	99	0.585692091399	1.0	0.962,0.969	0.929,0.955	0.024
7057	"ENSG00000111364.11"	"DDX55"	chr12	+	124091978	124093376	124091978	124092209	124093226	124093376	7057	26,53	116,104	29,21	80,62	197	99	0.963225563492	1.0	0.101,0.204	0.154,0.145	0.003
7058	"ENSG00000111364.11"	"DDX55"	chr12	+	124091978	124092209	124091978	124092070	124092150	124092209	7058	101,94	7,10	80,64	7,4	178	99	0.85273622503	1.0	0.889,0.839	0.864,0.899	-0.017
705	"ENSG00000112146.12"	"FBXO9"	chr6	+	52957531	52958359	52957531	52957642	52958263	52958359	705	92,163	0,1	78,61	0,0	197	99	0.787808708086	1.0	1.0,0.988	1.0,1.0	-0.006
7060	"ENSG00000122966.9"	"CIT"	chr12	-	120150823	120151099	120150823	120150829	120151007	120151099	7060	0,2	1,5	2,1	2,1	197	99	0.413202241045	1.0	0.0,0.167	0.334,0.334	-0.251
7063	"ENSG00000124357.8"	"NAGK"	chr2	+	71302684	71303831	71302684	71302772	71303733	71303831	7063	10,2	3,5	4,2	4,3	197	99	0.747891128376	1.0	0.626,0.167	0.334,0.251	0.104
7065	"ENSG00000124357.8"	"NAGK"	chr2	+	71299770	71300724	71299770	71299881	71300611	71300724	7065	17,4	13,21	10,8	13,9	197	99	0.527896372166	1.0	0.397,0.087	0.279,0.309	-0.052
7068	"ENSG00000101639.14"	"CEP192"	chr18	+	13057583	13059311	13057583	13057732	13059080	13059311	7068	3,26	11,33	10,7	17,11	197	99	0.871371174507	1.0	0.121,0.284	0.228,0.242	-0.033
7069	"ENSG00000131408.9"	"NR1H2"	chr19	+	50879729	50880083	50879729	50879833	50879975	50880083	7069	1,0	107,96	3,2	115,87	197	99	0.307748892008	1.0	0.005,0.0	0.013,0.011	-0.009
7070	"ENSG00000173276.9"	"ZBTB21"	chr21	-	43406939	43414217	43406939	43411998	43412601	43414217	7070	22,35	1,6	34,28	3,2	197	99	0.633418435019	1.0	0.917,0.746	0.851,0.876	-0.032
7076	"ENSG00000143416.16"	"SELENBP1"	chr1	-	151341479	151342245	151341479	151342030	151342188	151342245	7076	36,46	143,130	44,27	125,92	197	99	0.687701095239	1.0	0.112,0.151	0.15,0.129	-0.008
7078	"ENSG00000143416.16"	"SELENBP1"	chr1	-	151337664	151338160	151337664	151337757	151338038	151338160	7078	4,7	77,25	8,3	49,32	197	99	0.704598873274	1.0	0.025,0.123	0.076,0.045	0.013
7079	"ENSG00000143416.16"	"SELENBP1"	chr1	-	151341479	151342245	151341479	151341665	151342188	151342245	7079	20,33	0,2	34,23	0,0	197	99	0.572508185332	1.0	1.0,0.892	1.0,1.0	-0.054
7080	"ENSG00000143416.16"	"SELENBP1"	chr1	-	151338243	151338929	151338243	151338322	151338750	151338929	7080	10,8	55,38	12,6	53,34	197	99	0.872404302515	1.0	0.084,0.096	0.102,0.081	-0.002
7081	"ENSG00000143416.16"	"SELENBP1"	chr1	-	151341479	151342030	151341479	151341665	151341917	151342030	7081	23,18	47,45	25,17	47,36	197	99	0.659456052664	1.0	0.197,0.167	0.211,0.192	-0.02
7082	"ENSG00000143416.16"	"SELENBP1"	chr1	-	151341479	151342030	151341479	151341632	151341917	151342030	7082	41,26	1,0	49,41	1,0	197	99	1	1.0	0.954,1.0	0.961,1.0	-0.003
7087	"ENSG00000089280.14"	"FUS"	chr16	+	31196259	31199678	31196259	31196500	31199645	31199678	7087	128,259	35,49	118,87	25,18	197	99	0.86641093057	1.0	0.648,0.726	0.703,0.708	-0.018
7088	"ENSG00000223705.5"	"NSUN5P1"	chr7	+	75044869	75045469	75044869	75045056	75045258	75045469	7088	116,99	8,19	112,80	10,8	197	99	0.484772625906	1.0	0.879,0.724	0.849,0.834	-0.04
708	"ENSG00000132199.14"	"ENOSF1"	chr18	-	690548	691276	690548	690631	691203	691276	708	23,7	2,0	26,23	1,0	197	99	0.496123821589	1.0	0.852,1.0	0.929,1.0	-0.039
7090	"ENSG00000223705.5"	"NSUN5P1"	chr7	+	75044869	75045469	75044869	75045048	75045258	75045469	7090	117,111	24,16	117,87	15,10	197	99	0.241212944793	1.0	0.71,0.777	0.797,0.814	-0.062
7092	"ENSG00000223705.5"	"NSUN5P1"	chr7	+	75045181	75045469	75045181	75045258	75045380	75045469	7092	57,72	0,0	73,50	2,2	197	99	0.207472876586	1.0	1.0,1.0	0.948,0.926	0.063
7096	"ENSG00000146963.13"	"C7orf55-LUC7L2"	chr7	+	139059949	139060902	139059949	139060028	139060807	139060902	7096	80,60	0,1	4,3	0,0	197	99	1	1.0	1.0,0.968	1.0,1.0	-0.016
7097	"ENSG00000117751.13"	"PPP1R8"	chr1	+	28176603	28178187	28176603	28176925	28178050	28178187	7097	61,147	0,22	77,57	4,3	197	99	0.534693630422	1.0	1.0,0.771	0.906,0.905	-0.02
7098	"ENSG00000100897.13"	"DCAF11"	chr14	+	24584590	24584958	24584590	24584601	24584751	24584958	7098	55,91	22,0	54,52	6,5	197	99	0.925167003468	1.0	0.557,1.0	0.819,0.839	-0.05
7099	"ENSG00000100897.13"	"DCAF11"	chr14	+	24584534	24584958	24584534	24584601	24584723	24584958	7099	111,115	0,2	69,59	1,0	197	99	0.879491476837	1.0	1.0,0.967	0.972,1.0	-0.002
709	"ENSG00000166398.8"	"KIAA0355"	chr19	+	34790583	34791873	34790583	34790828	34791659	34791873	709	18,19	2,0	21,17	1,1	197	99	0.693957526446	1.0	0.819,1.0	0.913,0.895	0.005
70	"ENSG00000110321.11"	"EIF4G2"	chr11	-	10822137	10822382	10822137	10822165	10822277	10822382	70	460,364	0,4	34,60	0,0	197	99	0.750798677394	1.0	1.0,0.979	1.0,1.0	-0.01
7100	"ENSG00000105325.9"	"FZR1"	chr19	+	3526117	3526384	3526117	3526181	3526256	3526384	7100	0,1	27,18	1,0	23,16	173	99	0.85446602183	1.0	0.0,0.031	0.024,0.0	0.003
7101	"ENSG00000104814.8"	"MAP4K1"	chr19	-	39086124	39086369	39086124	39086195	39086279	39086369	7101	0,0	0,1	0,1	1,1	182	99	1	1.0	NA,0.0	0.0,0.352	-0.176
7103	"ENSG00000131143.4"	"COX4I1"	chr16	+	85838542	85839470	85838542	85838710	85839338	85839470	7103	43,60	2813,1497	51,38	2045,1740	197	99	0.815207129557	1.0	0.008,0.02	0.012,0.011	0.003
7104	"ENSG00000131143.4"	"COX4I1"	chr16	+	85838542	85839470	85838542	85838759	85839338	85839470	7104	32,48	0,3	41,32	1,1	197	99	0.872039117135	1.0	1.0,0.889	0.954,0.941	-0.003
7106	"ENSG00000142798.12"	"HSPG2"	chr1	-	22204678	22204984	22204678	22204746	22204925	22204984	7106	3,0	55,61	3,1	50,30	197	99	0.381177106538	1.0	0.027,0.0	0.029,0.016	-0.009
7107	"ENSG00000104915.10"	"STX10"	chr19	-	13254875	13255485	13254875	13255300	13255390	13255485	7107	49,32	88,85	49,28	91,63	188	99	0.755567157416	1.0	0.227,0.165	0.221,0.19	-0.01
710	"ENSG00000138709.13"	"LARP1B"	chr4	+	129028293	129030056	129028293	129028468	129029037	129030056	710	1,19	35,45	14,9	41,29	197	99	0.369708098528	1.0	0.014,0.175	0.146,0.135	-0.046
7112	"ENSG00000174744.9"	"BRMS1"	chr11	-	66108244	66108804	66108244	66108517	66108676	66108804	7112	4,4	60,77	2,1	57,40	197	99	0.635055187763	1.0	0.032,0.025	0.017,0.012	0.014
7113	"ENSG00000174744.9"	"BRMS1"	chr11	-	66105713	66106256	66105713	66105753	66106191	66106256	7113	17,5	62,87	5,2	43,34	197	99	0.5141687647	1.0	0.121,0.028	0.055,0.029	0.032
7114	"ENSG00000174744.9"	"BRMS1"	chr11	-	66108244	66108517	66108244	66108341	66108437	66108517	7114	0,4	92,123	1,1	57,52	194	99	0.902910345759	1.0	0.0,0.016	0.009,0.01	-0.001
7115	"ENSG00000163159.7"	"VPS72"	chr1	-	151157997	151158426	151157997	151158120	151158273	151158426	7115	2,0	7,0	2,2	1,1	197	99	1	1.0	0.126,NA	0.501,0.501	-0.375
7116	"ENSG00000140990.10"	"NDUFB10"	chr16	+	2011497	2011976	2011497	2011637	2011797	2011976	7116	216,284	469,212	170,118	237,180	197	99	0.64090672272	1.0	0.188,0.402	0.265,0.248	0.039
7118	"ENSG00000082068.4"	"WDR70"	chr5	+	37721216	37725152	37721216	37721317	37725035	37725152	7118	2,2	0,1	3,2	1,0	197	99	0.90117165213	1.0	1.0,0.501	0.601,1.0	-0.05
711	"ENSG00000162889.6"	"MAPKAPK2"	chr1	+	206905183	206905432	206905183	206905264	206905382	206905432	711	0,5	11,11	1,1	11,12	197	99	0.612036077471	1.0	0.0,0.186	0.044,0.04	0.051
7122	"ENSG00000198556.9"	"ZNF789"	chr7	+	99075896	99079949	99075896	99075979	99077283	99079949	7122	40,22	12,0	30,23	5,4	197	99	0.773040046971	1.0	0.626,1.0	0.751,0.743	0.066
7123	"ENSG00000135506.11"	"OS9"	chr12	+	58089744	58090156	58089744	58089821	58090057	58090156	7123	27,3	175,222	16,9	157,100	197	99	0.371870558196	1.0	0.072,0.007	0.049,0.043	-0.006
7124	"ENSG00000135506.11"	"OS9"	chr12	+	58089744	58090156	58089744	58089759	58090057	58090156	7124	210,224	5,5	151,98	2,1	197	99	0.653392671452	1.0	0.955,0.957	0.974,0.98	-0.021
7125	"ENSG00000135506.11"	"OS9"	chr12	+	58109542	58109976	58109542	58109753	58109874	58109976	7125	92,67	116,132	51,34	96,60	197	99	0.470188533903	1.0	0.285,0.203	0.211,0.222	0.027
7126	"ENSG00000135506.11"	"OS9"	chr12	+	58109542	58109976	58109542	58109753	58109871	58109976	7126	40,27	50,47	19,12	34,23	197	99	0.472685391246	1.0	0.287,0.224	0.219,0.208	0.042
7127	"ENSG00000135506.11"	"OS9"	chr12	+	58113993	58114301	58113993	58114087	58114188	58114301	7127	0,3	0,1	5,5	0,0	197	99	1	1.0	NA,0.601	1.0,1.0	-0.399
7129	"ENSG00000198467.9"	"TPM2"	chr9	-	35684484	35685136	35684484	35684547	35685060	35685136	7129	12,31	4,0	18,13	1,1	197	99	0.584701916303	1.0	0.601,1.0	0.9,0.867	-0.083
712	"ENSG00000162889.6"	"MAPKAPK2"	chr1	+	206905017	206905264	206905017	206905070	206905183	206905264	712	4,12	27,103	11,8	55,50	197	99	0.31948998662	1.0	0.069,0.055	0.091,0.074	-0.02
7131	"ENSG00000124006.10"	"OBSL1"	chr2	-	220415450	220416520	220415450	220415564	220416250	220416520	7131	5,1	0,0	2,2	3,2	197	99	1	1.0	1.0,1.0	0.251,0.334	0.708
7133	"ENSG00000102078.11"	"SLC25A14"	chrX	+	129498601	129499650	129498601	129498726	129499514	129499650	7133	18,8	25,37	7,5	15,12	197	99	0.849572873528	1.0	0.266,0.098	0.19,0.173	0.001
7135	"ENSG00000102078.11"	"SLC25A14"	chrX	+	129498601	129499650	129498601	129498818	129499514	129499650	7135	20,11	2,2	6,5	1,0	197	99	0.801334277437	1.0	0.834,0.734	0.751,1.0	-0.091
7136	"ENSG00000140398.9"	"NEIL1"	chr15	+	75646590	75646833	75646590	75646618	75646771	75646833	7136	12,2	0,0	6,4	1,0	197	99	1	1.0	1.0,1.0	0.751,1.0	0.125
7141	"ENSG00000108264.12"	"TADA2A"	chr17	+	35821923	35822225	35821923	35822016	35822181	35822225	7141	0,1	0,1	1,1	0,0	197	99	1	1.0	NA,0.334	1.0,1.0	-0.666
7143	"ENSG00000140181.10"	"HERC2P2"	chr15	-	23311161	23311537	23311161	23311188	23311306	23311537	7143	24,30	6,14	27,18	5,4	197	99	0.248262127049	1.0	0.668,0.519	0.731,0.693	-0.118
7144	"ENSG00000171953.11"	"ATPAF2"	chr17	-	17924436	17924977	17924436	17924552	17924735	17924977	7144	5,0	3,1	3,2	2,2	197	99	0.760682483276	1.0	0.456,0.0	0.43,0.334	-0.154
7145	"ENSG00000197562.5"	"RAB40C"	chr16	+	666644	667268	666644	666762	667207	667268	7145	1,0	0,0	2,2	0,1	197	99	1	1.0	1.0,NA	1.0,0.501	0.25
7146	"ENSG00000159079.14"	"C21orf59"	chr21	-	33973976	33975602	33973976	33974283	33975470	33975602	7146	32,70	8,35	36,24	14,8	197	99	0.814820474809	1.0	0.668,0.501	0.564,0.601	0.002
7152	"ENSG00000168894.5"	"RNF181"	chr2	+	85824226	85824704	85824226	85824301	85824567	85824704	7152	0,0	285,141	7,3	285,226	197	99	0.666666497688	1.0	0.0,0.0	0.012,0.007	-0.009
7153	"ENSG00000057608.12"	"GDI2"	chr10	-	5808203	5808601	5808203	5808258	5808456	5808601	7153	3,2	1023,1051	6,4	941,751	197	99	1	1.0	0.001,0.001	0.003,0.003	-0.002
7155	"ENSG00000135297.11"	"MTO1"	chr6	+	74189454	74189849	74189454	74189567	74189761	74189849	7155	70,21	0,0	39,32	1,0	197	99	1	1.0	1.0,1.0	0.951,1.0	0.024
7156	"ENSG00000135297.11"	"MTO1"	chr6	+	74189658	74190090	74189658	74189849	74190015	74190090	7156	10,10	5,0	15,14	2,2	197	99	0.68153156422	1.0	0.501,1.0	0.79,0.779	-0.034
7159	"ENSG00000165233.13"	"C9orf89"	chr9	+	95872849	95874571	95872849	95873003	95874499	95874571	7159	1,1	2,0	4,3	2,1	197	99	0.745283579932	1.0	0.201,1.0	0.501,0.601	0.05
715	"ENSG00000100124.8"	"ANKRD54"	chr22	-	38228964	38229213	38228964	38229089	38229165	38229213	715	3,12	31,30	10,5	23,14	174	99	0.256437314185	1.0	0.052,0.185	0.198,0.169	-0.065
7164	"ENSG00000087266.11"	"SH3BP2"	chr4	+	2833649	2834139	2833649	2833705	2834057	2834139	7164	3,0	9,12	2,1	8,6	197	99	0.673157552215	1.0	0.143,0.0	0.112,0.077	-0.023
7165	"ENSG00000087266.11"	"SH3BP2"	chr4	+	2826339	2826923	2826339	2826457	2826852	2826923	7165	3,0	1,1	9,6	4,3	197	99	0.817516538984	1.0	0.601,0.0	0.531,0.501	-0.216
7167	"ENSG00000060688.8"	"SNRNP40"	chr1	-	31754220	31755330	31754220	31754343	31755084	31755330	7167	0,16	0,2	12,8	0,0	197	99	1	1.0	NA,0.801	1.0,1.0	-0.199
7168	"ENSG00000132475.4"	"H3F3B"	chr17	-	73774890	73775265	73774890	73775044	73775127	73775265	7168	2,6	667,946	13,9	592,421	181	99	0.323005982869	1.0	0.002,0.003	0.012,0.012	-0.009
7169	"ENSG00000005059.11"	"CCDC109B"	chr4	+	110605595	110606523	110605595	110605705	110606406	110606523	7169	1,12	1,0	6,6	0,0	197	99	1	1.0	0.334,1.0	1.0,1.0	-0.333
7170	"ENSG00000240280.2"	"TCAM1P"	chr17	+	61934615	61934783	61934615	61934659	61934744	61934783	7170	19,6	0,0	6,7	0,1	183	99	1	1.0	1.0,1.0	1.0,0.791	0.105
7172	"ENSG00000115464.10"	"USP34"	chr2	-	61433894	61436112	61433894	61434021	61436033	61436112	7172	1,2	45,29	1,1	36,28	197	99	0.953275790814	1.0	0.011,0.033	0.014,0.018	0.006
7173	"ENSG00000115464.10"	"USP34"	chr2	-	61450382	61450796	61450382	61450431	61450708	61450796	7173	13,6	1,0	2,2	0,0	197	99	1	1.0	0.867,1.0	1.0,1.0	-0.067
7174	"ENSG00000115464.10"	"USP34"	chr2	-	61463160	61463524	61463160	61463208	61463459	61463524	7174	2,6	0,4	4,2	2,1	197	99	0.981093289359	1.0	1.0,0.43	0.501,0.501	0.214
7175	"ENSG00000198720.8"	"ANKRD13B"	chr17	+	27936103	27936439	27936103	27936293	27936372	27936439	7175	1,0	29,43	1,0	23,16	177	99	0.501667145881	1.0	0.019,0.0	0.024,0.0	-0.003
7176	"ENSG00000198720.8"	"ANKRD13B"	chr17	+	27934759	27935128	27934759	27934895	27935003	27935128	7176	3,3	4,8	3,3	6,4	197	99	0.785431387377	1.0	0.274,0.159	0.201,0.274	-0.021
7177	"ENSG00000198720.8"	"ANKRD13B"	chr17	+	27940371	27941779	27940371	27940737	27941280	27941779	7177	2,4	4,5	4,3	5,3	197	99	0.781861471167	1.0	0.201,0.287	0.287,0.334	-0.067
7179	"ENSG00000123416.11"	"TUBA1B"	chr12	-	49523282	49525178	49523282	49523505	49525080	49525178	7179	5,10	3431,5020	8,6	3790,3025	197	99	1	1.0	0.001,0.001	0.001,0.001	0.0
7180	"ENSG00000114391.8"	"RPL24"	chr3	-	101405350	101405539	101405350	101405401	101405515	101405539	7180	27,36	824,867	1,1	23,26	197	99	0.326197754274	1.0	0.016,0.02	0.021,0.019	-0.002
7181	"ENSG00000146416.12"	"AIG1"	chr6	+	143486080	143486320	143486080	143486091	143486218	143486320	7181	182,43	0,0	155,122	1,1	197	99	0.525660866178	1.0	1.0,1.0	0.987,0.984	0.014
7182	"ENSG00000146416.12"	"AIG1"	chr6	+	143486080	143486320	143486080	143486129	143486218	143486320	7182	183,36	1,0	154,140	1,1	187	99	0.815501539421	1.0	0.99,1.0	0.988,0.987	0.007
7187	"ENSG00000261884.2"	"CTC-479C5.12"	chr16	-	67968699	67969381	67968699	67968851	67969322	67969381	7187	11,11	58,16	11,7	35,24	197	99	0.856275526902	1.0	0.087,0.257	0.136,0.128	0.04
7188	"ENSG00000261884.2"	"CTC-479C5.12"	chr16	-	67969322	67969544	67969322	67969381	67969484	67969544	7188	6,4	33,19	11,8	31,23	197	99	0.217779436753	1.0	0.084,0.096	0.151,0.149	-0.06
718	"ENSG00000168872.11"	"DDX19A"	chr16	+	70404125	70405466	70404125	70404288	70405274	70405466	718	10,8	52,38	5,3	22,17	197	99	0.856330216049	1.0	0.088,0.096	0.103,0.081	0.0
7191	"ENSG00000072135.8"	"PTPN18"	chr2	+	131128129	131128355	131128129	131128196	131128277	131128355	7191	5,13	55,33	4,3	31,23	179	99	0.541496111344	1.0	0.048,0.179	0.067,0.067	0.046
7192	"ENSG00000072135.8"	"PTPN18"	chr2	+	131127882	131128196	131127882	131127963	131128129	131128196	7192	2,8	0,1	4,4	0,0	197	99	1	1.0	1.0,0.801	1.0,1.0	-0.099
7194	"ENSG00000148297.11"	"MED22"	chr9	-	136207754	136211188	136207754	136208544	136210979	136211188	7194	120,87	4,0	67,46	1,1	197	99	0.787824651882	1.0	0.938,1.0	0.971,0.959	0.004
7195	"ENSG00000160785.9"	"SLC25A44"	chr1	+	156169625	156170263	156169625	156170019	156170088	156170263	7195	36,41	3,2	22,16	1,1	167	99	0.77795017753	1.0	0.877,0.924	0.929,0.905	-0.016
7196	"ENSG00000025770.14"	"NCAPH2"	chr22	+	50961445	50961901	50961445	50961595	50961663	50961901	7196	5,13	53,41	8,5	47,38	166	99	0.662328411646	1.0	0.053,0.159	0.092,0.073	0.024
7199	"ENSG00000025770.14"	"NCAPH2"	chr22	+	50960754	50961002	50960754	50960844	50960929	50961002	7199	10,15	49,35	0,0	2,2	183	99	1	1.0	0.099,0.188	0.0,0.0	0.144
719	"ENSG00000180198.11"	"RCC1"	chr1	+	28862604	28862893	28862604	28862666	28862773	28862893	719	1,18	2,0	4,4	0,0	197	99	1	1.0	0.201,1.0	1.0,1.0	-0.399
71	"ENSG00000110321.11"	"EIF4G2"	chr11	-	10822137	10822382	10822137	10822194	10822277	10822382	71	24,15	1564,1287	7,8	343,346	181	99	0.330833270548	1.0	0.008,0.006	0.011,0.012	-0.004
7200	"ENSG00000025770.14"	"NCAPH2"	chr22	+	50960754	50960998	50960754	50960844	50960926	50960998	7200	0,13	1,13	1,2	1,2	180	99	0.776352609892	1.0	0.0,0.355	0.355,0.355	-0.177
7202	"ENSG00000025770.14"	"NCAPH2"	chr22	+	50956401	50956609	50956401	50956481	50956561	50956609	7202	2,5	39,37	1,1	28,27	178	99	0.512506257912	1.0	0.028,0.07	0.019,0.02	0.03
7204	"ENSG00000025770.14"	"NCAPH2"	chr22	+	50960941	50961149	50960941	50960998	50961099	50961149	7204	0,3	35,24	1,1	19,21	197	99	0.920279704453	1.0	0.0,0.059	0.026,0.023	0.005
7210	"ENSG00000163818.12"	"LZTFL1"	chr3	-	45875729	45877276	45875729	45875790	45877081	45877276	7210	0,0	23,31	1,1	33,26	197	99	0.467727700176	1.0	0.0,0.0	0.015,0.019	-0.017
7213	"ENSG00000168291.8"	"PDHB"	chr3	-	58417457	58417711	58417457	58417520	58417603	58417711	7213	2,1	177,142	3,2	208,180	181	99	1	1.0	0.006,0.004	0.008,0.006	-0.002
7214	"ENSG00000168291.8"	"PDHB"	chr3	-	58417603	58419411	58417603	58417711	58419357	58419411	7214	0,0	169,107	1,1	184,160	197	99	1	1.0	0.0,0.0	0.003,0.003	-0.003
7215	"ENSG00000168291.8"	"PDHB"	chr3	-	58416383	58416669	58416383	58416515	58416569	58416669	7215	188,131	13,11	123,97	7,5	152	99	0.482292221503	1.0	0.904,0.886	0.92,0.927	-0.028
7225	"ENSG00000177138.11"	"FAM9B"	chrX	-	9000381	9001116	9000381	9000502	9000999	9001116	7225	0,0	31,7	1,1	30,21	197	99	0.846829690044	1.0	0.0,0.0	0.016,0.023	-0.019
7226	"ENSG00000177138.11"	"FAM9B"	chrX	-	9000999	9001351	9000999	9001116	9001331	9001351	7226	5,0	7,6	1,1	3,2	197	99	0.82713644095	1.0	0.264,0.0	0.143,0.201	-0.04
7228	"ENSG00000119328.7"	"FAM206A"	chr9	+	111697917	111698355	111697917	111697969	111698118	111698355	7228	3,15	0,0	5,4	1,0	197	99	1	1.0	1.0,1.0	0.715,1.0	0.143
722	"ENSG00000147180.12"	"ZNF711"	chrX	+	84501935	84502657	84501935	84502189	84502552	84502657	722	7,6	0,6	7,5	2,1	197	99	0.774388833757	1.0	1.0,0.334	0.638,0.715	-0.009
7232	"ENSG00000213337.4"	"ANKRD39"	chr2	-	97506152	97506649	97506152	97506251	97506523	97506649	7232	6,7	7,3	9,8	3,3	197	99	0.286953222419	1.0	0.301,0.54	0.601,0.573	-0.166
7233	"ENSG00000116521.6"	"SCAMP3"	chr1	-	155231447	155231659	155231447	155231525	155231622	155231659	7233	18,9	0,0	8,5	1,1	195	99	1	1.0	1.0,1.0	0.802,0.717	0.24
7234	"ENSG00000125731.8"	"SH2D3A"	chr19	-	6754261	6754742	6754261	6754459	6754626	6754742	7234	14,5	2,13	9,6	5,3	197	99	0.758137286752	1.0	0.779,0.162	0.475,0.501	-0.017
7235	"ENSG00000125731.8"	"SH2D3A"	chr19	-	6754261	6754742	6754261	6754436	6754626	6754742	7235	18,25	11,11	13,8	5,4	197	99	0.718661155433	1.0	0.451,0.533	0.566,0.501	-0.041
7236	"ENSG00000125731.8"	"SH2D3A"	chr19	-	6754062	6754436	6754062	6754174	6754261	6754436	7236	2,2	0,1	4,3	2,2	185	99	0.677603442177	1.0	1.0,0.517	0.517,0.445	0.277
7238	"ENSG00000198034.6"	"RPS4X"	chrX	-	71493650	71495000	71493650	71493822	71494902	71495000	7238	62,34	14074,11807	36,25	10105,8432	197	99	1	1.0	0.002,0.001	0.002,0.001	0.0
7239	"ENSG00000198034.6"	"RPS4X"	chrX	-	71493650	71495000	71493650	71493806	71494902	71495000	7239	4372,3647	0,1	953,1164	0,0	197	99	1	1.0	1.0,0.999	1.0,1.0	-0.0
7242	"ENSG00000267673.2"	"FDX1L"	chr19	-	10426061	10426435	10426061	10426168	10426380	10426435	7242	3,13	14,36	7,4	14,11	197	99	0.422553503817	1.0	0.097,0.154	0.201,0.155	-0.052
7243	"ENSG00000171824.9"	"EXOSC10"	chr1	-	11136898	11137708	11136898	11137005	11137657	11137708	7243	33,62	0,3	49,32	1,1	197	99	0.903636356996	1.0	1.0,0.912	0.961,0.941	0.005
7246	"ENSG00000090097.16"	"PCBP4"	chr3	-	51994541	51994914	51994541	51994658	51994881	51994914	7246	6,3	15,31	1,0	10,6	197	99	0.436869188624	1.0	0.167,0.046	0.048,0.0	0.083
7248	"ENSG00000090097.16"	"PCBP4"	chr3	-	51993910	51994336	51993910	51994039	51994204	51994336	7248	1,1	4,17	1,1	10,5	197	99	0.737660116769	1.0	0.112,0.029	0.048,0.091	0.001
7249	"ENSG00000143793.8"	"C1orf35"	chr1	-	228289780	228290083	228289780	228289866	228290010	228290083	7249	4,17	41,58	7,5	42,31	197	99	0.638048863037	1.0	0.047,0.128	0.077,0.075	0.011
7253	"ENSG00000149929.11"	"HIRIP3"	chr16	-	30006423	30006784	30006423	30006538	30006663	30006784	7253	0,3	71,76	2,1	60,46	197	99	0.64512991367	1.0	0.0,0.019	0.016,0.011	-0.004
7254	"ENSG00000149929.11"	"HIRIP3"	chr16	-	30006423	30006784	30006423	30006562	30006663	30006784	7254	1,2	1,0	1,0	0,0	197	99	1	1.0	0.334,1.0	1.0,NA	-0.333
7255	"ENSG00000168961.12"	"LGALS9"	chr17	+	25974055	25974458	25974055	25974144	25974295	25974458	7255	1,6	3,2	2,2	6,4	197	99	0.322789139505	1.0	0.143,0.601	0.143,0.201	0.2
7257	"ENSG00000104957.9"	"CCDC130"	chr19	+	13869681	13870086	13869681	13869824	13869913	13870086	7257	8,18	20,16	13,9	16,10	187	99	0.697757369373	1.0	0.175,0.373	0.301,0.323	-0.038
7258	"ENSG00000135502.12"	"SLC26A10"	chr12	+	58019364	58019933	58019364	58019535	58019780	58019933	7258	5,2	2,2	2,1	2,1	197	99	0.590636255834	1.0	0.557,0.334	0.334,0.334	0.111
7259	"ENSG00000174358.11"	"SLC6A19"	chr5	+	1216672	1217060	1216672	1216801	1216903	1217060	7259	3,8	5,15	2,2	5,4	197	99	0.741800695807	1.0	0.232,0.211	0.167,0.201	0.038
725	"ENSG00000160014.12"	"CALM3"	chr19	+	47111738	47112238	47111738	47111845	47112102	47112238	725	21,0	1712,1111	8,7	1118,866	197	99	1	1.0	0.006,0.0	0.004,0.004	-0.001
7261	"ENSG00000080189.10"	"SLC35C2"	chr20	-	44987025	44987402	44987025	44987197	44987329	44987402	7261	147,51	0,0	88,75	1,0	197	99	0.494742261139	1.0	1.0,1.0	0.978,1.0	0.011
7262	"ENSG00000117399.9"	"CDC20"	chr1	+	43824683	43825067	43824683	43824703	43824837	43825067	7262	3,11	1,0	5,4	0,0	197	99	1	1.0	0.601,1.0	1.0,1.0	-0.2
7264	"ENSG00000172009.10"	"THOP1"	chr19	+	2807439	2808442	2807439	2807806	2808240	2808442	7264	9,21	9,27	14,9	14,12	197	99	0.95237116299	1.0	0.334,0.281	0.334,0.274	0.003
7265	"ENSG00000150990.3"	"DHX37"	chr12	-	125434958	125435350	125434958	125435096	125435235	125435350	7265	3,3	79,78	3,2	62,44	197	99	0.65084366154	1.0	0.019,0.019	0.024,0.022	-0.004
7268	"ENSG00000215041.5"	"NEURL4"	chr17	-	7227713	7227928	7227713	7227799	7227901	7227928	7268	6,6	1,0	7,6	0,0	197	99	1	1.0	0.751,1.0	1.0,1.0	-0.125
726	"ENSG00000160014.12"	"CALM3"	chr19	+	47111738	47112238	47111738	47111845	47112069	47112238	726	1,5	2,0	4,4	0,0	197	99	1	1.0	0.201,1.0	1.0,1.0	-0.399
7271	"ENSG00000215041.5"	"NEURL4"	chr17	-	7221587	7221993	7221587	7221675	7221813	7221993	7271	7,2	31,41	5,5	24,18	197	99	0.187144634565	1.0	0.102,0.024	0.095,0.122	-0.045
7273	"ENSG00000130175.5"	"PRKCSH"	chr19	+	11559728	11559990	11559728	11559803	11559890	11559990	7273	4,6	250,300	4,3	290,188	185	99	0.834376006114	1.0	0.008,0.011	0.007,0.008	0.002
7275	"ENSG00000160294.6"	"MCM3AP"	chr21	-	47666220	47666800	47666220	47666318	47666541	47666800	7275	17,25	43,26	19,14	33,24	197	99	0.866577870298	1.0	0.166,0.326	0.224,0.227	0.02
7277	"ENSG00000039650.5"	"PNKP"	chr19	-	50364864	50365138	50364864	50364952	50365028	50365138	7277	5,3	30,24	3,2	23,16	174	99	0.893725719885	1.0	0.087,0.066	0.069,0.066	0.009
7278	"ENSG00000039650.5"	"PNKP"	chr19	-	50364705	50365138	50364705	50364767	50365028	50365138	7278	3,2	1,0	2,2	0,0	197	99	1	1.0	0.601,1.0	1.0,1.0	-0.2
7279	"ENSG00000039650.5"	"PNKP"	chr19	-	50364705	50365138	50364705	50364767	50364864	50365138	7279	5,7	25,23	4,2	20,11	195	99	0.910551365991	1.0	0.092,0.134	0.092,0.085	0.025
727	"ENSG00000163930.5"	"BAP1"	chr3	-	52440268	52440923	52440268	52440392	52440844	52440923	727	0,17	32,47	8,5	30,23	197	99	0.568860595107	1.0	0.0,0.154	0.118,0.098	-0.031
7280	"ENSG00000039650.5"	"PNKP"	chr19	-	50367435	50367660	50367435	50367493	50367580	50367660	7280	20,15	93,71	17,12	65,48	185	99	0.51000060786	1.0	0.103,0.102	0.123,0.118	-0.018
7283	"ENSG00000138834.8"	"MAPK8IP3"	chr16	+	1817805	1818108	1817805	1817919	1818069	1818108	7283	5,10	26,32	5,4	22,13	197	99	0.910087097067	1.0	0.088,0.136	0.103,0.134	-0.006
7284	"ENSG00000112855.10"	"HARS2"	chr5	+	140073075	140073250	140073075	140073093	140073175	140073250	7284	9,9	1,1	11,6	1,0	180	99	0.644197547881	1.0	0.832,0.832	0.858,1.0	-0.097
7286	"ENSG00000004534.10"	"RBM6"	chr3	+	50098894	50099541	50098894	50098980	50099415	50099541	7286	52,210	2,0	60,96	0,0	197	99	0.522895536966	1.0	0.929,1.0	1.0,1.0	-0.035
7287	"ENSG00000162139.5"	"NEU3"	chr11	+	74716457	74717879	74716457	74716670	74717868	74717879	7287	1,37	0,2	7,6	0,0	197	99	1	1.0	1.0,0.903	1.0,1.0	-0.048
728	"ENSG00000163930.5"	"BAP1"	chr3	-	52436794	52437314	52436794	52436887	52437153	52437314	728	17,12	73,144	16,9	95,81	197	99	0.86735045714	1.0	0.105,0.04	0.078,0.053	0.007
7290	"ENSG00000214174.4"	"AMZ2P1"	chr17	-	62970672	62971694	62970672	62970759	62971677	62971694	7290	2,1	0,0	1,1	0,1	197	99	1	1.0	1.0,1.0	1.0,0.334	0.333
7291	"ENSG00000214174.4"	"AMZ2P1"	chr17	-	62968871	62969635	62968871	62969045	62969359	62969635	7291	8,1	17,11	3,3	12,9	197	99	0.844295785443	1.0	0.191,0.044	0.112,0.143	-0.01
7294	"ENSG00000130939.14"	"UBE4B"	chr1	+	10093331	10093752	10093331	10093416	10093631	10093752	7294	92,324	0,5	124,130	1,0	197	99	0.628807746021	1.0	1.0,0.97	0.984,1.0	-0.007
7296	"ENSG00000067334.9"	"DNTTIP2"	chr1	-	94338674	94338925	94338674	94338770	94338886	94338925	7296	5,0	1,0	4,3	1,1	197	99	1	1.0	0.715,NA	0.668,0.601	0.08
7297	"ENSG00000166598.8"	"HSP90B1"	chr12	+	104336304	104337097	104336304	104336574	104336851	104337097	7297	7,11	1002,1373	31,17	2362,1689	197	99	1	1.0	0.003,0.004	0.007,0.005	-0.003
7299	"ENSG00000135469.9"	"COQ10A"	chr12	+	56662842	56663345	56662842	56663035	56663243	56663345	7299	11,13	23,30	15,9	28,14	197	99	0.530359786891	1.0	0.194,0.179	0.212,0.244	-0.041
729	"ENSG00000163930.5"	"BAP1"	chr3	-	52436794	52437314	52436794	52436956	52437153	52437314	729	18,4	6,11	10,4	6,5	197	99	0.901721188651	1.0	0.601,0.155	0.456,0.287	0.007
7300	"ENSG00000100241.16"	"SBF1"	chr22	-	50885750	50886038	50885750	50885882	50885950	50886038	7300	3,2	72,48	1,2	49,33	166	99	0.871946916357	1.0	0.024,0.024	0.012,0.035	0.001
7301	"ENSG00000100241.16"	"SBF1"	chr22	-	50905960	50906352	50905960	50906119	50906214	50906352	7301	9,0	32,29	4,3	31,20	193	99	0.90925452227	1.0	0.126,0.0	0.062,0.071	-0.004
7305	"ENSG00000082641.11"	"NFE2L1"	chr17	+	46127968	46128990	46127968	46128181	46128478	46128990	7305	219,327	0,6	304,278	1,1	197	99	0.211828376848	1.0	1.0,0.965	0.993,0.993	-0.011
7307	"ENSG00000143578.11"	"CREB3L4"	chr1	+	153945219	153945554	153945219	153945312	153945447	153945554	7307	11,2	41,10	8,6	24,15	197	99	0.448056314485	1.0	0.119,0.091	0.143,0.167	-0.05
730	"ENSG00000163930.5"	"BAP1"	chr3	-	52440268	52440923	52440268	52440338	52440844	52440923	730	19,51	2,6	32,23	3,2	197	99	0.825812541746	1.0	0.827,0.81	0.843,0.852	-0.029
7311	"ENSG00000178971.9"	"CTC1"	chr17	-	8132459	8132764	8132459	8132524	8132619	8132764	7311	18,6	10,5	12,9	4,3	193	99	0.273507553311	1.0	0.48,0.381	0.606,0.606	-0.175
7312	"ENSG00000178971.9"	"CTC1"	chr17	-	8133611	8133786	8133611	8133666	8133764	8133786	7312	74,29	5,1	55,36	1,1	196	99	0.384135832082	1.0	0.882,0.936	0.965,0.948	-0.047
7316	"ENSG00000063177.8"	"RPL18"	chr19	-	49118587	49119203	49118587	49118704	49119133	49119203	7316	46,43	2401,3489	52,23	2346,1623	197	99	0.856643006257	1.0	0.01,0.006	0.011,0.007	-0.001
7318	"ENSG00000196998.11"	"WDR45"	chrX	-	48934303	48935570	48934303	48934409	48935495	48935570	7318	56,32	43,8	46,32	29,19	197	99	0.579162023039	1.0	0.396,0.668	0.444,0.458	0.081
7319	"ENSG00000196998.11"	"WDR45"	chrX	-	48934303	48935570	48934303	48934412	48935495	48935570	7319	51,29	3,5	38,27	5,3	197	99	0.749668155155	1.0	0.895,0.745	0.793,0.819	0.014
731	"ENSG00000163930.5"	"BAP1"	chr3	-	52436794	52437314	52436794	52436887	52437198	52437314	731	117,123	5,2	87,70	2,1	197	99	0.906718613629	1.0	0.922,0.969	0.956,0.972	-0.018
7320	"ENSG00000166887.11"	"VPS39"	chr15	-	42456555	42456924	42456555	42456684	42456912	42456924	7320	0,10	2,0	4,3	1,1	197	99	0.779098208684	1.0	0.0,1.0	0.668,0.601	-0.135
7321	"ENSG00000166887.11"	"VPS39"	chr15	-	42483458	42483758	42483458	42483570	42483693	42483758	7321	17,20	0,3	12,8	1,0	197	99	0.80132229567	1.0	1.0,0.77	0.858,1.0	-0.044
7325	"ENSG00000267454.1"	"ZNF582-AS1"	chr19	+	56909645	56910537	56909645	56909752	56910262	56910537	7325	0,0	3,5	1,1	4,3	197	99	1	1.0	0.0,0.0	0.112,0.143	-0.128
7327	"ENSG00000172932.10"	"ANKRD13D"	chr11	+	67066528	67067082	67066528	67066595	67066917	67067082	7327	4,9	1,0	4,5	0,0	197	99	1	1.0	0.668,1.0	1.0,1.0	-0.166
7328	"ENSG00000172932.10"	"ANKRD13D"	chr11	+	67058946	67059217	67058946	67058992	67059073	67059217	7328	1,0	16,6	1,1	11,8	179	99	0.703176993128	1.0	0.033,0.0	0.048,0.065	-0.04
732	"ENSG00000254772.5"	"EEF1G"	chr11	-	62340055	62341332	62340055	62340214	62341212	62341332	732	29,30	3,1	22,16	2,2	197	99	0.509093813445	1.0	0.829,0.938	0.847,0.801	0.059
7330	"ENSG00000172932.10"	"ANKRD13D"	chr11	+	67057548	67057917	67057548	67057684	67057792	67057917	7330	5,0	22,32	6,4	38,28	197	99	0.509145448486	1.0	0.103,0.0	0.074,0.067	-0.019
7331	"ENSG00000172932.10"	"ANKRD13D"	chr11	+	67068246	67068618	67068246	67068366	67068460	67068618	7331	4,3	0,0	10,6	1,0	192	99	1	1.0	1.0,1.0	0.838,1.0	0.081
7334	"ENSG00000204435.9"	"CSNK2B"	chr6	+	31636873	31637241	31636873	31636949	31637104	31637241	7334	2319,2396	3,1	1477,1474	2,2	197	99	1	1.0	0.997,0.999	0.997,0.997	0.001
7339	"ENSG00000166508.13"	"MCM7"	chr7	-	99696645	99697376	99696645	99697026	99697211	99697376	7339	38,28	829,1066	31,24	740,640	197	99	0.536393317437	1.0	0.023,0.013	0.021,0.018	-0.002
733	"ENSG00000234857.2"	"HNRNPUL2-BSCL2"	chr11	-	62458093	62458339	62458093	62458164	62458258	62458339	733	2,5	86,72	1,1	28,26	192	99	0.876218265272	1.0	0.012,0.035	0.018,0.019	0.005
7341	"ENSG00000166508.13"	"MCM7"	chr7	-	99696645	99697376	99696645	99696826	99697211	99697376	7341	72,59	1,0	8,14	0,0	197	99	1	1.0	0.973,1.0	1.0,1.0	-0.014
7342	"ENSG00000166508.13"	"MCM7"	chr7	-	99693009	99693287	99693009	99693093	99693246	99693287	7342	7,12	2,0	5,6	0,0	197	99	1	1.0	0.638,1.0	1.0,1.0	-0.181
7343	"ENSG00000166508.13"	"MCM7"	chr7	-	99696645	99697026	99696645	99696809	99696901	99697026	7343	504,2319	0,1	770,933	0,0	190	99	1	1.0	1.0,0.999	1.0,1.0	-0.0
7345	"ENSG00000164039.10"	"BDH2"	chr4	-	104006505	104007697	104006505	104006619	104007636	104007697	7345	0,10	10,17	3,2	11,6	197	99	0.779500660473	1.0	0.0,0.228	0.121,0.143	-0.018
7347	"ENSG00000204469.8"	"PRRC2A"	chr6	+	31604509	31604913	31604509	31604722	31604818	31604913	7347	26,37	231,235	26,15	224,146	194	99	0.437593402677	1.0	0.054,0.074	0.056,0.05	0.011
7348	"ENSG00000204469.8"	"PRRC2A"	chr6	+	31603358	31603826	31603358	31603526	31603743	31603826	7348	20,44	999,850	39,18	961,661	197	99	0.942211916139	1.0	0.01,0.025	0.02,0.014	0.001
734	"ENSG00000115204.10"	"MPV17"	chr2	-	27535081	27535456	27535081	27535114	27535360	27535456	734	11,11	39,34	11,8	35,28	197	99	0.983592066867	1.0	0.124,0.14	0.136,0.126	0.001
7351	"ENSG00000138073.9"	"PREB"	chr2	-	27355984	27356589	27355984	27356205	27356399	27356589	7351	61,31	158,172	33,24	139,105	197	99	0.480350344378	1.0	0.162,0.083	0.107,0.103	0.018
7353	"ENSG00000158796.12"	"DEDD"	chr1	-	161093927	161094316	161093927	161094000	161094129	161094316	7353	1,100	0,0	76,54	1,0	197	99	0.740498981413	1.0	1.0,1.0	0.974,1.0	0.013
7354	"ENSG00000158796.12"	"DEDD"	chr1	-	161093927	161094316	161093927	161094000	161094203	161094316	7354	73,92	1,0	65,49	1,0	197	99	0.685017812467	1.0	0.973,1.0	0.97,1.0	0.001
7355	"ENSG00000161847.9"	"RAVER1"	chr19	-	10431330	10431627	10431330	10431458	10431533	10431627	7355	137,186	8,3	148,101	4,2	173	99	0.640734008453	1.0	0.907,0.973	0.955,0.967	-0.021
7356	"ENSG00000161847.9"	"RAVER1"	chr19	-	10431330	10431627	10431330	10431439	10431533	10431627	7356	91,227	0,0	168,115	1,1	192	99	0.298408037641	1.0	1.0,1.0	0.989,0.983	0.014
7358	"ENSG00000103194.11"	"USP10"	chr16	+	84766814	84767109	84766814	84766852	84767040	84767109	7358	1,0	0,2	1,0	0,0	197	99	1	1.0	1.0,0.0	1.0,NA	-0.5
7360	"ENSG00000085719.7"	"CPNE3"	chr8	+	87563273	87563462	87563273	87563328	87563410	87563462	7360	3,0	17,22	0,0	21,16	180	99	0.452511995263	1.0	0.088,0.0	0.0,0.0	0.044
7362	"ENSG00000066322.8"	"ELOVL1"	chr1	-	43830598	43831047	43830598	43830679	43830856	43831047	7362	10,15	42,113	9,6	63,53	197	99	0.618260563775	1.0	0.107,0.063	0.067,0.054	0.024
7364	"ENSG00000196535.10"	"MYO18A"	chr17	-	27423778	27424368	27423778	27423933	27424240	27424368	7364	7,11	47,42	10,6	49,34	197	99	0.945788879243	1.0	0.07,0.116	0.093,0.081	0.006
7365	"ENSG00000196535.10"	"MYO18A"	chr17	-	27448564	27448975	27448564	27448741	27448868	27448975	7365	1,0	28,25	0,0	4,4	197	99	1	1.0	0.018,0.0	0.0,0.0	0.009
7367	"ENSG00000180104.11"	"EXOC3"	chr5	+	464404	465387	464404	464527	465225	465387	7367	20,39	54,53	18,12	35,27	197	99	0.780795089526	1.0	0.157,0.27	0.205,0.183	0.02
7368	"ENSG00000180104.11"	"EXOC3"	chr5	+	464903	465387	464903	465079	465225	465387	7368	10,5	1,0	1,2	0,0	197	99	1	1.0	0.834,1.0	1.0,1.0	-0.083
736	"ENSG00000115204.10"	"MPV17"	chr2	-	27535081	27535456	27535081	27535114	27535414	27535456	736	87,63	0,0	78,86	0,1	197	99	0.782069427045	1.0	1.0,1.0	1.0,0.977	0.012
7370	"ENSG00000163468.10"	"CCT3"	chr1	-	156304503	156304699	156304503	156304566	156304658	156304699	7370	1,3	895,872	2,2	609,531	190	99	1	1.0	0.001,0.002	0.002,0.002	-0.001
7371	"ENSG00000167468.12"	"GPX4"	chr19	+	1105656	1106265	1105656	1105808	1106179	1106265	7371	12,0	0,6	15,9	2,0	197	99	0.468855404368	1.0	1.0,0.0	0.79,1.0	-0.395
7372	"ENSG00000167468.12"	"GPX4"	chr19	+	1105656	1106265	1105656	1105808	1106240	1106265	7372	13,10	620,632	22,10	658,516	197	99	0.206037636148	1.0	0.01,0.008	0.017,0.01	-0.005
7379	"ENSG00000186594.8"	"MIR22HG"	chr17	-	1614804	1617308	1614804	1615693	1616996	1617308	7379	49,49	3,3	17,15	0,0	197	99	1	1.0	0.891,0.891	1.0,1.0	-0.109
737	"ENSG00000115204.10"	"MPV17"	chr2	-	27535414	27535639	27535414	27535456	27535546	27535639	737	0,0	96,56	1,0	87,86	188	99	1	1.0	0.0,0.0	0.006,0.0	-0.003
7381	"ENSG00000182224.7"	"CYB5D1"	chr17	+	7761720	7762142	7761720	7761797	7761923	7762142	7381	3,0	6,5	3,2	4,4	197	99	0.394689956059	1.0	0.201,0.0	0.274,0.201	-0.137
7383	"ENSG00000070371.11"	"CLTCL1"	chr22	-	19183776	19184167	19183776	19183926	19183999	19184167	7383	7,4	19,2	4,3	6,5	171	99	0.843858947813	1.0	0.176,0.537	0.278,0.258	0.089
7386	"ENSG00000072121.11"	"ZFYVE26"	chr14	-	68228082	68229129	68228082	68228301	68228919	68229129	7386	3,0	13,6	2,2	9,6	197	99	0.511952632196	1.0	0.104,0.0	0.1,0.143	-0.07
7387	"ENSG00000108587.10"	"GOSR1"	chr17	+	28846956	28847450	28846956	28847039	28847418	28847450	7387	2,3	1,0	1,1	0,0	197	99	1	1.0	0.501,1.0	1.0,1.0	-0.25
7388	"ENSG00000133835.10"	"HSD17B4"	chr5	+	118827794	118829641	118827794	118827819	118829512	118829641	7388	10,16	20,28	7,4	16,11	197	99	0.660647799674	1.0	0.201,0.223	0.18,0.155	0.045
7394	"ENSG00000152332.11"	"UHMK1"	chr1	+	162469744	162470894	162469744	162470037	162470711	162470894	7394	103,88	0,1	12,21	0,0	197	99	1	1.0	1.0,0.978	1.0,1.0	-0.011
7396	"ENSG00000103510.15"	"KAT8"	chr16	+	31141776	31142221	31141776	31141927	31142066	31142221	7396	16,22	58,129	12,11	95,67	197	99	0.255621143411	1.0	0.122,0.079	0.06,0.076	0.033
7397	"ENSG00000103510.15"	"KAT8"	chr16	+	31141776	31142221	31141776	31141927	31142017	31142221	7397	3,22	0,1	6,7	0,0	188	99	1	1.0	1.0,0.921	1.0,1.0	-0.039
7399	"ENSG00000204371.7"	"EHMT2"	chr6	-	31852168	31852576	31852168	31852336	31852421	31852576	7399	20,10	40,39	13,9	35,24	183	99	0.948934182251	1.0	0.213,0.122	0.167,0.169	-0.001
73	"ENSG00000085231.9"	"TAF9"	chr5	-	68662329	68662648	68662329	68662422	68662522	68662648	73	15,0	7,0	14,11	2,2	197	99	1	1.0	0.519,NA	0.779,0.734	-0.237
7404	"ENSG00000003509.11"	"NDUFAF7"	chr2	+	37468720	37469836	37468720	37468934	37469777	37469836	7404	40,16	33,36	15,13	27,17	197	99	0.648236963362	1.0	0.379,0.183	0.218,0.278	0.033
7405	"ENSG00000003509.11"	"NDUFAF7"	chr2	+	37468720	37469836	37468720	37468780	37469777	37469836	7405	63,38	0,3	28,25	1,1	197	99	0.835906659508	1.0	1.0,0.864	0.934,0.926	0.002
7407	"ENSG00000134317.13"	"GRHL1"	chr2	+	10098914	10101565	10098914	10098985	10101174	10101565	7407	0,0	2,4	3,1	8,6	197	99	1	1.0	0.0,0.0	0.159,0.077	-0.118
7412	"ENSG00000151923.13"	"TIAL1"	chr10	-	121336122	121336715	121336122	121336262	121336591	121336715	7412	108,77	228,181	122,69	189,161	197	99	0.281682547961	1.0	0.192,0.176	0.245,0.177	-0.027
7413	"ENSG00000151923.13"	"TIAL1"	chr10	-	121339982	121340358	121339982	121340050	121340292	121340358	7413	42,0	0,0	27,21	0,1	197	99	1	1.0	1.0,NA	1.0,0.913	0.043
7414	"ENSG00000164008.9"	"C1orf50"	chr1	+	43232976	43233295	43232976	43233029	43233179	43233295	7414	4,24	0,3	8,7	1,0	197	99	0.902931117815	1.0	1.0,0.801	0.801,1.0	0.0
7415	"ENSG00000124549.10"	"BTN2A3P"	chr6	+	26423160	26423987	26423160	26423505	26423626	26423987	7415	13,27	2,0	5,6	0,0	197	99	1	1.0	0.766,1.0	1.0,1.0	-0.117
7416	"ENSG00000164405.6"	"UQCRQ"	chr5	+	132202560	132203379	132202560	132202727	132203179	132203379	7416	71,45	1509,796	55,37	900,767	197	99	0.648618734473	1.0	0.023,0.028	0.03,0.024	-0.001
7417	"ENSG00000164405.6"	"UQCRQ"	chr5	+	132202560	132203379	132202560	132202727	132203188	132203379	7417	1418,836	14,9	840,735	7,5	197	99	0.539343520213	1.0	0.981,0.979	0.984,0.987	-0.006
7418	"ENSG00000103549.17"	"RNF40"	chr16	+	30780506	30780921	30780506	30780719	30780795	30780921	7418	6,3	190,225	5,3	151,134	174	99	0.554301941945	1.0	0.018,0.008	0.018,0.013	-0.003
7419	"ENSG00000036672.11"	"USP2"	chr11	-	119229733	119230052	119229733	119229844	119229940	119230052	7419	0,2	7,19	1,0	16,14	194	99	0.598426151563	1.0	0.0,0.051	0.031,0.0	0.01
741	"ENSG00000052749.9"	"RRP12"	chr10	-	99118293	99118767	99118293	99118376	99118699	99118767	741	1,1	103,97	1,1	66,55	197	99	0.697023875613	1.0	0.005,0.005	0.008,0.009	-0.004
7420	"ENSG00000125991.14"	"ERGIC3"	chr20	+	34144987	34145226	34144987	34145020	34145195	34145226	7420	0,3	213,255	2,2	286,223	197	99	1	1.0	0.0,0.006	0.004,0.004	-0.001
7422	"ENSG00000198830.6"	"HMGN2"	chr1	+	26799696	26800018	26799696	26799868	26799950	26800018	7422	16,57	2,0	53,56	0,0	180	99	0.412983073357	1.0	0.815,1.0	1.0,1.0	-0.093
7424	"ENSG00000198830.6"	"HMGN2"	chr1	+	26799973	26800223	26799973	26800018	26800193	26800223	7424	0,27	0,1285	27,26	638,679	197	99	1	1.0	NA,0.01	0.021,0.019	-0.01
7425	"ENSG00000198830.6"	"HMGN2"	chr1	+	26799973	26800626	26799973	26800018	26800575	26800626	7425	107,0	0,0	271,204	1,1	197	99	1	1.0	1.0,NA	0.993,0.99	0.008
7427	"ENSG00000198830.6"	"HMGN2"	chr1	+	26799973	26800223	26799973	26800076	26800193	26800223	7427	105,44	6,0	217,150	9,4	197	99	0.600330768769	1.0	0.898,1.0	0.924,0.95	0.012
7428	"ENSG00000002016.12"	"RAD52"	chr12	-	1025509	1025986	1025509	1025649	1025804	1025986	7428	0,0	3,4	2,1	2,2	197	99	1	1.0	0.0,0.0	0.334,0.201	-0.268
742	"ENSG00000052749.9"	"RRP12"	chr10	-	99130679	99131923	99130679	99130838	99131829	99131923	742	8,2	45,51	2,2	37,28	197	99	0.584957259164	1.0	0.082,0.019	0.026,0.035	0.02
7431	"ENSG00000002016.12"	"RAD52"	chr12	-	1038929	1039310	1038929	1039052	1039216	1039310	7431	6,4	7,7	6,4	4,3	197	99	0.338490653484	1.0	0.301,0.223	0.43,0.401	-0.153
7434	"ENSG00000100911.9"	"PSME2"	chr14	-	24614918	24615449	24614918	24615105	24615416	24615449	7434	60,74	15,9	80,48	13,9	197	99	0.862819192462	1.0	0.668,0.805	0.756,0.728	-0.005
7435	"ENSG00000100911.9"	"PSME2"	chr14	-	24614587	24615449	24614587	24614674	24614918	24615449	7435	23,43	373,487	22,13	299,222	197	99	0.672525367781	1.0	0.03,0.042	0.036,0.029	0.004
7438	"ENSG00000100911.9"	"PSME2"	chr14	-	24613608	24614364	24613608	24613677	24614266	24614364	7438	29,57	276,257	40,22	217,157	197	99	0.868478145408	1.0	0.05,0.1	0.085,0.066	-0.001
7439	"ENSG00000100911.9"	"PSME2"	chr14	-	24614918	24615449	24614918	24614961	24615416	24615449	7439	341,475	3,3	346,255	4,3	197	99	0.403931085624	1.0	0.983,0.988	0.978,0.977	0.008
7440	"ENSG00000149480.2"	"MTA2"	chr11	-	62364787	62365184	62364787	62364887	62365074	62365184	7440	22,12	2,3	16,11	1,1	197	99	0.876029849006	1.0	0.847,0.668	0.889,0.847	-0.11
7441	"ENSG00000149480.2"	"MTA2"	chr11	-	62364787	62365184	62364787	62364887	62365081	62365184	7441	30,16	195,286	19,12	147,126	197	99	0.490017412889	1.0	0.072,0.027	0.061,0.046	-0.004
7442	"ENSG00000136942.10"	"RPL35"	chr9	-	127623697	127624215	127623697	127623834	127624153	127624215	7442	3,4	0,0	2,2	1,1	197	99	1	1.0	1.0,1.0	0.501,0.501	0.499
7445	"ENSG00000168890.9"	"TMEM150A"	chr2	-	85829006	85829539	85829006	85829187	85829418	85829539	7445	5,5	1,4	6,4	2,1	197	99	0.572174666449	1.0	0.715,0.386	0.601,0.668	-0.084
7446	"ENSG00000168890.9"	"TMEM150A"	chr2	-	85828143	85828605	85828143	85828230	85828557	85828605	7446	25,19	10,51	14,9	15,11	197	99	0.9584534159	1.0	0.557,0.158	0.319,0.291	0.053
7447	"ENSG00000168890.9"	"TMEM150A"	chr2	-	85828143	85828605	85828143	85828230	85828428	85828605	7447	22,10	1,0	8,6	0,0	197	99	1	1.0	0.917,1.0	1.0,1.0	-0.041
7448	"ENSG00000169045.13"	"HNRNPH1"	chr5	-	179047892	179048398	179047892	179048036	179048242	179048398	7448	170,196	528,237	242,170	380,355	197	99	0.699717733726	1.0	0.139,0.294	0.242,0.194	-0.002
7450	"ENSG00000169045.13"	"HNRNPH1"	chr5	-	179043908	179044111	179043908	179043959	179044051	179044111	7450	82,321	446,1397	100,105	523,587	190	99	0.345241904421	1.0	0.087,0.107	0.091,0.085	0.009
7452	"ENSG00000169045.13"	"HNRNPH1"	chr5	-	179043908	179044111	179043908	179043923	179044021	179044111	7452	156,512	0,6	169,218	1,1	196	99	0.829456998982	1.0	1.0,0.977	0.988,0.991	-0.001
7453	"ENSG00000169045.13"	"HNRNPH1"	chr5	-	179043908	179044111	179043908	179043952	179044051	179044111	7453	162,1012	1,0	224,284	0,0	197	99	1	1.0	0.988,1.0	1.0,1.0	-0.006
7455	"ENSG00000169045.13"	"HNRNPH1"	chr5	-	179050037	179051670	179050037	179050165	179050636	179051670	7455	238,167	232,106	227,184	181,158	197	99	0.864116759072	1.0	0.34,0.442	0.387,0.369	0.013
7458	"ENSG00000169045.13"	"HNRNPH1"	chr5	-	179043126	179044111	179043126	179043219	179044051	179044111	7458	154,121	1,0	15,28	0,0	197	99	1	1.0	0.987,1.0	1.0,1.0	-0.006
7460	"ENSG00000184432.5"	"COPB2"	chr3	-	139093081	139093430	139093081	139093243	139093330	139093430	7460	23,42	0,0	48,29	1,0	185	99	1	1.0	1.0,1.0	0.963,1.0	0.018
7462	"ENSG00000086504.11"	"MRPL28"	chr16	-	418500	420225	418500	419211	419930	420225	7462	581,385	23,14	395,318	14,11	197	99	0.809487051517	1.0	0.927,0.933	0.934,0.936	-0.005
7463	"ENSG00000086504.11"	"MRPL28"	chr16	-	418500	420225	418500	419220	419930	420225	7463	3,5	540,339	5,3	360,290	197	99	1	1.0	0.003,0.007	0.007,0.005	-0.001
7466	"ENSG00000114544.11"	"SLC41A3"	chr3	-	125725205	125726068	125725205	125725407	125725956	125726068	7466	51,48	6,10	42,28	4,2	197	99	0.321350269239	1.0	0.81,0.707	0.841,0.876	-0.1
7469	"ENSG00000137818.7"	"RPLP1"	chr15	+	69745985	69747626	69745985	69746060	69747508	69747626	7469	27,30	4680,4265	39,25	5138,3728	197	99	1	1.0	0.003,0.004	0.004,0.003	0.0
7471	"ENSG00000174483.15"	"BBS1"	chr11	+	66283010	66283202	66283010	66283057	66283163	66283202	7471	0,0	13,10	1,0	7,5	197	99	1	1.0	0.0,0.0	0.067,0.0	-0.034
7473	"ENSG00000130177.10"	"CDC16"	chr13	+	115037658	115038150	115037658	115037956	115038038	115038150	7473	149,133	39,15	109,75	23,18	180	99	0.498665550151	1.0	0.678,0.83	0.723,0.696	0.044
7477	"ENSG00000196199.9"	"MPHOSPH8"	chr13	+	20244979	20245429	20244979	20245104	20245345	20245429	7477	22,11	7,0	17,12	2,1	197	99	0.950705647723	1.0	0.612,1.0	0.81,0.858	-0.028
7478	"ENSG00000089157.11"	"RPLP0"	chr12	-	120636920	120637288	120636920	120637008	120637112	120637288	7478	57,31	19644,15732	37,27	20466,17334	197	99	1	1.0	0.001,0.001	0.001,0.001	0.0
7484	"ENSG00000130726.7"	"TRIM28"	chr19	+	59061103	59061402	59061103	59061227	59061315	59061402	7484	18,0	1267,1278	14,9	1185,886	186	99	1	1.0	0.008,0.0	0.006,0.005	-0.001
7485	"ENSG00000130726.7"	"TRIM28"	chr19	+	59061564	59061770	59061564	59061651	59061743	59061770	7485	11,18	523,481	16,10	374,308	190	99	0.330508905739	1.0	0.011,0.019	0.022,0.017	-0.005
7487	"ENSG00000130726.7"	"TRIM28"	chr19	+	59060106	59060277	59060106	59060143	59060252	59060277	7487	0,357	0,4	170,153	3,2	197	99	1	1.0	NA,0.978	0.966,0.975	0.008
7488	"ENSG00000130726.7"	"TRIM28"	chr19	+	59060106	59060277	59060106	59060143	59060228	59060277	7488	0,40	0,235	25,18	102,94	183	99	1	1.0	NA,0.084	0.117,0.094	-0.022
748	"ENSG00000105227.10"	"PRX"	chr19	-	40899674	40904723	40899674	40903877	40904526	40904723	748	0,0	2,1	1,1	2,2	197	99	1	1.0	0.0,0.0	0.201,0.201	-0.201
7495	"ENSG00000076382.12"	"SPAG5"	chr17	-	26905235	26905546	26905235	26905310	26905390	26905546	7495	29,40	168,213	45,26	202,139	178	99	0.51851423825	1.0	0.088,0.095	0.11,0.094	-0.011
7497	"ENSG00000168906.8"	"MAT2A"	chr2	+	85768205	85768577	85768205	85768283	85768534	85768577	7497	1,35	1,0	10,11	0,0	197	99	1	1.0	0.334,1.0	1.0,1.0	-0.333
7498	"ENSG00000168906.8"	"MAT2A"	chr2	+	85768604	85768868	85768604	85768654	85768755	85768868	7498	55,44	1,1	12,18	0,0	197	99	1	1.0	0.965,0.957	1.0,1.0	-0.039
7503	"ENSG00000131469.8"	"RPL27"	chr17	+	41150493	41150848	41150493	41150549	41150765	41150848	7503	264,115	2,1	75,72	1,1	197	99	0.328377828276	1.0	0.985,0.983	0.974,0.973	0.01
7504	"ENSG00000131469.8"	"RPL27"	chr17	+	41150493	41150848	41150493	41150582	41150765	41150848	7504	298,112	6,10	79,83	4,2	197	99	0.696064494948	1.0	0.961,0.849	0.908,0.954	-0.026
7505	"ENSG00000111801.11"	"BTN3A3"	chr6	+	26444184	26446213	26444184	26444532	26445931	26446213	7505	0,2	1,6	2,1	2,1	197	99	0.320876936641	1.0	0.0,0.143	0.334,0.334	-0.263
7508	"ENSG00000182472.4"	"CAPN12"	chr19	-	39224958	39225510	39224958	39225029	39225452	39225510	7508	8,6	8,4	10,8	5,3	197	99	0.286386525828	1.0	0.334,0.43	0.501,0.573	-0.155
7509	"ENSG00000070444.10"	"MNT"	chr17	-	2291150	2291592	2291150	2291343	2291493	2291592	7509	2,25	0,2	4,4	0,0	197	99	1	1.0	1.0,0.863	1.0,1.0	-0.069
750	"ENSG00000122515.10"	"ZMIZ2"	chr7	+	44801047	44801504	44801047	44801192	44801293	44801504	750	42,33	32,19	30,20	22,14	197	99	0.862595977525	1.0	0.397,0.466	0.407,0.418	0.019
7511	"ENSG00000008513.10"	"ST3GAL1"	chr8	-	134487961	134488843	134487961	134488317	134488520	134488843	7511	8,2	6,6	3,2	5,3	197	99	0.856183865682	1.0	0.401,0.143	0.232,0.251	0.031
7512	"ENSG00000141738.9"	"GRB7"	chr17	+	37898818	37899307	37898818	37898969	37899150	37899307	7512	3,0	3,2	2,1	2,1	197	99	0.740614639103	1.0	0.334,0.0	0.334,0.334	-0.167
7513	"ENSG00000115234.6"	"SNX17"	chr2	+	27596951	27597300	27596951	27597042	27597212	27597300	7513	1,2	118,112	2,2	67,58	197	99	0.208647903327	1.0	0.004,0.009	0.015,0.017	-0.01
7514	"ENSG00000115234.6"	"SNX17"	chr2	+	27597555	27598020	27597555	27597625	27597927	27598020	7514	5,6	135,140	6,5	99,81	197	99	0.314478379615	1.0	0.018,0.021	0.03,0.03	-0.01
7515	"ENSG00000051523.6"	"CYBA"	chr16	-	88712523	88713246	88712523	88712605	88713162	88713246	7515	23,22	327,267	31,21	287,217	197	99	0.197218186328	1.0	0.034,0.04	0.051,0.046	-0.011
7516	"ENSG00000051523.6"	"CYBA"	chr16	-	88713162	88713583	88713162	88713246	88713508	88713583	7516	29,8	536,463	15,9	529,414	197	99	0.223417517844	1.0	0.026,0.009	0.014,0.011	0.005
7517	"ENSG00000117280.8"	"RAB7L1"	chr1	-	205743960	205744587	205743960	205744214	205744529	205744587	7517	26,12	3,0	8,7	1,0	197	99	0.781380667193	1.0	0.813,1.0	0.801,1.0	0.006
7518	"ENSG00000167778.4"	"SPRYD3"	chr12	-	53468432	53469003	53468432	53468568	53468878	53469003	7518	7,1	24,8	1,1	14,11	197	99	0.338456551513	1.0	0.128,0.059	0.035,0.044	0.054
7519	"ENSG00000165555.5"	"NOXRED1"	chr14	-	77872255	77873218	77872255	77872478	77873066	77873218	7519	4,3	1,0	0,1	1,0	197	99	0.824571742499	1.0	0.668,1.0	0.0,1.0	0.334
751	"ENSG00000101294.12"	"HM13"	chr20	+	30137866	30138274	30137866	30137924	30138104	30138274	751	4,20	2,0	12,7	2,1	197	99	0.875647022789	1.0	0.501,1.0	0.751,0.779	-0.015
7520	"ENSG00000171552.8"	"BCL2L1"	chr20	-	30309457	30310400	30309457	30310133	30310225	30310400	7520	195,199	1,0	58,45	0,0	190	99	0.566312085926	1.0	0.99,1.0	1.0,1.0	-0.005
7521	"ENSG00000171552.8"	"BCL2L1"	chr20	-	30309457	30310400	30309457	30310133	30310279	30310400	7521	231,108	1,1	143,167	1,1	197	99	0.882168841688	1.0	0.991,0.982	0.986,0.988	-0.001
7525	"ENSG00000166484.15"	"MAPK7"	chr17	+	19283920	19285779	19283920	19284999	19285093	19285779	7525	1,6	1,5	2,2	5,4	192	99	0.306804030682	1.0	0.34,0.382	0.171,0.205	0.173
7526	"ENSG00000073584.14"	"SMARCE1"	chr17	-	38787843	38788619	38787843	38787945	38788446	38788619	7526	15,12	207,271	12,7	209,161	197	99	0.834066534642	1.0	0.035,0.022	0.028,0.021	0.004
752	"ENSG00000101294.12"	"HM13"	chr20	+	30136801	30137020	30136801	30136917	30137009	30137020	752	3,1	148,106	0,0	17,16	190	99	0.712601256164	1.0	0.01,0.005	0.0,0.0	0.007
7531	"ENSG00000115226.5"	"FNDC4"	chr2	-	27716796	27717333	27716796	27717001	27717217	27717333	7531	2,1	14,4	1,1	8,5	197	99	0.842172130406	1.0	0.067,0.112	0.059,0.091	0.014
7532	"ENSG00000105640.8"	"RPL18A"	chr19	+	17972902	17973716	17972902	17973032	17973690	17973716	7532	4,1	0,2	2,3	0,0	197	99	1	1.0	1.0,0.201	1.0,1.0	-0.399
7534	"ENSG00000105640.8"	"RPL18A"	chr19	+	17971571	17972281	17971571	17971745	17972101	17972281	7534	22,18	0,0	18,12	1,0	197	99	1	1.0	1.0,1.0	0.9,1.0	0.05
7535	"ENSG00000105640.8"	"RPL18A"	chr19	+	17972101	17972281	17972101	17972116	17972233	17972281	7535	4885,3881	35,54	3657,2259	48,25	197	99	0.324997955572	1.0	0.986,0.973	0.975,0.978	0.003
7536	"ENSG00000250988.3"	"RP11-752G15.6"	chr15	+	83425655	83425958	83425655	83425691	83425797	83425958	7536	0,19	0,1	5,5	0,0	197	99	1	1.0	NA,0.905	1.0,1.0	-0.095
7540	"ENSG00000249115.4"	"HAUS5"	chr19	+	36104769	36104961	36104769	36104802	36104936	36104961	7540	2,8	48,53	7,5	46,32	197	99	0.343039905971	1.0	0.021,0.071	0.071,0.073	-0.026
7541	"ENSG00000249115.4"	"HAUS5"	chr19	+	36110514	36111025	36110514	36110660	36110913	36111025	7541	78,106	19,17	85,60	17,11	197	99	0.951086881396	1.0	0.674,0.758	0.715,0.733	-0.008
7543	"ENSG00000134955.7"	"SLC37A2"	chr11	+	124955849	124959131	124955849	124955914	124958014	124959131	7543	1,1	0,0	1,1	1,1	197	99	1	1.0	1.0,1.0	0.334,0.334	0.666
7548	"ENSG00000111011.13"	"RSRC2"	chr12	-	123003385	123005975	123003385	123003598	123005931	123005975	7548	43,28	7,0	31,21	3,3	197	99	0.647202924766	1.0	0.755,1.0	0.839,0.779	0.069
7549	"ENSG00000255104.3"	"ZNF286A"	chr17	+	15603448	15603680	15603448	15603482	15603586	15603680	7549	20,33	6,1	21,16	3,3	197	99	0.80624981105	1.0	0.626,0.943	0.779,0.728	0.031
7551	"ENSG00000175931.8"	"UBE2O"	chr17	-	74387836	74388063	74387836	74387894	74387990	74388063	7551	1,17	23,112	2,3	39,39	194	99	0.293931210294	1.0	0.022,0.072	0.026,0.038	0.015
7554	"ENSG00000165810.12"	"BTNL9"	chr5	+	180482432	180483015	180482432	180482453	180482988	180483015	7554	47,46	3,10	28,18	5,3	197	99	0.645809706474	1.0	0.887,0.698	0.738,0.751	0.048
7556	"ENSG00000165810.12"	"BTNL9"	chr5	+	180480048	180480316	180480048	180480099	180480199	180480316	7556	9,24	0,3	11,6	1,1	197	99	0.678099455119	1.0	1.0,0.801	0.847,0.751	0.102
7557	"ENSG00000204209.6"	"DAXX"	chr6	-	33287787	33288237	33287787	33288001	33288089	33288237	7557	0,35	2,0	10,10	0,0	186	99	1	1.0	0.0,1.0	1.0,1.0	-0.5
7558	"ENSG00000068831.14"	"RASGRP2"	chr11	-	64503013	64503452	64503013	64503136	64503374	64503452	7558	1,0	10,1	0,0	6,4	197	99	1	1.0	0.048,0.0	0.0,0.0	0.024
7559	"ENSG00000107651.8"	"SEC23IP"	chr10	+	121657938	121658471	121657938	121658030	121658375	121658471	7559	52,49	1,0	2,2	0,0	197	99	1	1.0	0.963,1.0	1.0,1.0	-0.018
7562	"ENSG00000141140.12"	"MYO19"	chr17	-	34859789	34861016	34859789	34859860	34860783	34861016	7562	13,7	1,1	2,2	0,0	197	99	1	1.0	0.867,0.779	1.0,1.0	-0.177
7565	"ENSG00000129566.8"	"TEP1"	chr14	-	20833825	20836718	20833825	20835262	20836066	20836718	7565	1,4	0,1	6,3	0,0	197	99	1	1.0	1.0,0.668	1.0,1.0	-0.166
7567	"ENSG00000121236.15"	"TRIM6"	chr11	+	5624475	5624965	5624475	5624791	5624869	5624965	7567	0,26	1,5	27,13	1,0	176	99	0.290480342923	1.0	0.0,0.745	0.938,1.0	-0.597
7570	"ENSG00000120616.11"	"EPC1"	chr10	-	32580090	32581572	32580090	32580250	32581423	32581572	7570	2,0	39,32	1,0	25,16	197	99	0.920570284085	1.0	0.025,0.0	0.02,0.0	0.003
7571	"ENSG00000268895.1"	"A1BG-AS1"	chr19	+	58865079	58866549	58865079	58865223	58865734	58866549	7571	15,13	10,1	5,4	2,2	197	99	0.682972749021	1.0	0.43,0.867	0.557,0.501	0.119
7574	"ENSG00000100889.7"	"PCK2"	chr14	+	24567411	24567887	24567411	24567596	24567683	24567887	7574	3,0	18,3	4,3	18,13	185	99	0.778606125542	1.0	0.082,0.0	0.106,0.11	-0.067
7577	"ENSG00000177106.10"	"EPS8L2"	chr11	+	709552	710486	709552	709608	710421	710486	7577	3,2	7,6	4,2	9,5	197	99	0.934434711601	1.0	0.177,0.143	0.183,0.167	-0.015
758	"ENSG00000070761.3"	"C16orf80"	chr16	-	58148713	58149361	58148713	58148841	58149172	58149361	758	6,11	2,0	7,9	0,0	197	99	1	1.0	0.601,1.0	1.0,1.0	-0.2
759	"ENSG00000161914.5"	"ZNF653"	chr19	-	11597801	11598718	11597801	11597973	11598106	11598718	759	0,4	8,10	2,2	9,6	197	99	0.807733995834	1.0	0.0,0.167	0.1,0.143	-0.038
761	"ENSG00000108528.9"	"SLC25A11"	chr17	-	4841317	4841508	4841317	4841362	4841448	4841508	761	91,52	2,0	12,10	0,0	184	99	1	1.0	0.961,1.0	1.0,1.0	-0.02
762	"ENSG00000108528.9"	"SLC25A11"	chr17	-	4841448	4841724	4841448	4841508	4841633	4841724	762	59,37	1,0	24,23	0,0	197	99	1	1.0	0.967,1.0	1.0,1.0	-0.016
763	"ENSG00000108528.9"	"SLC25A11"	chr17	-	4841448	4841724	4841448	4841548	4841633	4841724	763	9,3	62,50	3,2	58,43	183	99	0.234225218401	1.0	0.073,0.031	0.027,0.025	0.026
765	"ENSG00000175455.10"	"CCDC14"	chr3	-	123674689	123674962	123674689	123674812	123674892	123674962	765	19,25	26,34	20,14	20,13	178	99	0.299732559142	1.0	0.289,0.29	0.357,0.375	-0.077
766	"ENSG00000175455.10"	"CCDC14"	chr3	-	123674689	123675642	123674689	123674812	123675586	123675642	766	48,33	0,3	36,29	2,1	197	99	0.841879917439	1.0	1.0,0.847	0.9,0.936	0.005
771	"ENSG00000175455.10"	"CCDC14"	chr3	-	123675201	123675642	123675201	123675274	123675495	123675642	771	77,55	0,1	60,46	1,1	197	99	0.536999323131	1.0	1.0,0.965	0.968,0.959	0.019
774	"ENSG00000100099.16"	"HPS4"	chr22	-	26862191	26864589	26862191	26862228	26864516	26864589	774	4,16	11,6	9,6	6,5	197	99	0.758487872255	1.0	0.155,0.573	0.43,0.376	-0.039
776	"ENSG00000085662.9"	"AKR1B1"	chr7	-	134132049	134132813	134132049	134132133	134132731	134132813	776	0,1	7,9	2,1	7,5	197	99	0.395004098725	1.0	0.0,0.053	0.126,0.091	-0.082
777	"ENSG00000118640.6"	"VAMP8"	chr2	+	85808698	85809154	85808698	85808825	85808933	85809154	777	965,817	2,1	433,497	0,0	197	99	1	1.0	0.996,0.998	1.0,1.0	-0.003
780	"ENSG00000020577.9"	"SAMD4A"	chr14	+	55251057	55251338	55251057	55251165	55251254	55251338	780	17,2	3,5	4,4	2,1	187	99	0.779672957421	1.0	0.75,0.175	0.514,0.679	-0.134
782	"ENSG00000137563.7"	"GGH"	chr8	-	63936465	63936745	63936465	63936556	63936638	63936745	782	5,0	260,238	4,3	152,126	180	99	0.190233818752	1.0	0.01,0.0	0.014,0.013	-0.009
784	"ENSG00000005448.12"	"WDR54"	chr2	+	74648890	74649502	74648890	74648921	74649279	74649502	784	15,7	1,0	6,4	0,0	197	99	1	1.0	0.883,1.0	1.0,1.0	-0.058
787	"ENSG00000141504.7"	"SAT2"	chr17	-	7530460	7530732	7530460	7530493	7530680	7530732	787	23,13	2,0	0,1	0,0	197	99	1	1.0	0.852,1.0	NA,1.0	-0.074
788	"ENSG00000141504.7"	"SAT2"	chr17	-	7530680	7531120	7530680	7530732	7530870	7531120	788	3,8	5,16	5,3	7,3	197	99	0.459066975611	1.0	0.232,0.201	0.264,0.334	-0.083
790	"ENSG00000141504.7"	"SAT2"	chr17	-	7530260	7530493	7530260	7530362	7530460	7530493	790	4,4	13,4	0,0	0,1	196	99	1	1.0	0.135,0.336	NA,0.0	0.236
791	"ENSG00000013306.11"	"SLC25A39"	chr17	-	42397563	42397804	42397563	42397644	42397722	42397804	791	20,50	447,399	31,19	367,289	176	99	0.746627883307	1.0	0.025,0.066	0.045,0.036	0.005
792	"ENSG00000013306.11"	"SLC25A39"	chr17	-	42398425	42398926	42398425	42398599	42398745	42398926	792	13,186	0,2	26,20	0,0	197	99	1	1.0	1.0,0.979	1.0,1.0	-0.01
793	"ENSG00000013306.11"	"SLC25A39"	chr17	-	42398425	42398926	42398425	42398599	42398801	42398926	793	95,193	328,408	121,74	334,233	197	99	0.477015783428	1.0	0.127,0.192	0.154,0.138	0.013
795	"ENSG00000184110.10"	"EIF3C"	chr16	+	28745840	28746164	28745840	28746000	28746098	28746164	795	0,3	3,10	1,1	5,3	196	99	0.865140280224	1.0	0.0,0.132	0.092,0.144	-0.052
797	"ENSG00000139112.6"	"GABARAPL1"	chr12	+	10366434	10366786	10366434	10366573	10366672	10366786	797	9,2	0,0	7,5	1,1	197	99	1	1.0	1.0,1.0	0.779,0.715	0.253
799	"ENSG00000241370.1"	"RPP21"	chr6	+	30313074	30313350	30313074	30313175	30313267	30313350	799	19,50	120,181	21,12	114,85	190	99	0.254101937163	1.0	0.076,0.126	0.088,0.069	0.023
7	"ENSG00000117528.7"	"ABCD3"	chr1	+	94947048	94948795	94947048	94947111	94948725	94948795	7	0,1	0,2	1,1	0,0	197	99	1	1.0	NA,0.201	1.0,1.0	-0.799
801	"ENSG00000241370.1"	"RPP21"	chr6	+	30313074	30314334	30313074	30313175	30314208	30314334	801	45,57	0,8	35,21	2,2	197	99	0.826336314315	1.0	1.0,0.782	0.898,0.841	0.022
802	"ENSG00000241370.1"	"RPP21"	chr6	+	30313074	30313350	30313074	30313175	30313243	30313350	802	15,36	3,7	13,8	2,1	166	99	0.726073840396	1.0	0.749,0.754	0.795,0.827	-0.059
803	"ENSG00000241370.1"	"RPP21"	chr6	+	30313074	30314334	30313074	30313350	30314208	30314334	803	44,41	241,389	35,22	235,171	197	99	0.874035654892	1.0	0.084,0.05	0.07,0.061	0.002
804	"ENSG00000196072.7"	"BLOC1S2"	chr10	-	102045853	102046114	102045853	102045970	102046057	102046114	804	1,3	0,0	8,6	1,0	185	99	1	1.0	1.0,1.0	0.811,1.0	0.095
806	"ENSG00000205639.5"	"MFSD2B"	chr2	+	24245999	24246596	24245999	24246109	24246452	24246596	806	3,5	5,0	4,3	4,3	197	99	0.334949883292	1.0	0.232,1.0	0.334,0.334	0.282
807	"ENSG00000114650.14"	"SCAP"	chr3	-	47462420	47462855	47462420	47462519	47462678	47462855	807	2,8	1,0	4,4	0,0	197	99	1	1.0	0.501,1.0	1.0,1.0	-0.25
80	"ENSG00000011275.14"	"RNF216"	chr7	-	5778906	5779123	5778906	5778983	5779084	5779123	80	10,6	1,0	4,5	0,0	197	99	1	1.0	0.834,1.0	1.0,1.0	-0.083
810	"ENSG00000167962.8"	"ZNF598"	chr16	-	2052206	2052733	2052206	2052424	2052521	2052733	810	25,34	80,146	21,15	94,67	195	99	0.58504912864	1.0	0.137,0.106	0.102,0.102	0.02
811	"ENSG00000167962.8"	"ZNF598"	chr16	-	2049496	2050482	2049496	2050257	2050391	2050482	811	16,29	58,102	18,13	77,54	197	99	0.579444176383	1.0	0.122,0.125	0.105,0.108	0.017
812	"ENSG00000167962.8"	"ZNF598"	chr16	-	2049496	2050482	2049496	2050257	2050409	2050482	812	72,129	42,81	92,65	72,48	197	99	0.258370818949	1.0	0.463,0.445	0.391,0.405	0.056
813	"ENSG00000182484.10"	"WASH6P"	chrX	+	155251663	155252124	155251663	155251810	155251978	155252124	813	0,5	10,22	1,0	14,10	197	99	0.908908287042	1.0	0.0,0.103	0.035,0.0	0.034
814	"ENSG00000182484.10"	"WASH6P"	chrX	+	155251978	155252499	155251978	155252124	155252363	155252499	814	25,4	1,1	24,14	1,0	197	99	0.677665540555	1.0	0.926,0.668	0.923,1.0	-0.164
817	"ENSG00000182484.10"	"WASH6P"	chrX	+	155251987	155252124	155251987	155252046	155252100	155252124	817	12,27	2,0	10,8	0,0	152	99	1	1.0	0.796,1.0	1.0,1.0	-0.102
818	"ENSG00000182484.10"	"WASH6P"	chrX	+	155251663	155252124	155251663	155251810	155251987	155252124	818	9,22	8,3	15,10	5,4	197	99	0.94844611042	1.0	0.361,0.787	0.601,0.557	-0.005
827	"ENSG00000180891.8"	"CUEDC1"	chr17	-	55943834	55944776	55943834	55943905	55944717	55944776	827	4,0	2,0	0,0	1,1	197	99	1	1.0	0.501,NA	0.0,0.0	0.501
829	"ENSG00000173681.12"	"CXorf23"	chrX	-	19932280	19932510	19932280	19932386	19932468	19932510	829	1,12	0,3	2,2	0,0	180	99	1	1.0	1.0,0.688	1.0,1.0	-0.156
82	"ENSG00000178752.11"	"FAM132B"	chr2	+	239076512	239077516	239076512	239076726	239077011	239077516	82	32,1	0,0	14,12	1,1	197	99	1	1.0	1.0,1.0	0.876,0.858	0.133
831	"ENSG00000139613.7"	"SMARCC2"	chr12	-	56574760	56575381	56574760	56574885	56575265	56575381	831	43,33	350,259	46,29	294,199	197	99	0.329990588145	1.0	0.058,0.06	0.073,0.068	-0.012
832	"ENSG00000139613.7"	"SMARCC2"	chr12	-	56574760	56575381	56574760	56574885	56575162	56575381	832	15,21	0,2	5,7	0,0	197	99	1	1.0	1.0,0.841	1.0,1.0	-0.08
835	"ENSG00000179091.4"	"CYC1"	chr8	+	145150388	145150932	145150388	145150576	145150735	145150932	835	16,28	0,0	15,13	1,1	197	99	1	1.0	1.0,1.0	0.883,0.867	0.125
837	"ENSG00000185101.8"	"ANO9"	chr11	-	419581	420860	419581	420615	420717	420860	837	5,6	1,1	8,4	4,2	197	99	0.336095895147	1.0	0.715,0.751	0.501,0.501	0.232
838	"ENSG00000185101.8"	"ANO9"	chr11	-	431693	431906	431693	431767	431847	431906	838	6,1	13,5	5,3	5,3	178	99	0.185364824422	1.0	0.204,0.1	0.357,0.357	-0.205
839	"ENSG00000185101.8"	"ANO9"	chr11	-	419581	420615	419581	419729	420462	420615	839	23,16	5,2	18,12	3,2	197	99	0.848082959657	1.0	0.698,0.801	0.751,0.751	-0.001
840	"ENSG00000185101.8"	"ANO9"	chr11	-	418719	418989	418719	418813	418887	418989	840	71,43	67,31	57,38	45,25	172	99	0.523272266867	1.0	0.379,0.444	0.422,0.467	-0.033
844	"ENSG00000168090.5"	"COPS6"	chr7	+	99688214	99688775	99688214	99688277	99688660	99688775	844	3,21	1,5	16,12	4,4	197	99	0.903381175959	1.0	0.601,0.679	0.668,0.601	0.005
845	"ENSG00000132300.14"	"PTCD3"	chr2	+	86360300	86360559	86360300	86360379	86360468	86360559	845	36,45	70,89	25,19	63,49	187	99	0.324032228857	1.0	0.214,0.211	0.174,0.17	0.041
846	"ENSG00000132300.14"	"PTCD3"	chr2	+	86357770	86358229	86357770	86357860	86358200	86358229	846	30,57	418,424	27,19	266,228	197	99	0.718330129019	1.0	0.035,0.063	0.049,0.04	0.005
850	"ENSG00000103876.7"	"FAH"	chr15	+	80445135	80445477	80445135	80445183	80445367	80445477	850	87,45	5,5	63,53	5,3	197	99	0.913076810678	1.0	0.897,0.819	0.864,0.899	-0.023
852	"ENSG00000204348.5"	"DXO"	chr6	-	31938382	31938924	31938382	31938529	31938688	31938924	852	72,61	7,12	78,50	10,7	197	99	0.837251442803	1.0	0.838,0.719	0.797,0.782	-0.011
853	"ENSG00000204348.5"	"DXO"	chr6	-	31938382	31938924	31938382	31938602	31938688	31938924	853	21,25	19,22	28,16	22,14	184	99	0.800877141387	1.0	0.373,0.379	0.406,0.381	-0.018
856	"ENSG00000204348.5"	"DXO"	chr6	-	31938119	31938602	31938119	31938255	31938382	31938602	856	46,11	29,33	22,19	36,25	197	99	0.712925127021	1.0	0.444,0.143	0.235,0.276	0.038
858	"ENSG00000160972.5"	"PPP1R16A"	chr8	+	145725478	145725774	145725478	145725582	145725649	145725774	858	2,0	7,4	3,2	7,5	165	99	0.479635118891	1.0	0.146,0.0	0.205,0.194	-0.127
85	"ENSG00000156515.17"	"HK1"	chr10	+	71144088	71144671	71144088	71144237	71144551	71144671	85	15,6	749,589	9,7	546,479	197	99	1	1.0	0.01,0.005	0.008,0.007	0.0
860	"ENSG00000115548.12"	"KDM3A"	chr2	+	86704999	86705388	86704999	86705152	86705292	86705388	860	0,8	141,91	8,5	153,105	197	99	0.492924284345	1.0	0.0,0.042	0.026,0.023	-0.003
864	"ENSG00000115548.12"	"KDM3A"	chr2	+	86716642	86718180	86716642	86716782	86718003	86718180	864	7,2	90,45	13,7	99,63	197	99	0.203357456851	1.0	0.038,0.022	0.062,0.053	-0.027
866	"ENSG00000109736.10"	"MFSD10"	chr4	-	2933101	2933663	2933101	2933192	2933551	2933663	866	15,31	0,1	27,18	1,1	197	99	0.926654160888	1.0	1.0,0.94	0.931,0.9	0.054
867	"ENSG00000109736.10"	"MFSD10"	chr4	-	2933551	2933880	2933551	2933663	2933771	2933880	867	13,7	69,47	11,8	42,30	197	99	0.227149315055	1.0	0.086,0.07	0.116,0.118	-0.039
868	"ENSG00000109736.10"	"MFSD10"	chr4	-	2934326	2934936	2934326	2934485	2934832	2934936	868	36,11	24,17	24,18	20,14	197	99	0.72557687584	1.0	0.43,0.245	0.376,0.393	-0.047
869	"ENSG00000109736.10"	"MFSD10"	chr4	-	2934326	2934936	2934326	2934460	2934832	2934936	869	19,51	0,2	34,29	0,0	197	99	1	1.0	1.0,0.928	1.0,1.0	-0.036
86	"ENSG00000163704.7"	"PRRT3"	chr3	-	9987225	9989685	9987225	9987395	9987768	9989685	86	3,1	1,1	2,2	0,0	197	99	1	1.0	0.601,0.334	1.0,1.0	-0.532
871	"ENSG00000139625.8"	"MAP3K12"	chr12	-	53878040	53878998	53878040	53878149	53878839	53878998	871	2,8	2,5	7,4	4,2	197	99	0.923503160807	1.0	0.334,0.446	0.468,0.501	-0.095
872	"ENSG00000139625.8"	"MAP3K12"	chr12	-	53880730	53881212	53880730	53880939	53881038	53881212	872	0,0	1,1	1,0	0,0	197	99	1	1.0	0.0,0.0	1.0,NA	-1.0
874	"ENSG00000139625.8"	"MAP3K12"	chr12	-	53878040	53878998	53878040	53878112	53878839	53878998	874	5,6	0,1	1,1	0,0	197	99	1	1.0	1.0,0.751	1.0,1.0	-0.125
879	"ENSG00000012171.13"	"SEMA3B"	chr3	+	50312442	50312890	50312442	50312484	50312732	50312890	879	1,0	0,0	1,1	1,0	197	99	1	1.0	1.0,NA	0.334,1.0	0.333
880	"ENSG00000012171.13"	"SEMA3B"	chr3	+	50311343	50312013	50311343	50311488	50311793	50312013	880	7,1	7,9	4,2	7,4	197	99	0.846185726553	1.0	0.334,0.053	0.223,0.201	-0.019
882	"ENSG00000012171.13"	"SEMA3B"	chr3	+	50310965	50311259	50310965	50311077	50311189	50311259	882	3,3	3,0	1,1	0,0	197	99	1	1.0	0.334,1.0	1.0,1.0	-0.333
884	"ENSG00000113108.13"	"APBB3"	chr5	-	139941171	139941812	139941171	139941307	139941684	139941812	884	48,59	1,0	19,20	0,0	197	99	1	1.0	0.96,1.0	1.0,1.0	-0.02
885	"ENSG00000113108.13"	"APBB3"	chr5	-	139941171	139941812	139941171	139941286	139941684	139941812	885	65,57	6,4	44,30	2,1	197	99	0.538962180839	1.0	0.845,0.877	0.917,0.938	-0.067
886	"ENSG00000113108.13"	"APBB3"	chr5	-	139941171	139941434	139941171	139941307	139941428	139941434	886	32,36	1,1	23,19	1,1	197	99	0.55247772435	1.0	0.941,0.948	0.92,0.905	0.032
888	"ENSG00000105677.7"	"TMEM147"	chr19	+	36037573	36037931	36037573	36037710	36037846	36037931	888	13,19	390,312	11,7	282,227	197	99	0.498228918548	1.0	0.016,0.03	0.019,0.015	0.006
889	"ENSG00000105677.7"	"TMEM147"	chr19	+	36037573	36038142	36037573	36037710	36038020	36038142	889	3,21	5,0	9,8	0,1	197	99	0.231230031969	1.0	0.232,1.0	1.0,0.801	-0.285
890	"ENSG00000105677.7"	"TMEM147"	chr19	+	36037573	36038142	36037573	36037931	36038020	36038142	890	23,20	407,392	15,13	276,220	187	99	0.809656880952	1.0	0.029,0.026	0.028,0.03	-0.001
893	"ENSG00000140829.7"	"DHX38"	chr16	+	72132825	72133179	72132825	72132944	72133102	72133179	893	9,5	133,129	3,1	103,69	197	99	0.270897347619	1.0	0.033,0.019	0.014,0.007	0.016
897	"ENSG00000133247.9"	"SUV420H2"	chr19	+	55853161	55853748	55853161	55853414	55853582	55853748	897	21,4	23,12	14,8	17,11	197	99	0.721762739372	1.0	0.315,0.143	0.293,0.268	-0.051
8	"ENSG00000145191.7"	"EIF2B5"	chr3	+	183855407	183855863	183855407	183855593	183855685	183855863	8	12,6	82,126	7,7	80,60	190	99	0.654621552817	1.0	0.071,0.024	0.044,0.057	-0.003
901	"ENSG00000171224.7"	"C10orf35"	chr10	+	71391235	71391595	71391235	71391303	71391464	71391595	901	4,0	17,18	3,2	15,10	197	99	0.419704353279	1.0	0.106,0.0	0.091,0.091	-0.038
907	"ENSG00000159214.8"	"CCDC24"	chr1	+	44459561	44460834	44459561	44459636	44460779	44460834	907	3,3	8,0	5,4	4,2	197	99	0.416165071499	1.0	0.159,1.0	0.386,0.501	0.136
912	"ENSG00000070010.14"	"UFD1L"	chr22	-	19438143	19442353	19438143	19438267	19442324	19442353	912	458,302	1,1	327,272	2,1	197	99	0.561277067055	1.0	0.996,0.993	0.988,0.993	0.004
913	"ENSG00000070010.14"	"UFD1L"	chr22	-	19438143	19442353	19438143	19438260	19442271	19442353	913	432,276	1,0	49,44	0,0	197	99	0.501624062227	1.0	0.995,1.0	1.0,1.0	-0.002
917	"ENSG00000196182.6"	"STK40"	chr1	-	36805224	36809049	36805224	36807574	36808964	36809049	917	3,2	38,70	4,3	64,48	197	99	0.701744845466	1.0	0.038,0.014	0.03,0.03	-0.004
928	"ENSG00000170515.9"	"PA2G4"	chr12	+	56505259	56505471	56505259	56505313	56505409	56505471	928	9,9	3,0	5,5	0,0	194	99	1	1.0	0.605,1.0	1.0,1.0	-0.198
929	"ENSG00000170515.9"	"PA2G4"	chr12	+	56500835	56501003	56500835	56500879	56500970	56501003	929	2,3	1715,1562	1,2	657,858	189	99	1	1.0	0.001,0.001	0.001,0.001	0.0
935	"ENSG00000115827.9"	"DCAF17"	chr2	+	172306388	172306585	172306388	172306467	172306566	172306585	935	0,3	1,0	1,1	0,0	197	99	1	1.0	0.0,1.0	1.0,1.0	-0.5
938	"ENSG00000165272.10"	"AQP3"	chr9	-	33442849	33443456	33442849	33442968	33443318	33443456	938	1,8	74,83	7,3	88,55	197	99	0.695533394573	1.0	0.007,0.046	0.038,0.027	-0.006
940	"ENSG00000213339.4"	"QTRT1"	chr19	+	10822836	10823304	10822836	10822975	10823228	10823304	940	56,27	56,22	35,25	33,26	197	99	0.890096862717	1.0	0.334,0.381	0.348,0.326	0.021
941	"ENSG00000213339.4"	"QTRT1"	chr19	+	10812625	10812930	10812625	10812694	10812791	10812930	941	12,1	50,25	5,3	32,20	195	99	0.877767975252	1.0	0.109,0.02	0.073,0.071	-0.007
943	"ENSG00000106948.12"	"AKNA"	chr9	-	117105987	117108289	117105987	117106083	117108142	117108289	943	5,0	0,7	3,3	25,19	197	99	0.321334155412	1.0	1.0,0.0	0.057,0.074	0.434
947	"ENSG00000188878.12"	"FBF1"	chr17	-	73910202	73911013	73910202	73910379	73910827	73911013	947	4,4	11,1	4,3	3,2	197	99	0.639911395616	1.0	0.155,0.668	0.401,0.43	-0.004
949	"ENSG00000188878.12"	"FBF1"	chr17	-	73916087	73916510	73916087	73916188	73916354	73916510	949	6,1	6,0	3,2	3,2	197	99	0.658930205298	1.0	0.334,1.0	0.334,0.334	0.333
951	"ENSG00000196498.9"	"NCOR2"	chr12	-	124818969	124819826	124818969	124819163	124819680	124819826	951	4,6	45,51	5,3	75,46	197	99	0.372920872818	1.0	0.043,0.056	0.032,0.032	0.018
952	"ENSG00000109332.15"	"UBE2D3"	chr4	-	103722610	103723795	103722610	103722716	103723717	103723795	952	3,7	723,540	14,9	568,449	197	99	0.427534175399	1.0	0.002,0.006	0.012,0.01	-0.007
953	"ENSG00000109332.15"	"UBE2D3"	chr4	-	103747641	103748001	103747641	103747793	103747924	103748001	953	345,445	0,9	348,268	3,2	197	99	0.708195229707	1.0	1.0,0.961	0.983,0.985	-0.004
955	"ENSG00000170142.7"	"UBE2E1"	chr3	+	23848579	23848912	23848579	23848690	23848820	23848912	955	465,387	0,0	371,319	1,1	197	99	1	1.0	1.0,1.0	0.995,0.994	0.006
958	"ENSG00000205250.4"	"E2F4"	chr16	+	67226663	67227073	67226663	67226727	67226911	67227073	958	238,282	3,0	249,195	1,1	197	99	0.78156349102	1.0	0.976,1.0	0.992,0.99	-0.003
959	"ENSG00000205250.4"	"E2F4"	chr16	+	67226663	67227181	67226663	67226773	67226969	67227181	959	234,161	0,2	95,104	0,0	197	99	0.83149293115	1.0	1.0,0.976	1.0,1.0	-0.012
95	"ENSG00000108187.11"	"PBLD"	chr10	-	70042820	70044046	70042820	70043047	70043871	70044046	95	0,5	0,1	3,4	0,0	197	99	1	1.0	NA,0.715	1.0,1.0	-0.285
960	"ENSG00000205250.4"	"E2F4"	chr16	+	67226663	67227073	67226663	67226773	67226911	67227073	960	52,66	195,260	65,41	190,143	197	99	0.269792175821	1.0	0.118,0.113	0.147,0.126	-0.021
961	"ENSG00000205250.4"	"E2F4"	chr16	+	67226911	67227387	67226911	67227073	67227384	67227387	961	4,0	0,0	2,3	1,1	197	99	1	1.0	1.0,NA	0.501,0.601	0.449
962	"ENSG00000110811.15"	"LEPREL2"	chr12	+	6942755	6943213	6942755	6942808	6943088	6943213	962	4,1	2,2	2,2	0,0	197	99	1	1.0	0.501,0.201	1.0,1.0	-0.649
964	"ENSG00000139579.8"	"NABP2"	chr12	+	56619962	56620203	56619962	56620044	56620139	56620203	964	3,0	85,147	3,2	99,71	193	99	0.342847949479	1.0	0.018,0.0	0.015,0.014	-0.005
965	"ENSG00000103024.3"	"NME3"	chr16	-	1821070	1821411	1821070	1821192	1821280	1821411	965	1,10	0,1	4,3	0,0	186	99	1	1.0	1.0,0.842	1.0,1.0	-0.079
967	"ENSG00000103024.3"	"NME3"	chr16	-	1821070	1821411	1821070	1821172	1821269	1821411	967	5,8	1,0	5,3	0,0	195	99	1	1.0	0.717,1.0	1.0,1.0	-0.141
968	"ENSG00000103024.3"	"NME3"	chr16	-	1821070	1821411	1821070	1821172	1821280	1821411	968	5,10	4,13	8,4	7,4	197	99	0.770460709368	1.0	0.386,0.279	0.365,0.334	-0.017
969	"ENSG00000103024.3"	"NME3"	chr16	-	1820881	1821411	1820881	1820994	1821070	1821411	969	3,3	4,13	6,3	16,8	174	99	0.900504122423	1.0	0.299,0.116	0.176,0.176	0.032
96	"ENSG00000118515.7"	"SGK1"	chr6	-	134491963	134492316	134491963	134492053	134492160	134492316	96	6,4	17,2	4,2	7,3	197	99	0.834830540508	1.0	0.151,0.501	0.223,0.251	0.089
971	"ENSG00000174021.6"	"GNG5"	chr1	-	84971693	84972248	84971693	84971984	84972118	84972248	971	9,5	19,37	6,5	20,12	197	99	0.527809072957	1.0	0.192,0.064	0.131,0.173	-0.024
974	"ENSG00000141503.11"	"MINK1"	chr17	+	4797285	4797511	4797285	4797388	4797468	4797511	974	3,5	50,41	3,4	27,32	178	99	0.520182784426	1.0	0.032,0.064	0.058,0.065	-0.013
975	"ENSG00000141503.11"	"MINK1"	chr17	+	4792941	4794030	4792941	4793058	4793811	4794030	975	11,11	9,5	15,8	9,6	197	99	0.908254482901	1.0	0.381,0.525	0.456,0.401	0.025
976	"ENSG00000141503.11"	"MINK1"	chr17	+	4792941	4794030	4792941	4793058	4793516	4794030	976	4,3	0,0	4,3	1,0	197	99	1	1.0	1.0,1.0	0.668,1.0	0.166
978	"ENSG00000111642.10"	"CHD4"	chr12	-	6692192	6692544	6692192	6692279	6692363	6692544	978	17,36	379,295	18,13	230,190	182	99	0.859021718568	1.0	0.024,0.062	0.041,0.036	0.004
97	"ENSG00000118515.7"	"SGK1"	chr6	-	134494411	134494704	134494411	134494495	134494599	134494704	97	2,0	10,8	2,1	8,5	197	99	0.45328312118	1.0	0.091,0.0	0.112,0.091	-0.056
983	"ENSG00000106133.13"	"NSUN5P2"	chr7	-	72419430	72419641	72419430	72419519	72419591	72419641	983	28,37	0,2	18,13	1,1	170	99	0.354710146977	1.0	1.0,0.915	0.913,0.883	0.059
984	"ENSG00000125637.11"	"PSD4"	chr2	+	113942941	113943832	113942941	113943017	113943660	113943832	984	38,28	0,1	16,16	0,0	197	99	1	1.0	1.0,0.934	1.0,1.0	-0.033
985	"ENSG00000125637.11"	"PSD4"	chr2	+	113942941	113943832	113942941	113943017	113943537	113943832	985	54,19	0,3	26,28	0,0	197	99	0.45273693199	1.0	1.0,0.761	1.0,1.0	-0.119
986	"ENSG00000125637.11"	"PSD4"	chr2	+	113942941	113943832	113942941	113943017	113943453	113943832	986	44,37	48,43	28,22	36,27	197	99	0.685889503209	1.0	0.315,0.302	0.281,0.291	0.022
98	"ENSG00000118515.7"	"SGK1"	chr6	-	134495648	134495999	134495648	134495724	134495869	134495999	98	2,0	6,6	2,1	6,3	197	99	0.522196858997	1.0	0.143,0.0	0.143,0.143	-0.071
991	"ENSG00000233927.4"	"RPS28"	chr19	+	8386539	8386975	8386539	8386587	8386836	8386975	991	66,58	4256,3845	74,38	3757,2860	197	99	1	1.0	0.008,0.008	0.01,0.007	-0.001
996	"ENSG00000182199.6"	"SHMT2"	chr12	+	57624585	57625696	57624585	57624783	57625495	57625696	996	0,17	16,9	16,9	12,9	197	99	0.239751761098	1.0	0.0,0.487	0.401,0.334	-0.124
998	"ENSG00000182199.6"	"SHMT2"	chr12	+	57625993	57626358	57625993	57626075	57626207	57626358	998	10,0	12,24	7,4	15,10	197	99	0.443619052657	1.0	0.295,0.0	0.19,0.167	-0.031
9	"ENSG00000145191.7"	"EIF2B5"	chr3	+	183860839	183862012	183860839	183861353	183861915	183862012	9	160,140	3,0	97,74	0,0	197	99	0.908566500157	1.0	0.964,1.0	1.0,1.0	-0.018
